--- Running generation for Mcu ---
[DEBUG] EBTemplateEngine: adding module Mcu (variant=v)
[DEBUG] load_module: Loading module 'Mcu' (variant=v)
[DEBUG] DEBUG_OVERLAY: Tree root created: Mcu (path=/Mcu)
[DEBUG] DEBUG_OVERLAY: Processing module container definition: McuGeneralConfiguration, found 1 instances
[DEBUG] DEBUG_OVERLAY: Processing sub-containers for instance: McuGeneralConfiguration_0 (path=/Mcu/McuGeneralConfiguration/McuGeneralConfiguration_0)
[DEBUG] DEBUG_OVERLAY: Processing module container definition: McuModuleConfiguration, found 1 instances
[DEBUG] DEBUG_OVERLAY: Processing sub-containers for instance: McuModuleConfiguration_0 (path=/Mcu/McuModuleConfiguration/McuModuleConfiguration_0)
[DEBUG] DEBUG_OVERLAY:   Checking sub-container def McuSysPllClk_Configuration for node McuClockSettingConfig_0, found 1 matches
[DEBUG] DEBUG_OVERLAY:   Checking sub-container def McuPerPllClk_Configuration for node McuClockSettingConfig_0, found 1 matches
[DEBUG] DEBUG_OVERLAY:   Checking sub-container def McuSysClkDiv_Configuration for node McuClockSettingConfig_0, found 1 matches
[DEBUG] DEBUG_OVERLAY:   Checking sub-container def McuGTMClk_Configuration for node McuClockSettingConfig_0, found 1 matches
[DEBUG] DEBUG_OVERLAY:   Checking sub-container def McuMSCClk_Configuration for node McuClockSettingConfig_0, found 1 matches
[DEBUG] DEBUG_OVERLAY:   Checking sub-container def McuESPIClk_Configuration for node McuClockSettingConfig_0, found 1 matches
[DEBUG] DEBUG_OVERLAY:   Checking sub-container def McuWDTClk_Configuration for node McuClockSettingConfig_0, found 1 matches
[DEBUG] DEBUG_OVERLAY:   Checking sub-container def McuCanClk_Configuration for node McuClockSettingConfig_0, found 1 matches
[DEBUG] DEBUG_OVERLAY:   Checking sub-container def McuDMAClk_Configuration for node McuClockSettingConfig_0, found 1 matches
[DEBUG] DEBUG_OVERLAY:   Checking sub-container def McuSarAdcClk_Configuration for node McuClockSettingConfig_0, found 1 matches
[DEBUG] DEBUG_OVERLAY:   Checking sub-container def McuBaseTimerClk_Configuration for node McuClockSettingConfig_0, found 1 matches
[DEBUG] DEBUG_OVERLAY:   Checking sub-container def Mcu_Dsadc_Rdc_Clk_Configuration for node McuClockSettingConfig_0, found 1 matches
[DEBUG] DEBUG_OVERLAY:   Checking sub-container def McuClockReferencePoint for node McuClockSettingConfig_0, found 1 matches
[DEBUG] DEBUG_OVERLAY:   Checking sub-container def McuStdbySettingConf for node McuModeSettingConf_0, found 1 matches
[DEBUG] DEBUG_OVERLAY:   Checking sub-container def McuStdbyWakeupSource for node McuStdbySettingConf, found 1 matches
[DEBUG] DEBUG_OVERLAY: Processing module container definition: McuPublishedInformation, found 1 instances
[DEBUG] DEBUG_OVERLAY: Processing sub-containers for instance: McuPublishedInformation (path=/Mcu/McuPublishedInformation/McuPublishedInformation)
[DEBUG] DEBUG_OVERLAY: Processing module container definition: GtmConfiguration, found 2 instances
[DEBUG] DEBUG_OVERLAY: Processing sub-containers for instance: GtmConfiguration_0 (path=/Mcu/GtmConfiguration/GtmConfiguration_0)
[DEBUG] DEBUG_OVERLAY:   Checking sub-container def CmuConfigurableClock for node Cmu_0, found 0 matches
[DEBUG] DEBUG_OVERLAY:   Checking sub-container def CmuFixedClock for node Cmu_0, found 0 matches
[DEBUG] DEBUG_OVERLAY:   Checking sub-container def CmuExternalClock for node Cmu_0, found 0 matches
[DEBUG] DEBUG_OVERLAY:   Checking sub-container def CmuClockReferencePoint for node Cmu_0, found 0 matches
[DEBUG] DEBUG_OVERLAY:   Checking sub-container def TbuChannel for node Tbu, found 0 matches
[DEBUG] DEBUG_OVERLAY:   Checking sub-container def TomChannel for node Tom_0, found 1 matches
[DEBUG] DEBUG_OVERLAY:   Checking sub-container def TomChannelOutput for node TomChannel_0, found 0 matches
[DEBUG] DEBUG_OVERLAY:   Checking sub-container def TomChannel for node Tom_1, found 1 matches
[DEBUG] DEBUG_OVERLAY:   Checking sub-container def TomChannelOutput for node TomChannel_0, found 0 matches
[DEBUG] DEBUG_OVERLAY:   Checking sub-container def TomChannel for node Tom_2, found 16 matches
[DEBUG] DEBUG_OVERLAY:   Checking sub-container def TomChannelOutput for node TomChannel_0, found 0 matches
[DEBUG] DEBUG_OVERLAY:   Checking sub-container def TomChannelOutput for node TomChannel_1, found 0 matches
[DEBUG] DEBUG_OVERLAY:   Checking sub-container def TomChannelOutput for node TomChannel_2, found 0 matches
[DEBUG] DEBUG_OVERLAY:   Checking sub-container def TomChannelOutput for node TomChannel_3, found 0 matches
[DEBUG] DEBUG_OVERLAY:   Checking sub-container def TomChannelOutput for node TomChannel_4, found 0 matches
[DEBUG] DEBUG_OVERLAY:   Checking sub-container def TomChannelOutput for node TomChannel_5, found 0 matches
[DEBUG] DEBUG_OVERLAY:   Checking sub-container def TomChannelOutput for node TomChannel_6, found 0 matches
[DEBUG] DEBUG_OVERLAY:   Checking sub-container def TomChannelOutput for node TomChannel_7, found 0 matches
[DEBUG] DEBUG_OVERLAY:   Checking sub-container def TomChannelOutput for node TomChannel_8, found 0 matches
[DEBUG] DEBUG_OVERLAY:   Checking sub-container def TomChannelOutput for node TomChannel_9, found 0 matches
[DEBUG] DEBUG_OVERLAY:   Checking sub-container def TomChannelOutput for node TomChannel_10, found 0 matches
[DEBUG] DEBUG_OVERLAY:   Checking sub-container def TomChannelOutput for node TomChannel_11, found 0 matches
[DEBUG] DEBUG_OVERLAY:   Checking sub-container def TomChannelOutput for node TomChannel_12, found 0 matches
[DEBUG] DEBUG_OVERLAY:   Checking sub-container def TomChannelOutput for node TomChannel_13, found 0 matches
[DEBUG] DEBUG_OVERLAY:   Checking sub-container def TomChannelOutput for node TomChannel_14, found 0 matches
[DEBUG] DEBUG_OVERLAY:   Checking sub-container def TomChannelOutput for node TomChannel_15, found 0 matches
[DEBUG] DEBUG_OVERLAY:   Checking sub-container def AtomChannel for node Atom_0, found 0 matches
[DEBUG] DEBUG_OVERLAY:   Checking sub-container def AtomChannel for node Atom_1, found 0 matches
[DEBUG] DEBUG_OVERLAY:   Checking sub-container def AtomChannel for node Atom_2, found 0 matches
[DEBUG] DEBUG_OVERLAY:   Checking sub-container def AtomChannel for node Atom_3, found 8 matches
[DEBUG] DEBUG_OVERLAY:   Checking sub-container def AtomChannelOutput for node AtomChannel_0, found 0 matches
[DEBUG] DEBUG_OVERLAY:   Checking sub-container def AtomChannelOutput for node AtomChannel_1, found 1 matches
[DEBUG] DEBUG_OVERLAY:   Checking sub-container def AtomChannelOutput for node AtomChannel_2, found 0 matches
[DEBUG] DEBUG_OVERLAY:   Checking sub-container def AtomChannelOutput for node AtomChannel_3, found 0 matches
[DEBUG] DEBUG_OVERLAY:   Checking sub-container def AtomChannelOutput for node AtomChannel_4, found 0 matches
[DEBUG] DEBUG_OVERLAY:   Checking sub-container def AtomChannelOutput for node AtomChannel_5, found 0 matches
[DEBUG] DEBUG_OVERLAY:   Checking sub-container def AtomChannelOutput for node AtomChannel_6, found 0 matches
[DEBUG] DEBUG_OVERLAY:   Checking sub-container def AtomChannelOutput for node AtomChannel_7, found 0 matches
[DEBUG] DEBUG_OVERLAY:   Checking sub-container def TimChannel for node Tim_0, found 0 matches
[DEBUG] DEBUG_OVERLAY:   Checking sub-container def TimChannel for node Tim_1, found 0 matches
[DEBUG] DEBUG_OVERLAY:   Checking sub-container def TimChannel for node Tim_2, found 0 matches
[DEBUG] DEBUG_OVERLAY:   Checking sub-container def SaradcSent for node GtmToPeripheral, found 0 matches
[DEBUG] DEBUG_OVERLAY:   Checking sub-container def Dsadc for node GtmToPeripheral, found 0 matches
[DEBUG] DEBUG_OVERLAY:   Checking sub-container def Msc for node GtmToPeripheral, found 0 matches
[DEBUG] DEBUG_OVERLAY:   Checking sub-container def Dma for node GtmToPeripheral, found 0 matches
[DEBUG] DEBUG_OVERLAY:   Checking sub-container def GtmOutput for node GtmToPeripheral, found 0 matches
[DEBUG] DEBUG_OVERLAY:   Checking sub-container def GtmTim for node GtmResourceAllocationConf, found 2 matches
[DEBUG] DEBUG_OVERLAY:   Checking sub-container def GtmTimChannel for node GtmTim_0, found 1 matches
[DEBUG] DEBUG_OVERLAY:   Checking sub-container def GtmTimChannel for node GtmTim_1, found 0 matches
[DEBUG] DEBUG_OVERLAY:   Checking sub-container def GtmTom for node GtmResourceAllocationConf, found 0 matches
[DEBUG] DEBUG_OVERLAY:   Checking sub-container def GtmAtom for node GtmResourceAllocationConf, found 0 matches
[DEBUG] DEBUG_OVERLAY: Processing sub-containers for instance: GtmConfiguration_1 (path=/Mcu/GtmConfiguration/GtmConfiguration_1)
[DEBUG] DEBUG_OVERLAY:   Checking sub-container def CmuConfigurableClock for node Cmu, found 1 matches
[DEBUG] DEBUG_OVERLAY:   Checking sub-container def CmuFixedClock for node Cmu, found 1 matches
[DEBUG] DEBUG_OVERLAY:   Checking sub-container def CmuExternalClock for node Cmu, found 1 matches
[DEBUG] DEBUG_OVERLAY:   Checking sub-container def CmuClockReferencePoint for node Cmu, found 0 matches
[DEBUG] DEBUG_OVERLAY:   Checking sub-container def TbuChannel for node Tbu, found 3 matches
[DEBUG] DEBUG_OVERLAY:   Checking sub-container def TomChannel for node Tom_0, found 0 matches
[DEBUG] DEBUG_OVERLAY:   Checking sub-container def TomChannel for node Tom_1, found 0 matches
[DEBUG] DEBUG_OVERLAY:   Checking sub-container def TomChannel for node Tom_2, found 0 matches
[DEBUG] DEBUG_OVERLAY:   Checking sub-container def AtomChannel for node Atom_0, found 0 matches
[DEBUG] DEBUG_OVERLAY:   Checking sub-container def AtomChannel for node Atom_1, found 0 matches
[DEBUG] DEBUG_OVERLAY:   Checking sub-container def AtomChannel for node Atom_2, found 0 matches
[DEBUG] DEBUG_OVERLAY:   Checking sub-container def AtomChannel for node Atom_3, found 0 matches
[DEBUG] DEBUG_OVERLAY:   Checking sub-container def TimChannel for node Tim_0, found 0 matches
[DEBUG] DEBUG_OVERLAY:   Checking sub-container def TimChannel for node Tim_1, found 0 matches
[DEBUG] DEBUG_OVERLAY:   Checking sub-container def TimChannel for node Tim_2, found 0 matches
[DEBUG] DEBUG_OVERLAY:   Checking sub-container def SaradcSent for node GtmToPeripheral, found 0 matches
[DEBUG] DEBUG_OVERLAY:   Checking sub-container def Dsadc for node GtmToPeripheral, found 0 matches
[DEBUG] DEBUG_OVERLAY:   Checking sub-container def Msc for node GtmToPeripheral, found 0 matches
[DEBUG] DEBUG_OVERLAY:   Checking sub-container def Dma for node GtmToPeripheral, found 0 matches
[DEBUG] DEBUG_OVERLAY:   Checking sub-container def GtmOutput for node GtmToPeripheral, found 0 matches
[DEBUG] DEBUG_OVERLAY:   Checking sub-container def GtmTim for node GtmResourceAllocationConf, found 0 matches
[DEBUG] DEBUG_OVERLAY:   Checking sub-container def GtmTom for node GtmResourceAllocationConf, found 0 matches
[DEBUG] DEBUG_OVERLAY:   Checking sub-container def GtmAtom for node GtmResourceAllocationConf, found 0 matches
[DEBUG] DEBUG_OVERLAY: Processing module container definition: CommonPublishedInformation, found 1 instances
[DEBUG] DEBUG_OVERLAY: Processing sub-containers for instance: CommonPublishedInformation (path=/Mcu/CommonPublishedInformation/CommonPublishedInformation)
[DEBUG] load_module: Module 'Mcu' registered successfully, children: ['McuGeneralConfiguration', 'McuModuleConfiguration', 'McuPublishedInformation', 'GtmConfiguration', 'CommonPublishedInformation']
[DEBUG] EBTemplateEngine: adding module Resource (variant=v)
[DEBUG] load_module: Loading module 'Resource' (variant=v)
[DEBUG] DEBUG_OVERLAY: Tree root created: Resource (path=/Resource)
[DEBUG] DEBUG_OVERLAY: Processing module container definition: ResourceGeneral, found 1 instances
[DEBUG] DEBUG_OVERLAY: Processing sub-containers for instance: ResourceGeneral (path=/Resource/ResourceGeneral/ResourceGeneral)
[DEBUG] DEBUG_OVERLAY: Processing module container definition: ResourceCoreConfigSet, found 1 instances
[DEBUG] DEBUG_OVERLAY: Processing sub-containers for instance: ResourceCoreConfigSet_0 (path=/Resource/ResourceCoreConfigSet/ResourceCoreConfigSet_0)
[DEBUG] DEBUG_OVERLAY:   Checking sub-container def ResourceAllocation for node ResourceCoreConfig_0, found 2 matches
[DEBUG] DEBUG_OVERLAY: Processing module container definition: CommonPublishedInformation, found 1 instances
[DEBUG] DEBUG_OVERLAY: Processing sub-containers for instance: CommonPublishedInformation (path=/Resource/CommonPublishedInformation/CommonPublishedInformation)
[DEBUG] load_module: Module 'Resource' registered successfully, children: ['ResourceGeneral', 'ResourceCoreConfigSet', 'CommonPublishedInformation']
Generating /Users/qlwang/Desktop/project/t5/generateCode/Mcu/v/src/Mcu_PBcfg.c from /Users/qlwang/Desktop/project/t5/templates/Mcu/src/Mcu_PBcfg.c...
[DEBUG] EBTemplateEngine: adding module Mcu (variant=v)
[DEBUG] as_modconf: Looking for module 'Resource'
[DEBUG] as_modconf: Available modules: ['mcu', 'resource']
[DEBUG] as_modconf: Found Resource module with children: ['ResourceGeneral', 'ResourceCoreConfigSet', 'CommonPublishedInformation']
[DEBUG] DEBUG: Evaluating condition: not(var:defined('MCU_M'))
[DEBUG] DEBUG_XPATH: _parse_path('GtmConfiguration/*[1]/Tom') -> parts=['GtmConfiguration', '*[1]', 'Tom']
[DEBUG] DEBUG_XPATH: Navigating segment 'GtmConfiguration' (axis=child) from 1 nodes
[DEBUG] DEBUG_XPATH:   Current context node: Mcu (type=module, path=/Mcu, children=['McuGeneralConfiguration', 'McuModuleConfiguration', 'McuPublishedInformation', 'GtmConfiguration', 'CommonPublishedInformation'])
[DEBUG] DEBUG_XPATH: Navigating segment '*' (axis=child) from 1 nodes
[DEBUG] DEBUG_XPATH:   Current context node: GtmConfiguration (type=container, path=/Mcu/GtmConfiguration, children=['GtmConfiguration_0', 'GtmConfiguration_1', 'GtmGeneral', 'Cmu', 'Tbu', 'Tom', 'Atom', 'Tim', 'GtmToPeripheral', 'GtmResourceAllocationConf'])
[DEBUG] DEBUG_XPATH: Navigating segment 'Tom' (axis=child) from 1 nodes
[DEBUG] DEBUG_XPATH:   Current context node: GtmConfiguration_0 (type=container, path=/Mcu/GtmConfiguration/GtmConfiguration_0, children=['GtmGeneral', 'Cmu', 'Tbu', 'Tom', 'Atom', 'Tim', 'GtmToPeripheral', 'GtmResourceAllocationConf'])
[DEBUG] DEBUG_XPATH: _parse_path('*[num:i($Tom_index + 1)]/TomChannel') -> parts=['*[num:i($Tom_index + 1)]', 'TomChannel']
[DEBUG] DEBUG_XPATH: Navigating segment '*' (axis=child) from 1 nodes
[DEBUG] DEBUG_XPATH:   Current context node: Tom (type=container, path=/Mcu/GtmConfiguration/GtmConfiguration_0/Tom, children=['Tom_0', 'Tom_1', 'Tom_2'])
[DEBUG] DEBUG_XPATH: _parse_path('*[num:i($Channel_index + 1)]/TomChannelOutput/ChannelId') -> parts=['*[num:i($Channel_index + 1)]', 'TomChannelOutput', 'ChannelId']
[DEBUG] DEBUG_XPATH: Navigating segment '*' (axis=child) from 1 nodes
[DEBUG] DEBUG_XPATH:   Current context node: Tom (type=container, path=/Mcu/GtmConfiguration/GtmConfiguration_0/Tom, children=['Tom_0', 'Tom_1', 'Tom_2'])
[DEBUG] DEBUG_XPATH: _parse_path('*[num:i($Channel_index + 1)]/TomChannelOutput/TomId') -> parts=['*[num:i($Channel_index + 1)]', 'TomChannelOutput', 'TomId']
[DEBUG] DEBUG_XPATH: Navigating segment '*' (axis=child) from 1 nodes
[DEBUG] DEBUG_XPATH:   Current context node: Tom (type=container, path=/Mcu/GtmConfiguration/GtmConfiguration_0/Tom, children=['Tom_0', 'Tom_1', 'Tom_2'])
[DEBUG] DEBUG_XPATH: _parse_path('*[num:i($Channel_index + 1)]/TomChannelOutput/TomChannelPortPinSelect') -> parts=['*[num:i($Channel_index + 1)]', 'TomChannelOutput', 'TomChannelPortPinSelect']
[DEBUG] DEBUG_XPATH: Navigating segment '*' (axis=child) from 1 nodes
[DEBUG] DEBUG_XPATH:   Current context node: Tom (type=container, path=/Mcu/GtmConfiguration/GtmConfiguration_0/Tom, children=['Tom_0', 'Tom_1', 'Tom_2'])
[DEBUG] DEBUG: Evaluating condition: ../GTM_Tom_Negative_Support = 'true'
[DEBUG] DEBUG_XPATH: _parse_path('../GTM_Tom_Negative_Support') -> parts=['..', 'GTM_Tom_Negative_Support']
[DEBUG] DEBUG_XPATH: Navigating segment '..' (axis=parent) from 1 nodes
[DEBUG] DEBUG_XPATH:   Current context node: Tom (type=container, path=/Mcu/GtmConfiguration/GtmConfiguration_0/Tom, children=['Tom_0', 'Tom_1', 'Tom_2'])
[DEBUG] DEBUG_XPATH: Navigating segment 'GTM_Tom_Negative_Support' (axis=child) from 1 nodes
[DEBUG] DEBUG_XPATH:   Current context node: GtmConfiguration_0 (type=container, path=/Mcu/GtmConfiguration/GtmConfiguration_0, children=['GtmGeneral', 'Cmu', 'Tbu', 'Tom', 'Atom', 'Tim', 'GtmToPeripheral', 'GtmResourceAllocationConf'])
[DEBUG] DEBUG: Comparison [../GTM_Tom_Negative_Support = 'true'] => [None vs non-empty 'true'] Result: False
[DEBUG] DEBUG: Evaluating condition: $Tom_index_Check > num:i(ecu:get('Gtm.NumberOfTomModules') - 1)
[DEBUG] DEBUG: Comparison [$Tom_index_Check > num:i(ecu:get('Gtm.NumberOfTomModules') - 1)] => [0 > 2] Result: False
[DEBUG] DEBUG: Evaluating condition: $Tom_index_Check = $Tom_index
[DEBUG] DEBUG: Comparison [$Tom_index_Check = $Tom_index] => [0 = 0] Result: True
[DEBUG] DEBUG: Evaluating condition: (num:i($Channel_index_Check + 1) < '16') and ($Tom_index_Check = $Tom_index)
[DEBUG] DEBUG: Evaluating condition: (num:i($Channel_index_Check + 1) < '16')
[DEBUG] DEBUG: Comparison [num:i($Channel_index_Check + 1) < '16'] => [1 < 16.0] Result: True
[DEBUG] DEBUG: Evaluating condition: ($Tom_index_Check = $Tom_index)
[DEBUG] DEBUG: Comparison [$Tom_index_Check = $Tom_index] => [0 = 0] Result: True
[DEBUG] DEBUG: Evaluating condition: ../../../../../*[$Tom_index_Check + 1]/TomChannel/*[$Channel_index_Check + 2]/TomChannelOutput/GTM_Tom_Negative_Support = 'true'
[DEBUG] DEBUG_XPATH: _parse_path('../../../../../*[$Tom_index_Check + 1]/TomChannel/*[$Channel_index_Check + 2]/TomChannelOutput/GTM_Tom_Negative_Support') -> parts=['..', '..', '..', '..', '..', '*[$Tom_index_Check + 1]', 'TomChannel', '*[$Channel_index_Check + 2]', 'TomChannelOutput', 'GTM_Tom_Negative_Support']
[DEBUG] DEBUG_XPATH: Navigating segment '..' (axis=parent) from 1 nodes
[DEBUG] DEBUG_XPATH:   Current context node: Tom (type=container, path=/Mcu/GtmConfiguration/GtmConfiguration_0/Tom, children=['Tom_0', 'Tom_1', 'Tom_2'])
[DEBUG] DEBUG_XPATH: Navigating segment '..' (axis=parent) from 1 nodes
[DEBUG] DEBUG_XPATH:   Current context node: GtmConfiguration_0 (type=container, path=/Mcu/GtmConfiguration/GtmConfiguration_0, children=['GtmGeneral', 'Cmu', 'Tbu', 'Tom', 'Atom', 'Tim', 'GtmToPeripheral', 'GtmResourceAllocationConf'])
[DEBUG] DEBUG_XPATH: Navigating segment '..' (axis=parent) from 1 nodes
[DEBUG] DEBUG_XPATH:   Current context node: GtmConfiguration (type=container, path=/Mcu/GtmConfiguration, children=['GtmConfiguration_0', 'GtmConfiguration_1', 'GtmGeneral', 'Cmu', 'Tbu', 'Tom', 'Atom', 'Tim', 'GtmToPeripheral', 'GtmResourceAllocationConf'])
[DEBUG] DEBUG_XPATH: Navigating segment '..' (axis=parent) from 1 nodes
[DEBUG] DEBUG_XPATH:   Current context node: Mcu (type=module, path=/Mcu, children=['McuGeneralConfiguration', 'McuModuleConfiguration', 'McuPublishedInformation', 'GtmConfiguration', 'CommonPublishedInformation'])
[DEBUG] DEBUG: Comparison [../../../../../*[$Tom_index_Check + 1]/TomChannel/*[$Channel_index_Check + 2]/TomChannelOutput/GTM_Tom_Negative_Support = 'true'] => [None vs non-empty 'true'] Result: False
[DEBUG] DEBUG: Evaluating condition: node:value(../../../../../*[$Tom_index_Check + 1]/TomChannel/*[$Channel_index_Check + 2]/TomChannelOutput/TomChannelPortPinSelect) = 'TOMXXCHXX_NO_USED_TOM_CHANNEL'
[DEBUG] DEBUG_XPATH: _parse_path('../../../../../*[$Tom_index_Check + 1]/TomChannel/*[$Channel_index_Check + 2]/TomChannelOutput/TomChannelPortPinSelect') -> parts=['..', '..', '..', '..', '..', '*[$Tom_index_Check + 1]', 'TomChannel', '*[$Channel_index_Check + 2]', 'TomChannelOutput', 'TomChannelPortPinSelect']
[DEBUG] DEBUG_XPATH: Navigating segment '..' (axis=parent) from 1 nodes
[DEBUG] DEBUG_XPATH:   Current context node: Tom (type=container, path=/Mcu/GtmConfiguration/GtmConfiguration_0/Tom, children=['Tom_0', 'Tom_1', 'Tom_2'])
[DEBUG] DEBUG_XPATH: Navigating segment '..' (axis=parent) from 1 nodes
[DEBUG] DEBUG_XPATH:   Current context node: GtmConfiguration_0 (type=container, path=/Mcu/GtmConfiguration/GtmConfiguration_0, children=['GtmGeneral', 'Cmu', 'Tbu', 'Tom', 'Atom', 'Tim', 'GtmToPeripheral', 'GtmResourceAllocationConf'])
[DEBUG] DEBUG_XPATH: Navigating segment '..' (axis=parent) from 1 nodes
[DEBUG] DEBUG_XPATH:   Current context node: GtmConfiguration (type=container, path=/Mcu/GtmConfiguration, children=['GtmConfiguration_0', 'GtmConfiguration_1', 'GtmGeneral', 'Cmu', 'Tbu', 'Tom', 'Atom', 'Tim', 'GtmToPeripheral', 'GtmResourceAllocationConf'])
[DEBUG] DEBUG_XPATH: Navigating segment '..' (axis=parent) from 1 nodes
[DEBUG] DEBUG_XPATH:   Current context node: Mcu (type=module, path=/Mcu, children=['McuGeneralConfiguration', 'McuModuleConfiguration', 'McuPublishedInformation', 'GtmConfiguration', 'CommonPublishedInformation'])
[DEBUG] DEBUG: Comparison [node:value(../../../../../*[$Tom_index_Check + 1]/TomChannel/*[$Channel_index_Check + 2]/TomChannelOutput/TomChannelPortPinSelect) = 'TOMXXCHXX_NO_USED_TOM_CHANNEL'] => [None vs non-empty 'TOMXXCHXX_NO_USED_TOM_CHANNEL'] Result: False
[DEBUG] DEBUG: Evaluating condition: $ToutFirstNumber = substring(node:value(../../../../../*[$Tom_index_Check + 1]/TomChannel/*[$Channel_index_Check + 2]/TomChannelOutput/TomChannelPortPinSelect),11,7)
[DEBUG] DEBUG_XPATH: _parse_path('../../../../../*[$Tom_index_Check + 1]/TomChannel/*[$Channel_index_Check + 2]/TomChannelOutput/TomChannelPortPinSelect') -> parts=['..', '..', '..', '..', '..', '*[$Tom_index_Check + 1]', 'TomChannel', '*[$Channel_index_Check + 2]', 'TomChannelOutput', 'TomChannelPortPinSelect']
[DEBUG] DEBUG_XPATH: Navigating segment '..' (axis=parent) from 1 nodes
[DEBUG] DEBUG_XPATH:   Current context node: Tom (type=container, path=/Mcu/GtmConfiguration/GtmConfiguration_0/Tom, children=['Tom_0', 'Tom_1', 'Tom_2'])
[DEBUG] DEBUG_XPATH: Navigating segment '..' (axis=parent) from 1 nodes
[DEBUG] DEBUG_XPATH:   Current context node: GtmConfiguration_0 (type=container, path=/Mcu/GtmConfiguration/GtmConfiguration_0, children=['GtmGeneral', 'Cmu', 'Tbu', 'Tom', 'Atom', 'Tim', 'GtmToPeripheral', 'GtmResourceAllocationConf'])
[DEBUG] DEBUG_XPATH: Navigating segment '..' (axis=parent) from 1 nodes
[DEBUG] DEBUG_XPATH:   Current context node: GtmConfiguration (type=container, path=/Mcu/GtmConfiguration, children=['GtmConfiguration_0', 'GtmConfiguration_1', 'GtmGeneral', 'Cmu', 'Tbu', 'Tom', 'Atom', 'Tim', 'GtmToPeripheral', 'GtmResourceAllocationConf'])
[DEBUG] DEBUG_XPATH: Navigating segment '..' (axis=parent) from 1 nodes
[DEBUG] DEBUG_XPATH:   Current context node: Mcu (type=module, path=/Mcu, children=['McuGeneralConfiguration', 'McuModuleConfiguration', 'McuPublishedInformation', 'GtmConfiguration', 'CommonPublishedInformation'])
[DEBUG] DEBUG: Comparison [$ToutFirstNumber = substring(node:value(../../../../../*[$Tom_index_Check + 1]/TomChannel/*[$Channel_index_Check + 2]/TomChannelOutput/TomChannelPortPinSelect),11,7)] => [both empty ''] Result: False
[DEBUG] DEBUG: Evaluating condition: $Atom_index_Check > num:i(ecu:get('Gtm.NumberOfAtomModules') - 1)
[DEBUG] DEBUG: Comparison [$Atom_index_Check > num:i(ecu:get('Gtm.NumberOfAtomModules') - 1)] => [0 > 3] Result: False
[DEBUG] DEBUG: Evaluating condition: ../../../../../../Atom/*[$Atom_index_Check + 1]/AtomChannel/*[$Atom_Channel_index_Check + 1]/AtomChannelOutput/GTM_Atom_Negative_Support = 'true'
[DEBUG] DEBUG_XPATH: _parse_path('../../../../../../Atom/*[$Atom_index_Check + 1]/AtomChannel/*[$Atom_Channel_index_Check + 1]/AtomChannelOutput/GTM_Atom_Negative_Support') -> parts=['..', '..', '..', '..', '..', '..', 'Atom', '*[$Atom_index_Check + 1]', 'AtomChannel', '*[$Atom_Channel_index_Check + 1]', 'AtomChannelOutput', 'GTM_Atom_Negative_Support']
[DEBUG] DEBUG_XPATH: Navigating segment '..' (axis=parent) from 1 nodes
[DEBUG] DEBUG_XPATH:   Current context node: Tom (type=container, path=/Mcu/GtmConfiguration/GtmConfiguration_0/Tom, children=['Tom_0', 'Tom_1', 'Tom_2'])
[DEBUG] DEBUG_XPATH: Navigating segment '..' (axis=parent) from 1 nodes
[DEBUG] DEBUG_XPATH:   Current context node: GtmConfiguration_0 (type=container, path=/Mcu/GtmConfiguration/GtmConfiguration_0, children=['GtmGeneral', 'Cmu', 'Tbu', 'Tom', 'Atom', 'Tim', 'GtmToPeripheral', 'GtmResourceAllocationConf'])
[DEBUG] DEBUG_XPATH: Navigating segment '..' (axis=parent) from 1 nodes
[DEBUG] DEBUG_XPATH:   Current context node: GtmConfiguration (type=container, path=/Mcu/GtmConfiguration, children=['GtmConfiguration_0', 'GtmConfiguration_1', 'GtmGeneral', 'Cmu', 'Tbu', 'Tom', 'Atom', 'Tim', 'GtmToPeripheral', 'GtmResourceAllocationConf'])
[DEBUG] DEBUG_XPATH: Navigating segment '..' (axis=parent) from 1 nodes
[DEBUG] DEBUG_XPATH:   Current context node: Mcu (type=module, path=/Mcu, children=['McuGeneralConfiguration', 'McuModuleConfiguration', 'McuPublishedInformation', 'GtmConfiguration', 'CommonPublishedInformation'])
[DEBUG] DEBUG: Comparison [../../../../../../Atom/*[$Atom_index_Check + 1]/AtomChannel/*[$Atom_Channel_index_Check + 1]/AtomChannelOutput/GTM_Atom_Negative_Support = 'true'] => [None vs non-empty 'true'] Result: False
[DEBUG] DEBUG: Evaluating condition: node:value(../../../../../../Atom/*[$Atom_index_Check + 1]/AtomChannel/*[$Atom_Channel_index_Check + 1]/AtomChannelOutput/AtomChannelPortPinSelect) = 'ATOMXCHXX_NO_USED_ATOM_CHANNEL'
[DEBUG] DEBUG_XPATH: _parse_path('../../../../../../Atom/*[$Atom_index_Check + 1]/AtomChannel/*[$Atom_Channel_index_Check + 1]/AtomChannelOutput/AtomChannelPortPinSelect') -> parts=['..', '..', '..', '..', '..', '..', 'Atom', '*[$Atom_index_Check + 1]', 'AtomChannel', '*[$Atom_Channel_index_Check + 1]', 'AtomChannelOutput', 'AtomChannelPortPinSelect']
[DEBUG] DEBUG_XPATH: Navigating segment '..' (axis=parent) from 1 nodes
[DEBUG] DEBUG_XPATH:   Current context node: Tom (type=container, path=/Mcu/GtmConfiguration/GtmConfiguration_0/Tom, children=['Tom_0', 'Tom_1', 'Tom_2'])
[DEBUG] DEBUG_XPATH: Navigating segment '..' (axis=parent) from 1 nodes
[DEBUG] DEBUG_XPATH:   Current context node: GtmConfiguration_0 (type=container, path=/Mcu/GtmConfiguration/GtmConfiguration_0, children=['GtmGeneral', 'Cmu', 'Tbu', 'Tom', 'Atom', 'Tim', 'GtmToPeripheral', 'GtmResourceAllocationConf'])
[DEBUG] DEBUG_XPATH: Navigating segment '..' (axis=parent) from 1 nodes
[DEBUG] DEBUG_XPATH:   Current context node: GtmConfiguration (type=container, path=/Mcu/GtmConfiguration, children=['GtmConfiguration_0', 'GtmConfiguration_1', 'GtmGeneral', 'Cmu', 'Tbu', 'Tom', 'Atom', 'Tim', 'GtmToPeripheral', 'GtmResourceAllocationConf'])
[DEBUG] DEBUG_XPATH: Navigating segment '..' (axis=parent) from 1 nodes
[DEBUG] DEBUG_XPATH:   Current context node: Mcu (type=module, path=/Mcu, children=['McuGeneralConfiguration', 'McuModuleConfiguration', 'McuPublishedInformation', 'GtmConfiguration', 'CommonPublishedInformation'])
[DEBUG] DEBUG: Comparison [node:value(../../../../../../Atom/*[$Atom_index_Check + 1]/AtomChannel/*[$Atom_Channel_index_Check + 1]/AtomChannelOutput/AtomChannelPortPinSelect) = 'ATOMXCHXX_NO_USED_ATOM_CHANNEL'] => [None vs non-empty 'ATOMXCHXX_NO_USED_ATOM_CHANNEL'] Result: False
[DEBUG] DEBUG: Evaluating condition: $ToutFirstNumber = substring(node:value(../../../../../../Atom/*[$Atom_index_Check + 1]/AtomChannel/*[$Atom_Channel_index_Check + 1]/AtomChannelOutput/AtomChannelPortPinSelect),11,7)
[DEBUG] DEBUG_XPATH: _parse_path('../../../../../../Atom/*[$Atom_index_Check + 1]/AtomChannel/*[$Atom_Channel_index_Check + 1]/AtomChannelOutput/AtomChannelPortPinSelect') -> parts=['..', '..', '..', '..', '..', '..', 'Atom', '*[$Atom_index_Check + 1]', 'AtomChannel', '*[$Atom_Channel_index_Check + 1]', 'AtomChannelOutput', 'AtomChannelPortPinSelect']
[DEBUG] DEBUG_XPATH: Navigating segment '..' (axis=parent) from 1 nodes
[DEBUG] DEBUG_XPATH:   Current context node: Tom (type=container, path=/Mcu/GtmConfiguration/GtmConfiguration_0/Tom, children=['Tom_0', 'Tom_1', 'Tom_2'])
[DEBUG] DEBUG_XPATH: Navigating segment '..' (axis=parent) from 1 nodes
[DEBUG] DEBUG_XPATH:   Current context node: GtmConfiguration_0 (type=container, path=/Mcu/GtmConfiguration/GtmConfiguration_0, children=['GtmGeneral', 'Cmu', 'Tbu', 'Tom', 'Atom', 'Tim', 'GtmToPeripheral', 'GtmResourceAllocationConf'])
[DEBUG] DEBUG_XPATH: Navigating segment '..' (axis=parent) from 1 nodes
[DEBUG] DEBUG_XPATH:   Current context node: GtmConfiguration (type=container, path=/Mcu/GtmConfiguration, children=['GtmConfiguration_0', 'GtmConfiguration_1', 'GtmGeneral', 'Cmu', 'Tbu', 'Tom', 'Atom', 'Tim', 'GtmToPeripheral', 'GtmResourceAllocationConf'])
[DEBUG] DEBUG_XPATH: Navigating segment '..' (axis=parent) from 1 nodes
[DEBUG] DEBUG_XPATH:   Current context node: Mcu (type=module, path=/Mcu, children=['McuGeneralConfiguration', 'McuModuleConfiguration', 'McuPublishedInformation', 'GtmConfiguration', 'CommonPublishedInformation'])
[DEBUG] DEBUG: Comparison [$ToutFirstNumber = substring(node:value(../../../../../../Atom/*[$Atom_index_Check + 1]/AtomChannel/*[$Atom_Channel_index_Check + 1]/AtomChannelOutput/AtomChannelPortPinSelect),11,7)] => [both empty ''] Result: False
[DEBUG] DEBUG_XPATH: _parse_path('../Atom/*[num:i($Atom_index + 1)]/AtomChannel/*[num:i($Atom_Channel_index + 1)]/AtomChannelOutput/ChannelId') -> parts=['..', 'Atom', '*[num:i($Atom_index + 1)]', 'AtomChannel', '*[num:i($Atom_Channel_index + 1)]', 'AtomChannelOutput', 'ChannelId']
[DEBUG] DEBUG_XPATH: Navigating segment '..' (axis=parent) from 1 nodes
[DEBUG] DEBUG_XPATH:   Current context node: Tom (type=container, path=/Mcu/GtmConfiguration/GtmConfiguration_0/Tom, children=['Tom_0', 'Tom_1', 'Tom_2'])
[DEBUG] DEBUG_XPATH: Navigating segment 'Atom' (axis=child) from 1 nodes
[DEBUG] DEBUG_XPATH:   Current context node: GtmConfiguration_0 (type=container, path=/Mcu/GtmConfiguration/GtmConfiguration_0, children=['GtmGeneral', 'Cmu', 'Tbu', 'Tom', 'Atom', 'Tim', 'GtmToPeripheral', 'GtmResourceAllocationConf'])
[DEBUG] DEBUG_XPATH: Navigating segment '*' (axis=child) from 1 nodes
[DEBUG] DEBUG_XPATH:   Current context node: Atom (type=container, path=/Mcu/GtmConfiguration/GtmConfiguration_0/Atom, children=['Atom_0', 'Atom_1', 'Atom_2', 'Atom_3'])
[DEBUG] DEBUG_XPATH: _parse_path('../Atom/*[num:i($Atom_index + 1)]/AtomChannel/*[num:i($Atom_Channel_index + 1)]/AtomChannelOutput/AtomId') -> parts=['..', 'Atom', '*[num:i($Atom_index + 1)]', 'AtomChannel', '*[num:i($Atom_Channel_index + 1)]', 'AtomChannelOutput', 'AtomId']
[DEBUG] DEBUG_XPATH: Navigating segment '..' (axis=parent) from 1 nodes
[DEBUG] DEBUG_XPATH:   Current context node: Tom (type=container, path=/Mcu/GtmConfiguration/GtmConfiguration_0/Tom, children=['Tom_0', 'Tom_1', 'Tom_2'])
[DEBUG] DEBUG_XPATH: Navigating segment 'Atom' (axis=child) from 1 nodes
[DEBUG] DEBUG_XPATH:   Current context node: GtmConfiguration_0 (type=container, path=/Mcu/GtmConfiguration/GtmConfiguration_0, children=['GtmGeneral', 'Cmu', 'Tbu', 'Tom', 'Atom', 'Tim', 'GtmToPeripheral', 'GtmResourceAllocationConf'])
[DEBUG] DEBUG_XPATH: Navigating segment '*' (axis=child) from 1 nodes
[DEBUG] DEBUG_XPATH:   Current context node: Atom (type=container, path=/Mcu/GtmConfiguration/GtmConfiguration_0/Atom, children=['Atom_0', 'Atom_1', 'Atom_2', 'Atom_3'])
[DEBUG] DEBUG: Evaluating condition: ../Atom/*[num:i($Atom_index + 1)]/AtomChannel/*[num:i($Atom_Channel_index + 1)]/AtomChannelOutput/GTM_Atom_Negative_Support = 'true'
[DEBUG] DEBUG_XPATH: _parse_path('../Atom/*[num:i($Atom_index + 1)]/AtomChannel/*[num:i($Atom_Channel_index + 1)]/AtomChannelOutput/GTM_Atom_Negative_Support') -> parts=['..', 'Atom', '*[num:i($Atom_index + 1)]', 'AtomChannel', '*[num:i($Atom_Channel_index + 1)]', 'AtomChannelOutput', 'GTM_Atom_Negative_Support']
[DEBUG] DEBUG_XPATH: Navigating segment '..' (axis=parent) from 1 nodes
[DEBUG] DEBUG_XPATH:   Current context node: Tom (type=container, path=/Mcu/GtmConfiguration/GtmConfiguration_0/Tom, children=['Tom_0', 'Tom_1', 'Tom_2'])
[DEBUG] DEBUG_XPATH: Navigating segment 'Atom' (axis=child) from 1 nodes
[DEBUG] DEBUG_XPATH:   Current context node: GtmConfiguration_0 (type=container, path=/Mcu/GtmConfiguration/GtmConfiguration_0, children=['GtmGeneral', 'Cmu', 'Tbu', 'Tom', 'Atom', 'Tim', 'GtmToPeripheral', 'GtmResourceAllocationConf'])
[DEBUG] DEBUG_XPATH: Navigating segment '*' (axis=child) from 1 nodes
[DEBUG] DEBUG_XPATH:   Current context node: Atom (type=container, path=/Mcu/GtmConfiguration/GtmConfiguration_0/Atom, children=['Atom_0', 'Atom_1', 'Atom_2', 'Atom_3'])
[DEBUG] DEBUG: Comparison [../Atom/*[num:i($Atom_index + 1)]/AtomChannel/*[num:i($Atom_Channel_index + 1)]/AtomChannelOutput/GTM_Atom_Negative_Support = 'true'] => [None vs non-empty 'true'] Result: False
[DEBUG] DEBUG_XPATH: _parse_path('../Atom/*[num:i($Atom_index + 1)]/AtomChannel/*[num:i($Atom_Channel_index + 1)]/AtomChannelOutput/AtomChannelPortPinSelect') -> parts=['..', 'Atom', '*[num:i($Atom_index + 1)]', 'AtomChannel', '*[num:i($Atom_Channel_index + 1)]', 'AtomChannelOutput', 'AtomChannelPortPinSelect']
[DEBUG] DEBUG_XPATH: Navigating segment '..' (axis=parent) from 1 nodes
[DEBUG] DEBUG_XPATH:   Current context node: Tom (type=container, path=/Mcu/GtmConfiguration/GtmConfiguration_0/Tom, children=['Tom_0', 'Tom_1', 'Tom_2'])
[DEBUG] DEBUG_XPATH: Navigating segment 'Atom' (axis=child) from 1 nodes
[DEBUG] DEBUG_XPATH:   Current context node: GtmConfiguration_0 (type=container, path=/Mcu/GtmConfiguration/GtmConfiguration_0, children=['GtmGeneral', 'Cmu', 'Tbu', 'Tom', 'Atom', 'Tim', 'GtmToPeripheral', 'GtmResourceAllocationConf'])
[DEBUG] DEBUG_XPATH: Navigating segment '*' (axis=child) from 1 nodes
[DEBUG] DEBUG_XPATH:   Current context node: Atom (type=container, path=/Mcu/GtmConfiguration/GtmConfiguration_0/Atom, children=['Atom_0', 'Atom_1', 'Atom_2', 'Atom_3'])
[DEBUG] DEBUG: Evaluating condition: $Atom_index_Check > num:i(ecu:get('Gtm.NumberOfAtomModules') - 1)
[DEBUG] DEBUG: Comparison [$Atom_index_Check > num:i(ecu:get('Gtm.NumberOfAtomModules') - 1)] => [0 > 3] Result: False
[DEBUG] DEBUG: Evaluating condition: $Atom_index_Check = $Atom_index
[DEBUG] DEBUG: Comparison [$Atom_index_Check = $Atom_index] => [0 = 0] Result: True
[DEBUG] DEBUG: Evaluating condition: (num:i($Atom_Channel_index_Check + 1) < '8') and ($Atom_index_Check = $Atom_index)
[DEBUG] DEBUG: Evaluating condition: (num:i($Atom_Channel_index_Check + 1) < '8')
[DEBUG] DEBUG: Comparison [num:i($Atom_Channel_index_Check + 1) < '8'] => [1 < 8.0] Result: True
[DEBUG] DEBUG: Evaluating condition: ($Atom_index_Check = $Atom_index)
[DEBUG] DEBUG: Comparison [$Atom_index_Check = $Atom_index] => [0 = 0] Result: True
[DEBUG] DEBUG: Evaluating condition: ../Atom/*[$Atom_index_Check + 1]/AtomChannel/*[$Atom_Channel_index_Check + 2]/AtomChannelOutput/GTM_Atom_Negative_Support = 'true'
[DEBUG] DEBUG_XPATH: _parse_path('../Atom/*[$Atom_index_Check + 1]/AtomChannel/*[$Atom_Channel_index_Check + 2]/AtomChannelOutput/GTM_Atom_Negative_Support') -> parts=['..', 'Atom', '*[$Atom_index_Check + 1]', 'AtomChannel', '*[$Atom_Channel_index_Check + 2]', 'AtomChannelOutput', 'GTM_Atom_Negative_Support']
[DEBUG] DEBUG_XPATH: Navigating segment '..' (axis=parent) from 1 nodes
[DEBUG] DEBUG_XPATH:   Current context node: Tom (type=container, path=/Mcu/GtmConfiguration/GtmConfiguration_0/Tom, children=['Tom_0', 'Tom_1', 'Tom_2'])
[DEBUG] DEBUG_XPATH: Navigating segment 'Atom' (axis=child) from 1 nodes
[DEBUG] DEBUG_XPATH:   Current context node: GtmConfiguration_0 (type=container, path=/Mcu/GtmConfiguration/GtmConfiguration_0, children=['GtmGeneral', 'Cmu', 'Tbu', 'Tom', 'Atom', 'Tim', 'GtmToPeripheral', 'GtmResourceAllocationConf'])
[DEBUG] DEBUG_XPATH: Navigating segment '*' (axis=child) from 1 nodes
[DEBUG] DEBUG_XPATH:   Current context node: Atom (type=container, path=/Mcu/GtmConfiguration/GtmConfiguration_0/Atom, children=['Atom_0', 'Atom_1', 'Atom_2', 'Atom_3'])
[DEBUG] DEBUG: Comparison [../Atom/*[$Atom_index_Check + 1]/AtomChannel/*[$Atom_Channel_index_Check + 2]/AtomChannelOutput/GTM_Atom_Negative_Support = 'true'] => [None vs non-empty 'true'] Result: False
[DEBUG] DEBUG: Evaluating condition: node:value(../Atom/*[$Atom_index_Check + 1]/AtomChannel/*[$Atom_Channel_index_Check + 2]/AtomChannelOutput/AtomChannelPortPinSelect) = 'ATOMXCHXX_NO_USED_ATOM_CHANNEL'
[DEBUG] DEBUG_XPATH: _parse_path('../Atom/*[$Atom_index_Check + 1]/AtomChannel/*[$Atom_Channel_index_Check + 2]/AtomChannelOutput/AtomChannelPortPinSelect') -> parts=['..', 'Atom', '*[$Atom_index_Check + 1]', 'AtomChannel', '*[$Atom_Channel_index_Check + 2]', 'AtomChannelOutput', 'AtomChannelPortPinSelect']
[DEBUG] DEBUG_XPATH: Navigating segment '..' (axis=parent) from 1 nodes
[DEBUG] DEBUG_XPATH:   Current context node: Tom (type=container, path=/Mcu/GtmConfiguration/GtmConfiguration_0/Tom, children=['Tom_0', 'Tom_1', 'Tom_2'])
[DEBUG] DEBUG_XPATH: Navigating segment 'Atom' (axis=child) from 1 nodes
[DEBUG] DEBUG_XPATH:   Current context node: GtmConfiguration_0 (type=container, path=/Mcu/GtmConfiguration/GtmConfiguration_0, children=['GtmGeneral', 'Cmu', 'Tbu', 'Tom', 'Atom', 'Tim', 'GtmToPeripheral', 'GtmResourceAllocationConf'])
[DEBUG] DEBUG_XPATH: Navigating segment '*' (axis=child) from 1 nodes
[DEBUG] DEBUG_XPATH:   Current context node: Atom (type=container, path=/Mcu/GtmConfiguration/GtmConfiguration_0/Atom, children=['Atom_0', 'Atom_1', 'Atom_2', 'Atom_3'])
[DEBUG] DEBUG: Comparison [node:value(../Atom/*[$Atom_index_Check + 1]/AtomChannel/*[$Atom_Channel_index_Check + 2]/AtomChannelOutput/AtomChannelPortPinSelect) = 'ATOMXCHXX_NO_USED_ATOM_CHANNEL'] => [None vs non-empty 'ATOMXCHXX_NO_USED_ATOM_CHANNEL'] Result: False
[DEBUG] DEBUG: Evaluating condition: $ToutFirstNumber = substring(node:value(../Atom/*[$Atom_index_Check + 1]/AtomChannel/*[$Atom_Channel_index_Check + 2]/AtomChannelOutput/AtomChannelPortPinSelect),11,7)
[DEBUG] DEBUG_XPATH: _parse_path('../Atom/*[$Atom_index_Check + 1]/AtomChannel/*[$Atom_Channel_index_Check + 2]/AtomChannelOutput/AtomChannelPortPinSelect') -> parts=['..', 'Atom', '*[$Atom_index_Check + 1]', 'AtomChannel', '*[$Atom_Channel_index_Check + 2]', 'AtomChannelOutput', 'AtomChannelPortPinSelect']
[DEBUG] DEBUG_XPATH: Navigating segment '..' (axis=parent) from 1 nodes
[DEBUG] DEBUG_XPATH:   Current context node: Tom (type=container, path=/Mcu/GtmConfiguration/GtmConfiguration_0/Tom, children=['Tom_0', 'Tom_1', 'Tom_2'])
[DEBUG] DEBUG_XPATH: Navigating segment 'Atom' (axis=child) from 1 nodes
[DEBUG] DEBUG_XPATH:   Current context node: GtmConfiguration_0 (type=container, path=/Mcu/GtmConfiguration/GtmConfiguration_0, children=['GtmGeneral', 'Cmu', 'Tbu', 'Tom', 'Atom', 'Tim', 'GtmToPeripheral', 'GtmResourceAllocationConf'])
[DEBUG] DEBUG_XPATH: Navigating segment '*' (axis=child) from 1 nodes
[DEBUG] DEBUG_XPATH:   Current context node: Atom (type=container, path=/Mcu/GtmConfiguration/GtmConfiguration_0/Atom, children=['Atom_0', 'Atom_1', 'Atom_2', 'Atom_3'])
[DEBUG] DEBUG: Comparison [$ToutFirstNumber = substring(node:value(../Atom/*[$Atom_index_Check + 1]/AtomChannel/*[$Atom_Channel_index_Check + 2]/AtomChannelOutput/AtomChannelPortPinSelect),11,7)] => [both empty ''] Result: False
[DEBUG] DEBUG_XPATH: _parse_path('GtmConfiguration/*[1]/Tim') -> parts=['GtmConfiguration', '*[1]', 'Tim']
[DEBUG] DEBUG_XPATH: Navigating segment 'GtmConfiguration' (axis=child) from 1 nodes
[DEBUG] DEBUG_XPATH:   Current context node: Mcu (type=module, path=/Mcu, children=['McuGeneralConfiguration', 'McuModuleConfiguration', 'McuPublishedInformation', 'GtmConfiguration', 'CommonPublishedInformation'])
[DEBUG] DEBUG_XPATH: Navigating segment '*' (axis=child) from 1 nodes
[DEBUG] DEBUG_XPATH:   Current context node: GtmConfiguration (type=container, path=/Mcu/GtmConfiguration, children=['GtmConfiguration_0', 'GtmConfiguration_1', 'GtmGeneral', 'Cmu', 'Tbu', 'Tom', 'Atom', 'Tim', 'GtmToPeripheral', 'GtmResourceAllocationConf'])
[DEBUG] DEBUG_XPATH: Navigating segment 'Tim' (axis=child) from 1 nodes
[DEBUG] DEBUG_XPATH:   Current context node: GtmConfiguration_0 (type=container, path=/Mcu/GtmConfiguration/GtmConfiguration_0, children=['GtmGeneral', 'Cmu', 'Tbu', 'Tom', 'Atom', 'Tim', 'GtmToPeripheral', 'GtmResourceAllocationConf'])
[DEBUG] DEBUG_XPATH: _parse_path('*[num:i($Tim_index+1)]/TimChannel/*[num:i($Tim_Channel_index+1)]/TimChannelGeneral/TimChannelPortPinSelect') -> parts=['*[num:i($Tim_index+1)]', 'TimChannel', '*[num:i($Tim_Channel_index+1)]', 'TimChannelGeneral', 'TimChannelPortPinSelect']
[DEBUG] DEBUG_XPATH: Navigating segment '*' (axis=child) from 1 nodes
[DEBUG] DEBUG_XPATH:   Current context node: Tim (type=container, path=/Mcu/GtmConfiguration/GtmConfiguration_0/Tim, children=['Tim_0', 'Tim_1', 'Tim_2'])
[DEBUG] DEBUG: Evaluating condition: $Tim_index_Check > num:i(ecu:get('Gtm.NumberOfTimModules') - 1)
[DEBUG] DEBUG: Comparison [$Tim_index_Check > num:i(ecu:get('Gtm.NumberOfTimModules') - 1)] => [0 > 2] Result: False
[DEBUG] DEBUG: Evaluating condition: $Tim_index_Check = $Tim_index
[DEBUG] DEBUG: Comparison [$Tim_index_Check = $Tim_index] => [0 = 0] Result: True
[DEBUG] DEBUG: Evaluating condition: (num:i($Tim_Channel_index_Check + 1) < '8') and ($Tim_index_Check = $Tim_index)
[DEBUG] DEBUG: Evaluating condition: (num:i($Tim_Channel_index_Check + 1) < '8')
[DEBUG] DEBUG: Comparison [num:i($Tim_Channel_index_Check + 1) < '8'] => [1 < 8.0] Result: True
[DEBUG] DEBUG: Evaluating condition: ($Tim_index_Check = $Tim_index)
[DEBUG] DEBUG: Comparison [$Tim_index_Check = $Tim_index] => [0 = 0] Result: True
[DEBUG] DEBUG_XPATH: _parse_path('*[num:i($Tim_index_Check+1)]/TimChannel/*[num:i($Tim_Channel_index_Check+2)]/TimChannelGeneral/TimChannelPortPinSelect') -> parts=['*[num:i($Tim_index_Check+1)]', 'TimChannel', '*[num:i($Tim_Channel_index_Check+2)]', 'TimChannelGeneral', 'TimChannelPortPinSelect']
[DEBUG] DEBUG_XPATH: Navigating segment '*' (axis=child) from 1 nodes
[DEBUG] DEBUG_XPATH:   Current context node: Tim (type=container, path=/Mcu/GtmConfiguration/GtmConfiguration_0/Tim, children=['Tim_0', 'Tim_1', 'Tim_2'])
[DEBUG] DEBUG: Evaluating condition: $Tim_PinMap_index = $Tim_PinMap_index_Check
[DEBUG] DEBUG: Comparison [$Tim_PinMap_index = $Tim_PinMap_index_Check] => [both empty ''] Result: False
[DEBUG] DEBUG_XPATH: _parse_path('GtmConfiguration/*[1]/GtmToPeripheral/*[1]/SaradcSent') -> parts=['GtmConfiguration', '*[1]', 'GtmToPeripheral', '*[1]', 'SaradcSent']
[DEBUG] DEBUG_XPATH: Navigating segment 'GtmConfiguration' (axis=child) from 1 nodes
[DEBUG] DEBUG_XPATH:   Current context node: Mcu (type=module, path=/Mcu, children=['McuGeneralConfiguration', 'McuModuleConfiguration', 'McuPublishedInformation', 'GtmConfiguration', 'CommonPublishedInformation'])
[DEBUG] DEBUG_XPATH: Navigating segment '*' (axis=child) from 1 nodes
[DEBUG] DEBUG_XPATH:   Current context node: GtmConfiguration (type=container, path=/Mcu/GtmConfiguration, children=['GtmConfiguration_0', 'GtmConfiguration_1', 'GtmGeneral', 'Cmu', 'Tbu', 'Tom', 'Atom', 'Tim', 'GtmToPeripheral', 'GtmResourceAllocationConf'])
[DEBUG] DEBUG_XPATH: Navigating segment 'GtmToPeripheral' (axis=child) from 1 nodes
[DEBUG] DEBUG_XPATH:   Current context node: GtmConfiguration_0 (type=container, path=/Mcu/GtmConfiguration/GtmConfiguration_0, children=['GtmGeneral', 'Cmu', 'Tbu', 'Tom', 'Atom', 'Tim', 'GtmToPeripheral', 'GtmResourceAllocationConf'])
[DEBUG] DEBUG_XPATH: Navigating segment '*' (axis=child) from 1 nodes
[DEBUG] DEBUG_XPATH:   Current context node: GtmToPeripheral (type=container, path=/Mcu/GtmConfiguration/GtmConfiguration_0/GtmToPeripheral, children=['GtmToPeripheral'])
[DEBUG] DEBUG_XPATH: Navigating segment 'SaradcSent' (axis=child) from 1 nodes
[DEBUG] DEBUG_XPATH:   Current context node: GtmToPeripheral (type=container, path=/Mcu/GtmConfiguration/GtmConfiguration_0/GtmToPeripheral/GtmToPeripheral, children=['SaradcSent', 'Dsadc', 'Msc', 'Dma'])
[DEBUG] DEBUG_XPATH: _parse_path('*[num:i($SaradcCheckindexIn + 1)]/GtmTriggerSelect') -> parts=['*[num:i($SaradcCheckindexIn + 1)]', 'GtmTriggerSelect']
[DEBUG] DEBUG_XPATH: Navigating segment '*' (axis=child) from 1 nodes
[DEBUG] DEBUG_XPATH:   Current context node: SaradcSent (type=container, path=/Mcu/GtmConfiguration/GtmConfiguration_0/GtmToPeripheral/GtmToPeripheral/SaradcSent, children=['ChannelId', 'GtmTriggerSelect'])
[DEBUG] DEBUG_XPATH: _parse_path('*[num:i($SaradcCheckindexIn + 1)]/GtmTriggerSelect') -> parts=['*[num:i($SaradcCheckindexIn + 1)]', 'GtmTriggerSelect']
[DEBUG] DEBUG_XPATH: Navigating segment '*' (axis=child) from 1 nodes
[DEBUG] DEBUG_XPATH:   Current context node: SaradcSent (type=container, path=/Mcu/GtmConfiguration/GtmConfiguration_0/GtmToPeripheral/GtmToPeripheral/SaradcSent, children=['ChannelId', 'GtmTriggerSelect'])
[DEBUG] DEBUG_XPATH: _parse_path('*[num:i($SaradcCheckindex + 1)]/GtmTriggerSelect') -> parts=['*[num:i($SaradcCheckindex + 1)]', 'GtmTriggerSelect']
[DEBUG] DEBUG_XPATH: Navigating segment '*' (axis=child) from 1 nodes
[DEBUG] DEBUG_XPATH:   Current context node: SaradcSent (type=container, path=/Mcu/GtmConfiguration/GtmConfiguration_0/GtmToPeripheral/GtmToPeripheral/SaradcSent, children=['ChannelId', 'GtmTriggerSelect'])
[DEBUG] DEBUG_XPATH: _parse_path('*[num:i($SaradcCheckindex + 1)]/GtmTriggerSelect') -> parts=['*[num:i($SaradcCheckindex + 1)]', 'GtmTriggerSelect']
[DEBUG] DEBUG_XPATH: Navigating segment '*' (axis=child) from 1 nodes
[DEBUG] DEBUG_XPATH:   Current context node: SaradcSent (type=container, path=/Mcu/GtmConfiguration/GtmConfiguration_0/GtmToPeripheral/GtmToPeripheral/SaradcSent, children=['ChannelId', 'GtmTriggerSelect'])
[DEBUG] DEBUG_XPATH: _parse_path('*[num:i($SaradcCheckindexIn + 1)]/ChannelId') -> parts=['*[num:i($SaradcCheckindexIn + 1)]', 'ChannelId']
[DEBUG] DEBUG_XPATH: Navigating segment '*' (axis=child) from 1 nodes
[DEBUG] DEBUG_XPATH:   Current context node: SaradcSent (type=container, path=/Mcu/GtmConfiguration/GtmConfiguration_0/GtmToPeripheral/GtmToPeripheral/SaradcSent, children=['ChannelId', 'GtmTriggerSelect'])
[DEBUG] DEBUG_XPATH: _parse_path('*[num:i($SaradcCheckindex + 1)]/ChannelId') -> parts=['*[num:i($SaradcCheckindex + 1)]', 'ChannelId']
[DEBUG] DEBUG_XPATH: Navigating segment '*' (axis=child) from 1 nodes
[DEBUG] DEBUG_XPATH:   Current context node: SaradcSent (type=container, path=/Mcu/GtmConfiguration/GtmConfiguration_0/GtmToPeripheral/GtmToPeripheral/SaradcSent, children=['ChannelId', 'GtmTriggerSelect'])
[DEBUG] DEBUG: Evaluating condition: $ChidIn = $ChidOut
[DEBUG] DEBUG: Comparison [$ChidIn = $ChidOut] => [None = None] Result: True
[DEBUG] DEBUG: Evaluating condition: $triggIn = $triggOut
[DEBUG] DEBUG: Comparison [$triggIn = $triggOut] => [both empty ''] Result: False
[DEBUG] DEBUG_XPATH: _parse_path('*[num:i($SaradcCheckindexIn + 1)]/GtmTriggerSelect') -> parts=['*[num:i($SaradcCheckindexIn + 1)]', 'GtmTriggerSelect']
[DEBUG] DEBUG_XPATH: Navigating segment '*' (axis=child) from 1 nodes
[DEBUG] DEBUG_XPATH:   Current context node: SaradcSent (type=container, path=/Mcu/GtmConfiguration/GtmConfiguration_0/GtmToPeripheral/GtmToPeripheral/SaradcSent, children=['ChannelId', 'GtmTriggerSelect'])
[DEBUG] DEBUG_XPATH: _parse_path('*[num:i($SaradcCheckindexIn + 1)]/GtmTriggerSelect') -> parts=['*[num:i($SaradcCheckindexIn + 1)]', 'GtmTriggerSelect']
[DEBUG] DEBUG_XPATH: Navigating segment '*' (axis=child) from 1 nodes
[DEBUG] DEBUG_XPATH:   Current context node: SaradcSent (type=container, path=/Mcu/GtmConfiguration/GtmConfiguration_0/GtmToPeripheral/GtmToPeripheral/SaradcSent, children=['ChannelId', 'GtmTriggerSelect'])
[DEBUG] DEBUG_XPATH: _parse_path('*[num:i($SaradcCheckindex + 1)]/GtmTriggerSelect') -> parts=['*[num:i($SaradcCheckindex + 1)]', 'GtmTriggerSelect']
[DEBUG] DEBUG_XPATH: Navigating segment '*' (axis=child) from 1 nodes
[DEBUG] DEBUG_XPATH:   Current context node: SaradcSent (type=container, path=/Mcu/GtmConfiguration/GtmConfiguration_0/GtmToPeripheral/GtmToPeripheral/SaradcSent, children=['ChannelId', 'GtmTriggerSelect'])
[DEBUG] DEBUG_XPATH: _parse_path('*[num:i($SaradcCheckindex + 1)]/GtmTriggerSelect') -> parts=['*[num:i($SaradcCheckindex + 1)]', 'GtmTriggerSelect']
[DEBUG] DEBUG_XPATH: Navigating segment '*' (axis=child) from 1 nodes
[DEBUG] DEBUG_XPATH:   Current context node: SaradcSent (type=container, path=/Mcu/GtmConfiguration/GtmConfiguration_0/GtmToPeripheral/GtmToPeripheral/SaradcSent, children=['ChannelId', 'GtmTriggerSelect'])
[DEBUG] DEBUG_XPATH: _parse_path('*[num:i($SaradcCheckindexIn + 1)]/ChannelId') -> parts=['*[num:i($SaradcCheckindexIn + 1)]', 'ChannelId']
[DEBUG] DEBUG_XPATH: Navigating segment '*' (axis=child) from 1 nodes
[DEBUG] DEBUG_XPATH:   Current context node: SaradcSent (type=container, path=/Mcu/GtmConfiguration/GtmConfiguration_0/GtmToPeripheral/GtmToPeripheral/SaradcSent, children=['ChannelId', 'GtmTriggerSelect'])
[DEBUG] DEBUG_XPATH: _parse_path('*[num:i($SaradcCheckindex + 1)]/ChannelId') -> parts=['*[num:i($SaradcCheckindex + 1)]', 'ChannelId']
[DEBUG] DEBUG_XPATH: Navigating segment '*' (axis=child) from 1 nodes
[DEBUG] DEBUG_XPATH:   Current context node: SaradcSent (type=container, path=/Mcu/GtmConfiguration/GtmConfiguration_0/GtmToPeripheral/GtmToPeripheral/SaradcSent, children=['ChannelId', 'GtmTriggerSelect'])
[DEBUG] DEBUG: Evaluating condition: $ChidIn = $ChidOut
[DEBUG] DEBUG: Comparison [$ChidIn = $ChidOut] => [None = None] Result: True
[DEBUG] DEBUG: Evaluating condition: $triggIn = $triggOut
[DEBUG] DEBUG: Comparison [$triggIn = $triggOut] => [both empty ''] Result: False
[DEBUG] DEBUG_XPATH: _parse_path('*[num:i($SaradcCheckindexIn + 1)]/GtmTriggerSelect') -> parts=['*[num:i($SaradcCheckindexIn + 1)]', 'GtmTriggerSelect']
[DEBUG] DEBUG_XPATH: Navigating segment '*' (axis=child) from 1 nodes
[DEBUG] DEBUG_XPATH:   Current context node: SaradcSent (type=container, path=/Mcu/GtmConfiguration/GtmConfiguration_0/GtmToPeripheral/GtmToPeripheral/SaradcSent, children=['ChannelId', 'GtmTriggerSelect'])
[DEBUG] DEBUG_XPATH: _parse_path('*[num:i($SaradcCheckindexIn + 1)]/GtmTriggerSelect') -> parts=['*[num:i($SaradcCheckindexIn + 1)]', 'GtmTriggerSelect']
[DEBUG] DEBUG_XPATH: Navigating segment '*' (axis=child) from 1 nodes
[DEBUG] DEBUG_XPATH:   Current context node: SaradcSent (type=container, path=/Mcu/GtmConfiguration/GtmConfiguration_0/GtmToPeripheral/GtmToPeripheral/SaradcSent, children=['ChannelId', 'GtmTriggerSelect'])
[DEBUG] DEBUG_XPATH: _parse_path('*[num:i($SaradcCheckindex + 1)]/GtmTriggerSelect') -> parts=['*[num:i($SaradcCheckindex + 1)]', 'GtmTriggerSelect']
[DEBUG] DEBUG_XPATH: Navigating segment '*' (axis=child) from 1 nodes
[DEBUG] DEBUG_XPATH:   Current context node: SaradcSent (type=container, path=/Mcu/GtmConfiguration/GtmConfiguration_0/GtmToPeripheral/GtmToPeripheral/SaradcSent, children=['ChannelId', 'GtmTriggerSelect'])
[DEBUG] DEBUG_XPATH: _parse_path('*[num:i($SaradcCheckindex + 1)]/GtmTriggerSelect') -> parts=['*[num:i($SaradcCheckindex + 1)]', 'GtmTriggerSelect']
[DEBUG] DEBUG_XPATH: Navigating segment '*' (axis=child) from 1 nodes
[DEBUG] DEBUG_XPATH:   Current context node: SaradcSent (type=container, path=/Mcu/GtmConfiguration/GtmConfiguration_0/GtmToPeripheral/GtmToPeripheral/SaradcSent, children=['ChannelId', 'GtmTriggerSelect'])
[DEBUG] DEBUG_XPATH: _parse_path('*[num:i($SaradcCheckindexIn + 1)]/ChannelId') -> parts=['*[num:i($SaradcCheckindexIn + 1)]', 'ChannelId']
[DEBUG] DEBUG_XPATH: Navigating segment '*' (axis=child) from 1 nodes
[DEBUG] DEBUG_XPATH:   Current context node: SaradcSent (type=container, path=/Mcu/GtmConfiguration/GtmConfiguration_0/GtmToPeripheral/GtmToPeripheral/SaradcSent, children=['ChannelId', 'GtmTriggerSelect'])
[DEBUG] DEBUG_XPATH: _parse_path('*[num:i($SaradcCheckindex + 1)]/ChannelId') -> parts=['*[num:i($SaradcCheckindex + 1)]', 'ChannelId']
[DEBUG] DEBUG_XPATH: Navigating segment '*' (axis=child) from 1 nodes
[DEBUG] DEBUG_XPATH:   Current context node: SaradcSent (type=container, path=/Mcu/GtmConfiguration/GtmConfiguration_0/GtmToPeripheral/GtmToPeripheral/SaradcSent, children=['ChannelId', 'GtmTriggerSelect'])
[DEBUG] DEBUG: Evaluating condition: $ChidIn = $ChidOut
[DEBUG] DEBUG: Comparison [$ChidIn = $ChidOut] => [None = None] Result: True
[DEBUG] DEBUG: Evaluating condition: $triggIn = $triggOut
[DEBUG] DEBUG: Comparison [$triggIn = $triggOut] => [both empty ''] Result: False
[DEBUG] DEBUG_XPATH: _parse_path('*[num:i($SaradcCheckindexIn + 1)]/GtmTriggerSelect') -> parts=['*[num:i($SaradcCheckindexIn + 1)]', 'GtmTriggerSelect']
[DEBUG] DEBUG_XPATH: Navigating segment '*' (axis=child) from 1 nodes
[DEBUG] DEBUG_XPATH:   Current context node: SaradcSent (type=container, path=/Mcu/GtmConfiguration/GtmConfiguration_0/GtmToPeripheral/GtmToPeripheral/SaradcSent, children=['ChannelId', 'GtmTriggerSelect'])
[DEBUG] DEBUG_XPATH: _parse_path('*[num:i($SaradcCheckindexIn + 1)]/GtmTriggerSelect') -> parts=['*[num:i($SaradcCheckindexIn + 1)]', 'GtmTriggerSelect']
[DEBUG] DEBUG_XPATH: Navigating segment '*' (axis=child) from 1 nodes
[DEBUG] DEBUG_XPATH:   Current context node: SaradcSent (type=container, path=/Mcu/GtmConfiguration/GtmConfiguration_0/GtmToPeripheral/GtmToPeripheral/SaradcSent, children=['ChannelId', 'GtmTriggerSelect'])
[DEBUG] DEBUG_XPATH: _parse_path('*[num:i($SaradcCheckindex + 1)]/GtmTriggerSelect') -> parts=['*[num:i($SaradcCheckindex + 1)]', 'GtmTriggerSelect']
[DEBUG] DEBUG_XPATH: Navigating segment '*' (axis=child) from 1 nodes
[DEBUG] DEBUG_XPATH:   Current context node: SaradcSent (type=container, path=/Mcu/GtmConfiguration/GtmConfiguration_0/GtmToPeripheral/GtmToPeripheral/SaradcSent, children=['ChannelId', 'GtmTriggerSelect'])
[DEBUG] DEBUG_XPATH: _parse_path('*[num:i($SaradcCheckindex + 1)]/GtmTriggerSelect') -> parts=['*[num:i($SaradcCheckindex + 1)]', 'GtmTriggerSelect']
[DEBUG] DEBUG_XPATH: Navigating segment '*' (axis=child) from 1 nodes
[DEBUG] DEBUG_XPATH:   Current context node: SaradcSent (type=container, path=/Mcu/GtmConfiguration/GtmConfiguration_0/GtmToPeripheral/GtmToPeripheral/SaradcSent, children=['ChannelId', 'GtmTriggerSelect'])
[DEBUG] DEBUG_XPATH: _parse_path('*[num:i($SaradcCheckindexIn + 1)]/ChannelId') -> parts=['*[num:i($SaradcCheckindexIn + 1)]', 'ChannelId']
[DEBUG] DEBUG_XPATH: Navigating segment '*' (axis=child) from 1 nodes
[DEBUG] DEBUG_XPATH:   Current context node: SaradcSent (type=container, path=/Mcu/GtmConfiguration/GtmConfiguration_0/GtmToPeripheral/GtmToPeripheral/SaradcSent, children=['ChannelId', 'GtmTriggerSelect'])
[DEBUG] DEBUG_XPATH: _parse_path('*[num:i($SaradcCheckindex + 1)]/ChannelId') -> parts=['*[num:i($SaradcCheckindex + 1)]', 'ChannelId']
[DEBUG] DEBUG_XPATH: Navigating segment '*' (axis=child) from 1 nodes
[DEBUG] DEBUG_XPATH:   Current context node: SaradcSent (type=container, path=/Mcu/GtmConfiguration/GtmConfiguration_0/GtmToPeripheral/GtmToPeripheral/SaradcSent, children=['ChannelId', 'GtmTriggerSelect'])
[DEBUG] DEBUG: Evaluating condition: $ChidIn = $ChidOut
[DEBUG] DEBUG: Comparison [$ChidIn = $ChidOut] => [None = None] Result: True
[DEBUG] DEBUG: Evaluating condition: $triggIn = $triggOut
[DEBUG] DEBUG: Comparison [$triggIn = $triggOut] => [both empty ''] Result: False
[DEBUG] DEBUG_XPATH: _parse_path('*[num:i($SaradcCheckindexIn + 1)]/GtmTriggerSelect') -> parts=['*[num:i($SaradcCheckindexIn + 1)]', 'GtmTriggerSelect']
[DEBUG] DEBUG_XPATH: Navigating segment '*' (axis=child) from 1 nodes
[DEBUG] DEBUG_XPATH:   Current context node: SaradcSent (type=container, path=/Mcu/GtmConfiguration/GtmConfiguration_0/GtmToPeripheral/GtmToPeripheral/SaradcSent, children=['ChannelId', 'GtmTriggerSelect'])
[DEBUG] DEBUG_XPATH: _parse_path('*[num:i($SaradcCheckindexIn + 1)]/GtmTriggerSelect') -> parts=['*[num:i($SaradcCheckindexIn + 1)]', 'GtmTriggerSelect']
[DEBUG] DEBUG_XPATH: Navigating segment '*' (axis=child) from 1 nodes
[DEBUG] DEBUG_XPATH:   Current context node: SaradcSent (type=container, path=/Mcu/GtmConfiguration/GtmConfiguration_0/GtmToPeripheral/GtmToPeripheral/SaradcSent, children=['ChannelId', 'GtmTriggerSelect'])
[DEBUG] DEBUG_XPATH: _parse_path('*[num:i($SaradcCheckindex + 1)]/GtmTriggerSelect') -> parts=['*[num:i($SaradcCheckindex + 1)]', 'GtmTriggerSelect']
[DEBUG] DEBUG_XPATH: Navigating segment '*' (axis=child) from 1 nodes
[DEBUG] DEBUG_XPATH:   Current context node: SaradcSent (type=container, path=/Mcu/GtmConfiguration/GtmConfiguration_0/GtmToPeripheral/GtmToPeripheral/SaradcSent, children=['ChannelId', 'GtmTriggerSelect'])
[DEBUG] DEBUG_XPATH: _parse_path('*[num:i($SaradcCheckindex + 1)]/GtmTriggerSelect') -> parts=['*[num:i($SaradcCheckindex + 1)]', 'GtmTriggerSelect']
[DEBUG] DEBUG_XPATH: Navigating segment '*' (axis=child) from 1 nodes
[DEBUG] DEBUG_XPATH:   Current context node: SaradcSent (type=container, path=/Mcu/GtmConfiguration/GtmConfiguration_0/GtmToPeripheral/GtmToPeripheral/SaradcSent, children=['ChannelId', 'GtmTriggerSelect'])
[DEBUG] DEBUG_XPATH: _parse_path('*[num:i($SaradcCheckindexIn + 1)]/ChannelId') -> parts=['*[num:i($SaradcCheckindexIn + 1)]', 'ChannelId']
[DEBUG] DEBUG_XPATH: Navigating segment '*' (axis=child) from 1 nodes
[DEBUG] DEBUG_XPATH:   Current context node: SaradcSent (type=container, path=/Mcu/GtmConfiguration/GtmConfiguration_0/GtmToPeripheral/GtmToPeripheral/SaradcSent, children=['ChannelId', 'GtmTriggerSelect'])
[DEBUG] DEBUG_XPATH: _parse_path('*[num:i($SaradcCheckindex + 1)]/ChannelId') -> parts=['*[num:i($SaradcCheckindex + 1)]', 'ChannelId']
[DEBUG] DEBUG_XPATH: Navigating segment '*' (axis=child) from 1 nodes
[DEBUG] DEBUG_XPATH:   Current context node: SaradcSent (type=container, path=/Mcu/GtmConfiguration/GtmConfiguration_0/GtmToPeripheral/GtmToPeripheral/SaradcSent, children=['ChannelId', 'GtmTriggerSelect'])
[DEBUG] DEBUG: Evaluating condition: $ChidIn = $ChidOut
[DEBUG] DEBUG: Comparison [$ChidIn = $ChidOut] => [None = None] Result: True
[DEBUG] DEBUG: Evaluating condition: $triggIn = $triggOut
[DEBUG] DEBUG: Comparison [$triggIn = $triggOut] => [both empty ''] Result: False
[DEBUG] DEBUG_XPATH: _parse_path('*[num:i($SaradcCheckindexIn + 1)]/GtmTriggerSelect') -> parts=['*[num:i($SaradcCheckindexIn + 1)]', 'GtmTriggerSelect']
[DEBUG] DEBUG_XPATH: Navigating segment '*' (axis=child) from 1 nodes
[DEBUG] DEBUG_XPATH:   Current context node: SaradcSent (type=container, path=/Mcu/GtmConfiguration/GtmConfiguration_0/GtmToPeripheral/GtmToPeripheral/SaradcSent, children=['ChannelId', 'GtmTriggerSelect'])
[DEBUG] DEBUG_XPATH: _parse_path('*[num:i($SaradcCheckindexIn + 1)]/GtmTriggerSelect') -> parts=['*[num:i($SaradcCheckindexIn + 1)]', 'GtmTriggerSelect']
[DEBUG] DEBUG_XPATH: Navigating segment '*' (axis=child) from 1 nodes
[DEBUG] DEBUG_XPATH:   Current context node: SaradcSent (type=container, path=/Mcu/GtmConfiguration/GtmConfiguration_0/GtmToPeripheral/GtmToPeripheral/SaradcSent, children=['ChannelId', 'GtmTriggerSelect'])
[DEBUG] DEBUG_XPATH: _parse_path('*[num:i($SaradcCheckindex + 1)]/GtmTriggerSelect') -> parts=['*[num:i($SaradcCheckindex + 1)]', 'GtmTriggerSelect']
[DEBUG] DEBUG_XPATH: Navigating segment '*' (axis=child) from 1 nodes
[DEBUG] DEBUG_XPATH:   Current context node: SaradcSent (type=container, path=/Mcu/GtmConfiguration/GtmConfiguration_0/GtmToPeripheral/GtmToPeripheral/SaradcSent, children=['ChannelId', 'GtmTriggerSelect'])
[DEBUG] DEBUG_XPATH: _parse_path('*[num:i($SaradcCheckindex + 1)]/GtmTriggerSelect') -> parts=['*[num:i($SaradcCheckindex + 1)]', 'GtmTriggerSelect']
[DEBUG] DEBUG_XPATH: Navigating segment '*' (axis=child) from 1 nodes
[DEBUG] DEBUG_XPATH:   Current context node: SaradcSent (type=container, path=/Mcu/GtmConfiguration/GtmConfiguration_0/GtmToPeripheral/GtmToPeripheral/SaradcSent, children=['ChannelId', 'GtmTriggerSelect'])
[DEBUG] DEBUG_XPATH: _parse_path('*[num:i($SaradcCheckindexIn + 1)]/ChannelId') -> parts=['*[num:i($SaradcCheckindexIn + 1)]', 'ChannelId']
[DEBUG] DEBUG_XPATH: Navigating segment '*' (axis=child) from 1 nodes
[DEBUG] DEBUG_XPATH:   Current context node: SaradcSent (type=container, path=/Mcu/GtmConfiguration/GtmConfiguration_0/GtmToPeripheral/GtmToPeripheral/SaradcSent, children=['ChannelId', 'GtmTriggerSelect'])
[DEBUG] DEBUG_XPATH: _parse_path('*[num:i($SaradcCheckindex + 1)]/ChannelId') -> parts=['*[num:i($SaradcCheckindex + 1)]', 'ChannelId']
[DEBUG] DEBUG_XPATH: Navigating segment '*' (axis=child) from 1 nodes
[DEBUG] DEBUG_XPATH:   Current context node: SaradcSent (type=container, path=/Mcu/GtmConfiguration/GtmConfiguration_0/GtmToPeripheral/GtmToPeripheral/SaradcSent, children=['ChannelId', 'GtmTriggerSelect'])
[DEBUG] DEBUG: Evaluating condition: $ChidIn = $ChidOut
[DEBUG] DEBUG: Comparison [$ChidIn = $ChidOut] => [None = None] Result: True
[DEBUG] DEBUG: Evaluating condition: $triggIn = $triggOut
[DEBUG] DEBUG: Comparison [$triggIn = $triggOut] => [both empty ''] Result: False
[DEBUG] DEBUG_XPATH: _parse_path('*[num:i($SaradcCheckindexIn + 1)]/GtmTriggerSelect') -> parts=['*[num:i($SaradcCheckindexIn + 1)]', 'GtmTriggerSelect']
[DEBUG] DEBUG_XPATH: Navigating segment '*' (axis=child) from 1 nodes
[DEBUG] DEBUG_XPATH:   Current context node: SaradcSent (type=container, path=/Mcu/GtmConfiguration/GtmConfiguration_0/GtmToPeripheral/GtmToPeripheral/SaradcSent, children=['ChannelId', 'GtmTriggerSelect'])
[DEBUG] DEBUG_XPATH: _parse_path('*[num:i($SaradcCheckindexIn + 1)]/GtmTriggerSelect') -> parts=['*[num:i($SaradcCheckindexIn + 1)]', 'GtmTriggerSelect']
[DEBUG] DEBUG_XPATH: Navigating segment '*' (axis=child) from 1 nodes
[DEBUG] DEBUG_XPATH:   Current context node: SaradcSent (type=container, path=/Mcu/GtmConfiguration/GtmConfiguration_0/GtmToPeripheral/GtmToPeripheral/SaradcSent, children=['ChannelId', 'GtmTriggerSelect'])
[DEBUG] DEBUG_XPATH: _parse_path('*[num:i($SaradcCheckindex + 1)]/GtmTriggerSelect') -> parts=['*[num:i($SaradcCheckindex + 1)]', 'GtmTriggerSelect']
[DEBUG] DEBUG_XPATH: Navigating segment '*' (axis=child) from 1 nodes
[DEBUG] DEBUG_XPATH:   Current context node: SaradcSent (type=container, path=/Mcu/GtmConfiguration/GtmConfiguration_0/GtmToPeripheral/GtmToPeripheral/SaradcSent, children=['ChannelId', 'GtmTriggerSelect'])
[DEBUG] DEBUG_XPATH: _parse_path('*[num:i($SaradcCheckindex + 1)]/GtmTriggerSelect') -> parts=['*[num:i($SaradcCheckindex + 1)]', 'GtmTriggerSelect']
[DEBUG] DEBUG_XPATH: Navigating segment '*' (axis=child) from 1 nodes
[DEBUG] DEBUG_XPATH:   Current context node: SaradcSent (type=container, path=/Mcu/GtmConfiguration/GtmConfiguration_0/GtmToPeripheral/GtmToPeripheral/SaradcSent, children=['ChannelId', 'GtmTriggerSelect'])
[DEBUG] DEBUG_XPATH: _parse_path('*[num:i($SaradcCheckindexIn + 1)]/ChannelId') -> parts=['*[num:i($SaradcCheckindexIn + 1)]', 'ChannelId']
[DEBUG] DEBUG_XPATH: Navigating segment '*' (axis=child) from 1 nodes
[DEBUG] DEBUG_XPATH:   Current context node: SaradcSent (type=container, path=/Mcu/GtmConfiguration/GtmConfiguration_0/GtmToPeripheral/GtmToPeripheral/SaradcSent, children=['ChannelId', 'GtmTriggerSelect'])
[DEBUG] DEBUG_XPATH: _parse_path('*[num:i($SaradcCheckindex + 1)]/ChannelId') -> parts=['*[num:i($SaradcCheckindex + 1)]', 'ChannelId']
[DEBUG] DEBUG_XPATH: Navigating segment '*' (axis=child) from 1 nodes
[DEBUG] DEBUG_XPATH:   Current context node: SaradcSent (type=container, path=/Mcu/GtmConfiguration/GtmConfiguration_0/GtmToPeripheral/GtmToPeripheral/SaradcSent, children=['ChannelId', 'GtmTriggerSelect'])
[DEBUG] DEBUG: Evaluating condition: $ChidIn = $ChidOut
[DEBUG] DEBUG: Comparison [$ChidIn = $ChidOut] => [None = None] Result: True
[DEBUG] DEBUG: Evaluating condition: $triggIn = $triggOut
[DEBUG] DEBUG: Comparison [$triggIn = $triggOut] => [both empty ''] Result: False
[DEBUG] DEBUG_XPATH: _parse_path('*[num:i($SaradcCheckindexIn + 1)]/GtmTriggerSelect') -> parts=['*[num:i($SaradcCheckindexIn + 1)]', 'GtmTriggerSelect']
[DEBUG] DEBUG_XPATH: Navigating segment '*' (axis=child) from 1 nodes
[DEBUG] DEBUG_XPATH:   Current context node: SaradcSent (type=container, path=/Mcu/GtmConfiguration/GtmConfiguration_0/GtmToPeripheral/GtmToPeripheral/SaradcSent, children=['ChannelId', 'GtmTriggerSelect'])
[DEBUG] DEBUG_XPATH: _parse_path('*[num:i($SaradcCheckindexIn + 1)]/GtmTriggerSelect') -> parts=['*[num:i($SaradcCheckindexIn + 1)]', 'GtmTriggerSelect']
[DEBUG] DEBUG_XPATH: Navigating segment '*' (axis=child) from 1 nodes
[DEBUG] DEBUG_XPATH:   Current context node: SaradcSent (type=container, path=/Mcu/GtmConfiguration/GtmConfiguration_0/GtmToPeripheral/GtmToPeripheral/SaradcSent, children=['ChannelId', 'GtmTriggerSelect'])
[DEBUG] DEBUG_XPATH: _parse_path('*[num:i($SaradcCheckindex + 1)]/GtmTriggerSelect') -> parts=['*[num:i($SaradcCheckindex + 1)]', 'GtmTriggerSelect']
[DEBUG] DEBUG_XPATH: Navigating segment '*' (axis=child) from 1 nodes
[DEBUG] DEBUG_XPATH:   Current context node: SaradcSent (type=container, path=/Mcu/GtmConfiguration/GtmConfiguration_0/GtmToPeripheral/GtmToPeripheral/SaradcSent, children=['ChannelId', 'GtmTriggerSelect'])
[DEBUG] DEBUG_XPATH: _parse_path('*[num:i($SaradcCheckindex + 1)]/GtmTriggerSelect') -> parts=['*[num:i($SaradcCheckindex + 1)]', 'GtmTriggerSelect']
[DEBUG] DEBUG_XPATH: Navigating segment '*' (axis=child) from 1 nodes
[DEBUG] DEBUG_XPATH:   Current context node: SaradcSent (type=container, path=/Mcu/GtmConfiguration/GtmConfiguration_0/GtmToPeripheral/GtmToPeripheral/SaradcSent, children=['ChannelId', 'GtmTriggerSelect'])
[DEBUG] DEBUG_XPATH: _parse_path('*[num:i($SaradcCheckindexIn + 1)]/ChannelId') -> parts=['*[num:i($SaradcCheckindexIn + 1)]', 'ChannelId']
[DEBUG] DEBUG_XPATH: Navigating segment '*' (axis=child) from 1 nodes
[DEBUG] DEBUG_XPATH:   Current context node: SaradcSent (type=container, path=/Mcu/GtmConfiguration/GtmConfiguration_0/GtmToPeripheral/GtmToPeripheral/SaradcSent, children=['ChannelId', 'GtmTriggerSelect'])
[DEBUG] DEBUG_XPATH: _parse_path('*[num:i($SaradcCheckindex + 1)]/ChannelId') -> parts=['*[num:i($SaradcCheckindex + 1)]', 'ChannelId']
[DEBUG] DEBUG_XPATH: Navigating segment '*' (axis=child) from 1 nodes
[DEBUG] DEBUG_XPATH:   Current context node: SaradcSent (type=container, path=/Mcu/GtmConfiguration/GtmConfiguration_0/GtmToPeripheral/GtmToPeripheral/SaradcSent, children=['ChannelId', 'GtmTriggerSelect'])
[DEBUG] DEBUG: Evaluating condition: $ChidIn = $ChidOut
[DEBUG] DEBUG: Comparison [$ChidIn = $ChidOut] => [None = None] Result: True
[DEBUG] DEBUG: Evaluating condition: $triggIn = $triggOut
[DEBUG] DEBUG: Comparison [$triggIn = $triggOut] => [both empty ''] Result: False
[DEBUG] DEBUG_XPATH: _parse_path('*[num:i($SaradcCheckindexIn + 1)]/GtmTriggerSelect') -> parts=['*[num:i($SaradcCheckindexIn + 1)]', 'GtmTriggerSelect']
[DEBUG] DEBUG_XPATH: Navigating segment '*' (axis=child) from 1 nodes
[DEBUG] DEBUG_XPATH:   Current context node: SaradcSent (type=container, path=/Mcu/GtmConfiguration/GtmConfiguration_0/GtmToPeripheral/GtmToPeripheral/SaradcSent, children=['ChannelId', 'GtmTriggerSelect'])
[DEBUG] DEBUG_XPATH: _parse_path('*[num:i($SaradcCheckindexIn + 1)]/GtmTriggerSelect') -> parts=['*[num:i($SaradcCheckindexIn + 1)]', 'GtmTriggerSelect']
[DEBUG] DEBUG_XPATH: Navigating segment '*' (axis=child) from 1 nodes
[DEBUG] DEBUG_XPATH:   Current context node: SaradcSent (type=container, path=/Mcu/GtmConfiguration/GtmConfiguration_0/GtmToPeripheral/GtmToPeripheral/SaradcSent, children=['ChannelId', 'GtmTriggerSelect'])
[DEBUG] DEBUG_XPATH: _parse_path('*[num:i($SaradcCheckindex + 1)]/GtmTriggerSelect') -> parts=['*[num:i($SaradcCheckindex + 1)]', 'GtmTriggerSelect']
[DEBUG] DEBUG_XPATH: Navigating segment '*' (axis=child) from 1 nodes
[DEBUG] DEBUG_XPATH:   Current context node: SaradcSent (type=container, path=/Mcu/GtmConfiguration/GtmConfiguration_0/GtmToPeripheral/GtmToPeripheral/SaradcSent, children=['ChannelId', 'GtmTriggerSelect'])
[DEBUG] DEBUG_XPATH: _parse_path('*[num:i($SaradcCheckindex + 1)]/GtmTriggerSelect') -> parts=['*[num:i($SaradcCheckindex + 1)]', 'GtmTriggerSelect']
[DEBUG] DEBUG_XPATH: Navigating segment '*' (axis=child) from 1 nodes
[DEBUG] DEBUG_XPATH:   Current context node: SaradcSent (type=container, path=/Mcu/GtmConfiguration/GtmConfiguration_0/GtmToPeripheral/GtmToPeripheral/SaradcSent, children=['ChannelId', 'GtmTriggerSelect'])
[DEBUG] DEBUG_XPATH: _parse_path('*[num:i($SaradcCheckindexIn + 1)]/ChannelId') -> parts=['*[num:i($SaradcCheckindexIn + 1)]', 'ChannelId']
[DEBUG] DEBUG_XPATH: Navigating segment '*' (axis=child) from 1 nodes
[DEBUG] DEBUG_XPATH:   Current context node: SaradcSent (type=container, path=/Mcu/GtmConfiguration/GtmConfiguration_0/GtmToPeripheral/GtmToPeripheral/SaradcSent, children=['ChannelId', 'GtmTriggerSelect'])
[DEBUG] DEBUG_XPATH: _parse_path('*[num:i($SaradcCheckindex + 1)]/ChannelId') -> parts=['*[num:i($SaradcCheckindex + 1)]', 'ChannelId']
[DEBUG] DEBUG_XPATH: Navigating segment '*' (axis=child) from 1 nodes
[DEBUG] DEBUG_XPATH:   Current context node: SaradcSent (type=container, path=/Mcu/GtmConfiguration/GtmConfiguration_0/GtmToPeripheral/GtmToPeripheral/SaradcSent, children=['ChannelId', 'GtmTriggerSelect'])
[DEBUG] DEBUG: Evaluating condition: $ChidIn = $ChidOut
[DEBUG] DEBUG: Comparison [$ChidIn = $ChidOut] => [None = None] Result: True
[DEBUG] DEBUG: Evaluating condition: $triggIn = $triggOut
[DEBUG] DEBUG: Comparison [$triggIn = $triggOut] => [both empty ''] Result: False
[DEBUG] DEBUG_XPATH: _parse_path('*[num:i($SaradcCheckindexIn + 1)]/GtmTriggerSelect') -> parts=['*[num:i($SaradcCheckindexIn + 1)]', 'GtmTriggerSelect']
[DEBUG] DEBUG_XPATH: Navigating segment '*' (axis=child) from 1 nodes
[DEBUG] DEBUG_XPATH:   Current context node: SaradcSent (type=container, path=/Mcu/GtmConfiguration/GtmConfiguration_0/GtmToPeripheral/GtmToPeripheral/SaradcSent, children=['ChannelId', 'GtmTriggerSelect'])
[DEBUG] DEBUG_XPATH: _parse_path('*[num:i($SaradcCheckindexIn + 1)]/GtmTriggerSelect') -> parts=['*[num:i($SaradcCheckindexIn + 1)]', 'GtmTriggerSelect']
[DEBUG] DEBUG_XPATH: Navigating segment '*' (axis=child) from 1 nodes
[DEBUG] DEBUG_XPATH:   Current context node: SaradcSent (type=container, path=/Mcu/GtmConfiguration/GtmConfiguration_0/GtmToPeripheral/GtmToPeripheral/SaradcSent, children=['ChannelId', 'GtmTriggerSelect'])
[DEBUG] DEBUG_XPATH: _parse_path('*[num:i($SaradcCheckindex + 1)]/GtmTriggerSelect') -> parts=['*[num:i($SaradcCheckindex + 1)]', 'GtmTriggerSelect']
[DEBUG] DEBUG_XPATH: Navigating segment '*' (axis=child) from 1 nodes
[DEBUG] DEBUG_XPATH:   Current context node: SaradcSent (type=container, path=/Mcu/GtmConfiguration/GtmConfiguration_0/GtmToPeripheral/GtmToPeripheral/SaradcSent, children=['ChannelId', 'GtmTriggerSelect'])
[DEBUG] DEBUG_XPATH: _parse_path('*[num:i($SaradcCheckindex + 1)]/GtmTriggerSelect') -> parts=['*[num:i($SaradcCheckindex + 1)]', 'GtmTriggerSelect']
[DEBUG] DEBUG_XPATH: Navigating segment '*' (axis=child) from 1 nodes
[DEBUG] DEBUG_XPATH:   Current context node: SaradcSent (type=container, path=/Mcu/GtmConfiguration/GtmConfiguration_0/GtmToPeripheral/GtmToPeripheral/SaradcSent, children=['ChannelId', 'GtmTriggerSelect'])
[DEBUG] DEBUG_XPATH: _parse_path('*[num:i($SaradcCheckindexIn + 1)]/ChannelId') -> parts=['*[num:i($SaradcCheckindexIn + 1)]', 'ChannelId']
[DEBUG] DEBUG_XPATH: Navigating segment '*' (axis=child) from 1 nodes
[DEBUG] DEBUG_XPATH:   Current context node: SaradcSent (type=container, path=/Mcu/GtmConfiguration/GtmConfiguration_0/GtmToPeripheral/GtmToPeripheral/SaradcSent, children=['ChannelId', 'GtmTriggerSelect'])
[DEBUG] DEBUG_XPATH: _parse_path('*[num:i($SaradcCheckindex + 1)]/ChannelId') -> parts=['*[num:i($SaradcCheckindex + 1)]', 'ChannelId']
[DEBUG] DEBUG_XPATH: Navigating segment '*' (axis=child) from 1 nodes
[DEBUG] DEBUG_XPATH:   Current context node: SaradcSent (type=container, path=/Mcu/GtmConfiguration/GtmConfiguration_0/GtmToPeripheral/GtmToPeripheral/SaradcSent, children=['ChannelId', 'GtmTriggerSelect'])
[DEBUG] DEBUG: Evaluating condition: $ChidIn = $ChidOut
[DEBUG] DEBUG: Comparison [$ChidIn = $ChidOut] => [None = None] Result: True
[DEBUG] DEBUG: Evaluating condition: $triggIn = $triggOut
[DEBUG] DEBUG: Comparison [$triggIn = $triggOut] => [both empty ''] Result: False
[DEBUG] DEBUG_XPATH: _parse_path('*[num:i($SaradcCheckindexIn + 1)]/GtmTriggerSelect') -> parts=['*[num:i($SaradcCheckindexIn + 1)]', 'GtmTriggerSelect']
[DEBUG] DEBUG_XPATH: Navigating segment '*' (axis=child) from 1 nodes
[DEBUG] DEBUG_XPATH:   Current context node: SaradcSent (type=container, path=/Mcu/GtmConfiguration/GtmConfiguration_0/GtmToPeripheral/GtmToPeripheral/SaradcSent, children=['ChannelId', 'GtmTriggerSelect'])
[DEBUG] DEBUG_XPATH: _parse_path('*[num:i($SaradcCheckindexIn + 1)]/GtmTriggerSelect') -> parts=['*[num:i($SaradcCheckindexIn + 1)]', 'GtmTriggerSelect']
[DEBUG] DEBUG_XPATH: Navigating segment '*' (axis=child) from 1 nodes
[DEBUG] DEBUG_XPATH:   Current context node: SaradcSent (type=container, path=/Mcu/GtmConfiguration/GtmConfiguration_0/GtmToPeripheral/GtmToPeripheral/SaradcSent, children=['ChannelId', 'GtmTriggerSelect'])
[DEBUG] DEBUG_XPATH: _parse_path('*[num:i($SaradcCheckindex + 1)]/GtmTriggerSelect') -> parts=['*[num:i($SaradcCheckindex + 1)]', 'GtmTriggerSelect']
[DEBUG] DEBUG_XPATH: Navigating segment '*' (axis=child) from 1 nodes
[DEBUG] DEBUG_XPATH:   Current context node: SaradcSent (type=container, path=/Mcu/GtmConfiguration/GtmConfiguration_0/GtmToPeripheral/GtmToPeripheral/SaradcSent, children=['ChannelId', 'GtmTriggerSelect'])
[DEBUG] DEBUG_XPATH: _parse_path('*[num:i($SaradcCheckindex + 1)]/GtmTriggerSelect') -> parts=['*[num:i($SaradcCheckindex + 1)]', 'GtmTriggerSelect']
[DEBUG] DEBUG_XPATH: Navigating segment '*' (axis=child) from 1 nodes
[DEBUG] DEBUG_XPATH:   Current context node: SaradcSent (type=container, path=/Mcu/GtmConfiguration/GtmConfiguration_0/GtmToPeripheral/GtmToPeripheral/SaradcSent, children=['ChannelId', 'GtmTriggerSelect'])
[DEBUG] DEBUG_XPATH: _parse_path('*[num:i($SaradcCheckindexIn + 1)]/ChannelId') -> parts=['*[num:i($SaradcCheckindexIn + 1)]', 'ChannelId']
[DEBUG] DEBUG_XPATH: Navigating segment '*' (axis=child) from 1 nodes
[DEBUG] DEBUG_XPATH:   Current context node: SaradcSent (type=container, path=/Mcu/GtmConfiguration/GtmConfiguration_0/GtmToPeripheral/GtmToPeripheral/SaradcSent, children=['ChannelId', 'GtmTriggerSelect'])
[DEBUG] DEBUG_XPATH: _parse_path('*[num:i($SaradcCheckindex + 1)]/ChannelId') -> parts=['*[num:i($SaradcCheckindex + 1)]', 'ChannelId']
[DEBUG] DEBUG_XPATH: Navigating segment '*' (axis=child) from 1 nodes
[DEBUG] DEBUG_XPATH:   Current context node: SaradcSent (type=container, path=/Mcu/GtmConfiguration/GtmConfiguration_0/GtmToPeripheral/GtmToPeripheral/SaradcSent, children=['ChannelId', 'GtmTriggerSelect'])
[DEBUG] DEBUG: Evaluating condition: $ChidIn = $ChidOut
[DEBUG] DEBUG: Comparison [$ChidIn = $ChidOut] => [None = None] Result: True
[DEBUG] DEBUG: Evaluating condition: $triggIn = $triggOut
[DEBUG] DEBUG: Comparison [$triggIn = $triggOut] => [both empty ''] Result: False
[DEBUG] DEBUG_XPATH: _parse_path('*[num:i($SaradcCheckindexIn + 1)]/GtmTriggerSelect') -> parts=['*[num:i($SaradcCheckindexIn + 1)]', 'GtmTriggerSelect']
[DEBUG] DEBUG_XPATH: Navigating segment '*' (axis=child) from 1 nodes
[DEBUG] DEBUG_XPATH:   Current context node: SaradcSent (type=container, path=/Mcu/GtmConfiguration/GtmConfiguration_0/GtmToPeripheral/GtmToPeripheral/SaradcSent, children=['ChannelId', 'GtmTriggerSelect'])
[DEBUG] DEBUG_XPATH: _parse_path('*[num:i($SaradcCheckindexIn + 1)]/GtmTriggerSelect') -> parts=['*[num:i($SaradcCheckindexIn + 1)]', 'GtmTriggerSelect']
[DEBUG] DEBUG_XPATH: Navigating segment '*' (axis=child) from 1 nodes
[DEBUG] DEBUG_XPATH:   Current context node: SaradcSent (type=container, path=/Mcu/GtmConfiguration/GtmConfiguration_0/GtmToPeripheral/GtmToPeripheral/SaradcSent, children=['ChannelId', 'GtmTriggerSelect'])
[DEBUG] DEBUG_XPATH: _parse_path('*[num:i($SaradcCheckindex + 1)]/GtmTriggerSelect') -> parts=['*[num:i($SaradcCheckindex + 1)]', 'GtmTriggerSelect']
[DEBUG] DEBUG_XPATH: Navigating segment '*' (axis=child) from 1 nodes
[DEBUG] DEBUG_XPATH:   Current context node: SaradcSent (type=container, path=/Mcu/GtmConfiguration/GtmConfiguration_0/GtmToPeripheral/GtmToPeripheral/SaradcSent, children=['ChannelId', 'GtmTriggerSelect'])
[DEBUG] DEBUG_XPATH: _parse_path('*[num:i($SaradcCheckindex + 1)]/GtmTriggerSelect') -> parts=['*[num:i($SaradcCheckindex + 1)]', 'GtmTriggerSelect']
[DEBUG] DEBUG_XPATH: Navigating segment '*' (axis=child) from 1 nodes
[DEBUG] DEBUG_XPATH:   Current context node: SaradcSent (type=container, path=/Mcu/GtmConfiguration/GtmConfiguration_0/GtmToPeripheral/GtmToPeripheral/SaradcSent, children=['ChannelId', 'GtmTriggerSelect'])
[DEBUG] DEBUG_XPATH: _parse_path('*[num:i($SaradcCheckindexIn + 1)]/ChannelId') -> parts=['*[num:i($SaradcCheckindexIn + 1)]', 'ChannelId']
[DEBUG] DEBUG_XPATH: Navigating segment '*' (axis=child) from 1 nodes
[DEBUG] DEBUG_XPATH:   Current context node: SaradcSent (type=container, path=/Mcu/GtmConfiguration/GtmConfiguration_0/GtmToPeripheral/GtmToPeripheral/SaradcSent, children=['ChannelId', 'GtmTriggerSelect'])
[DEBUG] DEBUG_XPATH: _parse_path('*[num:i($SaradcCheckindex + 1)]/ChannelId') -> parts=['*[num:i($SaradcCheckindex + 1)]', 'ChannelId']
[DEBUG] DEBUG_XPATH: Navigating segment '*' (axis=child) from 1 nodes
[DEBUG] DEBUG_XPATH:   Current context node: SaradcSent (type=container, path=/Mcu/GtmConfiguration/GtmConfiguration_0/GtmToPeripheral/GtmToPeripheral/SaradcSent, children=['ChannelId', 'GtmTriggerSelect'])
[DEBUG] DEBUG: Evaluating condition: $ChidIn = $ChidOut
[DEBUG] DEBUG: Comparison [$ChidIn = $ChidOut] => [None = None] Result: True
[DEBUG] DEBUG: Evaluating condition: $triggIn = $triggOut
[DEBUG] DEBUG: Comparison [$triggIn = $triggOut] => [both empty ''] Result: False
[DEBUG] DEBUG_XPATH: _parse_path('*[num:i($SaradcCheckindexIn + 1)]/GtmTriggerSelect') -> parts=['*[num:i($SaradcCheckindexIn + 1)]', 'GtmTriggerSelect']
[DEBUG] DEBUG_XPATH: Navigating segment '*' (axis=child) from 1 nodes
[DEBUG] DEBUG_XPATH:   Current context node: SaradcSent (type=container, path=/Mcu/GtmConfiguration/GtmConfiguration_0/GtmToPeripheral/GtmToPeripheral/SaradcSent, children=['ChannelId', 'GtmTriggerSelect'])
[DEBUG] DEBUG_XPATH: _parse_path('*[num:i($SaradcCheckindexIn + 1)]/GtmTriggerSelect') -> parts=['*[num:i($SaradcCheckindexIn + 1)]', 'GtmTriggerSelect']
[DEBUG] DEBUG_XPATH: Navigating segment '*' (axis=child) from 1 nodes
[DEBUG] DEBUG_XPATH:   Current context node: SaradcSent (type=container, path=/Mcu/GtmConfiguration/GtmConfiguration_0/GtmToPeripheral/GtmToPeripheral/SaradcSent, children=['ChannelId', 'GtmTriggerSelect'])
[DEBUG] DEBUG_XPATH: _parse_path('*[num:i($SaradcCheckindex + 1)]/GtmTriggerSelect') -> parts=['*[num:i($SaradcCheckindex + 1)]', 'GtmTriggerSelect']
[DEBUG] DEBUG_XPATH: Navigating segment '*' (axis=child) from 1 nodes
[DEBUG] DEBUG_XPATH:   Current context node: SaradcSent (type=container, path=/Mcu/GtmConfiguration/GtmConfiguration_0/GtmToPeripheral/GtmToPeripheral/SaradcSent, children=['ChannelId', 'GtmTriggerSelect'])
[DEBUG] DEBUG_XPATH: _parse_path('*[num:i($SaradcCheckindex + 1)]/GtmTriggerSelect') -> parts=['*[num:i($SaradcCheckindex + 1)]', 'GtmTriggerSelect']
[DEBUG] DEBUG_XPATH: Navigating segment '*' (axis=child) from 1 nodes
[DEBUG] DEBUG_XPATH:   Current context node: SaradcSent (type=container, path=/Mcu/GtmConfiguration/GtmConfiguration_0/GtmToPeripheral/GtmToPeripheral/SaradcSent, children=['ChannelId', 'GtmTriggerSelect'])
[DEBUG] DEBUG_XPATH: _parse_path('*[num:i($SaradcCheckindexIn + 1)]/ChannelId') -> parts=['*[num:i($SaradcCheckindexIn + 1)]', 'ChannelId']
[DEBUG] DEBUG_XPATH: Navigating segment '*' (axis=child) from 1 nodes
[DEBUG] DEBUG_XPATH:   Current context node: SaradcSent (type=container, path=/Mcu/GtmConfiguration/GtmConfiguration_0/GtmToPeripheral/GtmToPeripheral/SaradcSent, children=['ChannelId', 'GtmTriggerSelect'])
[DEBUG] DEBUG_XPATH: _parse_path('*[num:i($SaradcCheckindex + 1)]/ChannelId') -> parts=['*[num:i($SaradcCheckindex + 1)]', 'ChannelId']
[DEBUG] DEBUG_XPATH: Navigating segment '*' (axis=child) from 1 nodes
[DEBUG] DEBUG_XPATH:   Current context node: SaradcSent (type=container, path=/Mcu/GtmConfiguration/GtmConfiguration_0/GtmToPeripheral/GtmToPeripheral/SaradcSent, children=['ChannelId', 'GtmTriggerSelect'])
[DEBUG] DEBUG: Evaluating condition: $ChidIn = $ChidOut
[DEBUG] DEBUG: Comparison [$ChidIn = $ChidOut] => [None = None] Result: True
[DEBUG] DEBUG: Evaluating condition: $triggIn = $triggOut
[DEBUG] DEBUG: Comparison [$triggIn = $triggOut] => [both empty ''] Result: False
[DEBUG] DEBUG_XPATH: _parse_path('*[num:i($SaradcCheckindexIn + 1)]/GtmTriggerSelect') -> parts=['*[num:i($SaradcCheckindexIn + 1)]', 'GtmTriggerSelect']
[DEBUG] DEBUG_XPATH: Navigating segment '*' (axis=child) from 1 nodes
[DEBUG] DEBUG_XPATH:   Current context node: SaradcSent (type=container, path=/Mcu/GtmConfiguration/GtmConfiguration_0/GtmToPeripheral/GtmToPeripheral/SaradcSent, children=['ChannelId', 'GtmTriggerSelect'])
[DEBUG] DEBUG_XPATH: _parse_path('*[num:i($SaradcCheckindexIn + 1)]/GtmTriggerSelect') -> parts=['*[num:i($SaradcCheckindexIn + 1)]', 'GtmTriggerSelect']
[DEBUG] DEBUG_XPATH: Navigating segment '*' (axis=child) from 1 nodes
[DEBUG] DEBUG_XPATH:   Current context node: SaradcSent (type=container, path=/Mcu/GtmConfiguration/GtmConfiguration_0/GtmToPeripheral/GtmToPeripheral/SaradcSent, children=['ChannelId', 'GtmTriggerSelect'])
[DEBUG] DEBUG_XPATH: _parse_path('*[num:i($SaradcCheckindex + 1)]/GtmTriggerSelect') -> parts=['*[num:i($SaradcCheckindex + 1)]', 'GtmTriggerSelect']
[DEBUG] DEBUG_XPATH: Navigating segment '*' (axis=child) from 1 nodes
[DEBUG] DEBUG_XPATH:   Current context node: SaradcSent (type=container, path=/Mcu/GtmConfiguration/GtmConfiguration_0/GtmToPeripheral/GtmToPeripheral/SaradcSent, children=['ChannelId', 'GtmTriggerSelect'])
[DEBUG] DEBUG_XPATH: _parse_path('*[num:i($SaradcCheckindex + 1)]/GtmTriggerSelect') -> parts=['*[num:i($SaradcCheckindex + 1)]', 'GtmTriggerSelect']
[DEBUG] DEBUG_XPATH: Navigating segment '*' (axis=child) from 1 nodes
[DEBUG] DEBUG_XPATH:   Current context node: SaradcSent (type=container, path=/Mcu/GtmConfiguration/GtmConfiguration_0/GtmToPeripheral/GtmToPeripheral/SaradcSent, children=['ChannelId', 'GtmTriggerSelect'])
[DEBUG] DEBUG_XPATH: _parse_path('*[num:i($SaradcCheckindexIn + 1)]/ChannelId') -> parts=['*[num:i($SaradcCheckindexIn + 1)]', 'ChannelId']
[DEBUG] DEBUG_XPATH: Navigating segment '*' (axis=child) from 1 nodes
[DEBUG] DEBUG_XPATH:   Current context node: SaradcSent (type=container, path=/Mcu/GtmConfiguration/GtmConfiguration_0/GtmToPeripheral/GtmToPeripheral/SaradcSent, children=['ChannelId', 'GtmTriggerSelect'])
[DEBUG] DEBUG_XPATH: _parse_path('*[num:i($SaradcCheckindex + 1)]/ChannelId') -> parts=['*[num:i($SaradcCheckindex + 1)]', 'ChannelId']
[DEBUG] DEBUG_XPATH: Navigating segment '*' (axis=child) from 1 nodes
[DEBUG] DEBUG_XPATH:   Current context node: SaradcSent (type=container, path=/Mcu/GtmConfiguration/GtmConfiguration_0/GtmToPeripheral/GtmToPeripheral/SaradcSent, children=['ChannelId', 'GtmTriggerSelect'])
[DEBUG] DEBUG: Evaluating condition: $ChidIn = $ChidOut
[DEBUG] DEBUG: Comparison [$ChidIn = $ChidOut] => [None = None] Result: True
[DEBUG] DEBUG: Evaluating condition: $triggIn = $triggOut
[DEBUG] DEBUG: Comparison [$triggIn = $triggOut] => [both empty ''] Result: False
[DEBUG] DEBUG_XPATH: _parse_path('*[num:i($SaradcCheckindexIn + 1)]/GtmTriggerSelect') -> parts=['*[num:i($SaradcCheckindexIn + 1)]', 'GtmTriggerSelect']
[DEBUG] DEBUG_XPATH: Navigating segment '*' (axis=child) from 1 nodes
[DEBUG] DEBUG_XPATH:   Current context node: SaradcSent (type=container, path=/Mcu/GtmConfiguration/GtmConfiguration_0/GtmToPeripheral/GtmToPeripheral/SaradcSent, children=['ChannelId', 'GtmTriggerSelect'])
[DEBUG] DEBUG_XPATH: _parse_path('*[num:i($SaradcCheckindexIn + 1)]/GtmTriggerSelect') -> parts=['*[num:i($SaradcCheckindexIn + 1)]', 'GtmTriggerSelect']
[DEBUG] DEBUG_XPATH: Navigating segment '*' (axis=child) from 1 nodes
[DEBUG] DEBUG_XPATH:   Current context node: SaradcSent (type=container, path=/Mcu/GtmConfiguration/GtmConfiguration_0/GtmToPeripheral/GtmToPeripheral/SaradcSent, children=['ChannelId', 'GtmTriggerSelect'])
[DEBUG] DEBUG_XPATH: _parse_path('*[num:i($SaradcCheckindex + 1)]/GtmTriggerSelect') -> parts=['*[num:i($SaradcCheckindex + 1)]', 'GtmTriggerSelect']
[DEBUG] DEBUG_XPATH: Navigating segment '*' (axis=child) from 1 nodes
[DEBUG] DEBUG_XPATH:   Current context node: SaradcSent (type=container, path=/Mcu/GtmConfiguration/GtmConfiguration_0/GtmToPeripheral/GtmToPeripheral/SaradcSent, children=['ChannelId', 'GtmTriggerSelect'])
[DEBUG] DEBUG_XPATH: _parse_path('*[num:i($SaradcCheckindex + 1)]/GtmTriggerSelect') -> parts=['*[num:i($SaradcCheckindex + 1)]', 'GtmTriggerSelect']
[DEBUG] DEBUG_XPATH: Navigating segment '*' (axis=child) from 1 nodes
[DEBUG] DEBUG_XPATH:   Current context node: SaradcSent (type=container, path=/Mcu/GtmConfiguration/GtmConfiguration_0/GtmToPeripheral/GtmToPeripheral/SaradcSent, children=['ChannelId', 'GtmTriggerSelect'])
[DEBUG] DEBUG_XPATH: _parse_path('*[num:i($SaradcCheckindexIn + 1)]/ChannelId') -> parts=['*[num:i($SaradcCheckindexIn + 1)]', 'ChannelId']
[DEBUG] DEBUG_XPATH: Navigating segment '*' (axis=child) from 1 nodes
[DEBUG] DEBUG_XPATH:   Current context node: SaradcSent (type=container, path=/Mcu/GtmConfiguration/GtmConfiguration_0/GtmToPeripheral/GtmToPeripheral/SaradcSent, children=['ChannelId', 'GtmTriggerSelect'])
[DEBUG] DEBUG_XPATH: _parse_path('*[num:i($SaradcCheckindex + 1)]/ChannelId') -> parts=['*[num:i($SaradcCheckindex + 1)]', 'ChannelId']
[DEBUG] DEBUG_XPATH: Navigating segment '*' (axis=child) from 1 nodes
[DEBUG] DEBUG_XPATH:   Current context node: SaradcSent (type=container, path=/Mcu/GtmConfiguration/GtmConfiguration_0/GtmToPeripheral/GtmToPeripheral/SaradcSent, children=['ChannelId', 'GtmTriggerSelect'])
[DEBUG] DEBUG: Evaluating condition: $ChidIn = $ChidOut
[DEBUG] DEBUG: Comparison [$ChidIn = $ChidOut] => [None = None] Result: True
[DEBUG] DEBUG: Evaluating condition: $triggIn = $triggOut
[DEBUG] DEBUG: Comparison [$triggIn = $triggOut] => [both empty ''] Result: False
[DEBUG] DEBUG_XPATH: _parse_path('*[num:i($SaradcCheckindexIn + 1)]/GtmTriggerSelect') -> parts=['*[num:i($SaradcCheckindexIn + 1)]', 'GtmTriggerSelect']
[DEBUG] DEBUG_XPATH: Navigating segment '*' (axis=child) from 1 nodes
[DEBUG] DEBUG_XPATH:   Current context node: SaradcSent (type=container, path=/Mcu/GtmConfiguration/GtmConfiguration_0/GtmToPeripheral/GtmToPeripheral/SaradcSent, children=['ChannelId', 'GtmTriggerSelect'])
[DEBUG] DEBUG_XPATH: _parse_path('*[num:i($SaradcCheckindexIn + 1)]/GtmTriggerSelect') -> parts=['*[num:i($SaradcCheckindexIn + 1)]', 'GtmTriggerSelect']
[DEBUG] DEBUG_XPATH: Navigating segment '*' (axis=child) from 1 nodes
[DEBUG] DEBUG_XPATH:   Current context node: SaradcSent (type=container, path=/Mcu/GtmConfiguration/GtmConfiguration_0/GtmToPeripheral/GtmToPeripheral/SaradcSent, children=['ChannelId', 'GtmTriggerSelect'])
[DEBUG] DEBUG_XPATH: _parse_path('*[num:i($SaradcCheckindex + 1)]/GtmTriggerSelect') -> parts=['*[num:i($SaradcCheckindex + 1)]', 'GtmTriggerSelect']
[DEBUG] DEBUG_XPATH: Navigating segment '*' (axis=child) from 1 nodes
[DEBUG] DEBUG_XPATH:   Current context node: SaradcSent (type=container, path=/Mcu/GtmConfiguration/GtmConfiguration_0/GtmToPeripheral/GtmToPeripheral/SaradcSent, children=['ChannelId', 'GtmTriggerSelect'])
[DEBUG] DEBUG_XPATH: _parse_path('*[num:i($SaradcCheckindex + 1)]/GtmTriggerSelect') -> parts=['*[num:i($SaradcCheckindex + 1)]', 'GtmTriggerSelect']
[DEBUG] DEBUG_XPATH: Navigating segment '*' (axis=child) from 1 nodes
[DEBUG] DEBUG_XPATH:   Current context node: SaradcSent (type=container, path=/Mcu/GtmConfiguration/GtmConfiguration_0/GtmToPeripheral/GtmToPeripheral/SaradcSent, children=['ChannelId', 'GtmTriggerSelect'])
[DEBUG] DEBUG_XPATH: _parse_path('*[num:i($SaradcCheckindexIn + 1)]/ChannelId') -> parts=['*[num:i($SaradcCheckindexIn + 1)]', 'ChannelId']
[DEBUG] DEBUG_XPATH: Navigating segment '*' (axis=child) from 1 nodes
[DEBUG] DEBUG_XPATH:   Current context node: SaradcSent (type=container, path=/Mcu/GtmConfiguration/GtmConfiguration_0/GtmToPeripheral/GtmToPeripheral/SaradcSent, children=['ChannelId', 'GtmTriggerSelect'])
[DEBUG] DEBUG_XPATH: _parse_path('*[num:i($SaradcCheckindex + 1)]/ChannelId') -> parts=['*[num:i($SaradcCheckindex + 1)]', 'ChannelId']
[DEBUG] DEBUG_XPATH: Navigating segment '*' (axis=child) from 1 nodes
[DEBUG] DEBUG_XPATH:   Current context node: SaradcSent (type=container, path=/Mcu/GtmConfiguration/GtmConfiguration_0/GtmToPeripheral/GtmToPeripheral/SaradcSent, children=['ChannelId', 'GtmTriggerSelect'])
[DEBUG] DEBUG: Evaluating condition: $ChidIn = $ChidOut
[DEBUG] DEBUG: Comparison [$ChidIn = $ChidOut] => [None = None] Result: True
[DEBUG] DEBUG: Evaluating condition: $triggIn = $triggOut
[DEBUG] DEBUG: Comparison [$triggIn = $triggOut] => [both empty ''] Result: False
[DEBUG] DEBUG_XPATH: _parse_path('*[num:i($SaradcCheckindexIn + 1)]/GtmTriggerSelect') -> parts=['*[num:i($SaradcCheckindexIn + 1)]', 'GtmTriggerSelect']
[DEBUG] DEBUG_XPATH: Navigating segment '*' (axis=child) from 1 nodes
[DEBUG] DEBUG_XPATH:   Current context node: SaradcSent (type=container, path=/Mcu/GtmConfiguration/GtmConfiguration_0/GtmToPeripheral/GtmToPeripheral/SaradcSent, children=['ChannelId', 'GtmTriggerSelect'])
[DEBUG] DEBUG_XPATH: _parse_path('*[num:i($SaradcCheckindexIn + 1)]/GtmTriggerSelect') -> parts=['*[num:i($SaradcCheckindexIn + 1)]', 'GtmTriggerSelect']
[DEBUG] DEBUG_XPATH: Navigating segment '*' (axis=child) from 1 nodes
[DEBUG] DEBUG_XPATH:   Current context node: SaradcSent (type=container, path=/Mcu/GtmConfiguration/GtmConfiguration_0/GtmToPeripheral/GtmToPeripheral/SaradcSent, children=['ChannelId', 'GtmTriggerSelect'])
[DEBUG] DEBUG_XPATH: _parse_path('*[num:i($SaradcCheckindex + 1)]/GtmTriggerSelect') -> parts=['*[num:i($SaradcCheckindex + 1)]', 'GtmTriggerSelect']
[DEBUG] DEBUG_XPATH: Navigating segment '*' (axis=child) from 1 nodes
[DEBUG] DEBUG_XPATH:   Current context node: SaradcSent (type=container, path=/Mcu/GtmConfiguration/GtmConfiguration_0/GtmToPeripheral/GtmToPeripheral/SaradcSent, children=['ChannelId', 'GtmTriggerSelect'])
[DEBUG] DEBUG_XPATH: _parse_path('*[num:i($SaradcCheckindex + 1)]/GtmTriggerSelect') -> parts=['*[num:i($SaradcCheckindex + 1)]', 'GtmTriggerSelect']
[DEBUG] DEBUG_XPATH: Navigating segment '*' (axis=child) from 1 nodes
[DEBUG] DEBUG_XPATH:   Current context node: SaradcSent (type=container, path=/Mcu/GtmConfiguration/GtmConfiguration_0/GtmToPeripheral/GtmToPeripheral/SaradcSent, children=['ChannelId', 'GtmTriggerSelect'])
[DEBUG] DEBUG_XPATH: _parse_path('*[num:i($SaradcCheckindexIn + 1)]/ChannelId') -> parts=['*[num:i($SaradcCheckindexIn + 1)]', 'ChannelId']
[DEBUG] DEBUG_XPATH: Navigating segment '*' (axis=child) from 1 nodes
[DEBUG] DEBUG_XPATH:   Current context node: SaradcSent (type=container, path=/Mcu/GtmConfiguration/GtmConfiguration_0/GtmToPeripheral/GtmToPeripheral/SaradcSent, children=['ChannelId', 'GtmTriggerSelect'])
[DEBUG] DEBUG_XPATH: _parse_path('*[num:i($SaradcCheckindex + 1)]/ChannelId') -> parts=['*[num:i($SaradcCheckindex + 1)]', 'ChannelId']
[DEBUG] DEBUG_XPATH: Navigating segment '*' (axis=child) from 1 nodes
[DEBUG] DEBUG_XPATH:   Current context node: SaradcSent (type=container, path=/Mcu/GtmConfiguration/GtmConfiguration_0/GtmToPeripheral/GtmToPeripheral/SaradcSent, children=['ChannelId', 'GtmTriggerSelect'])
[DEBUG] DEBUG: Evaluating condition: $ChidIn = $ChidOut
[DEBUG] DEBUG: Comparison [$ChidIn = $ChidOut] => [None = None] Result: True
[DEBUG] DEBUG: Evaluating condition: $triggIn = $triggOut
[DEBUG] DEBUG: Comparison [$triggIn = $triggOut] => [both empty ''] Result: False
[DEBUG] DEBUG_XPATH: _parse_path('*[num:i($SaradcCheckindexIn + 1)]/GtmTriggerSelect') -> parts=['*[num:i($SaradcCheckindexIn + 1)]', 'GtmTriggerSelect']
[DEBUG] DEBUG_XPATH: Navigating segment '*' (axis=child) from 1 nodes
[DEBUG] DEBUG_XPATH:   Current context node: SaradcSent (type=container, path=/Mcu/GtmConfiguration/GtmConfiguration_0/GtmToPeripheral/GtmToPeripheral/SaradcSent, children=['ChannelId', 'GtmTriggerSelect'])
[DEBUG] DEBUG_XPATH: _parse_path('*[num:i($SaradcCheckindexIn + 1)]/GtmTriggerSelect') -> parts=['*[num:i($SaradcCheckindexIn + 1)]', 'GtmTriggerSelect']
[DEBUG] DEBUG_XPATH: Navigating segment '*' (axis=child) from 1 nodes
[DEBUG] DEBUG_XPATH:   Current context node: SaradcSent (type=container, path=/Mcu/GtmConfiguration/GtmConfiguration_0/GtmToPeripheral/GtmToPeripheral/SaradcSent, children=['ChannelId', 'GtmTriggerSelect'])
[DEBUG] DEBUG_XPATH: _parse_path('*[num:i($SaradcCheckindex + 1)]/GtmTriggerSelect') -> parts=['*[num:i($SaradcCheckindex + 1)]', 'GtmTriggerSelect']
[DEBUG] DEBUG_XPATH: Navigating segment '*' (axis=child) from 1 nodes
[DEBUG] DEBUG_XPATH:   Current context node: SaradcSent (type=container, path=/Mcu/GtmConfiguration/GtmConfiguration_0/GtmToPeripheral/GtmToPeripheral/SaradcSent, children=['ChannelId', 'GtmTriggerSelect'])
[DEBUG] DEBUG_XPATH: _parse_path('*[num:i($SaradcCheckindex + 1)]/GtmTriggerSelect') -> parts=['*[num:i($SaradcCheckindex + 1)]', 'GtmTriggerSelect']
[DEBUG] DEBUG_XPATH: Navigating segment '*' (axis=child) from 1 nodes
[DEBUG] DEBUG_XPATH:   Current context node: SaradcSent (type=container, path=/Mcu/GtmConfiguration/GtmConfiguration_0/GtmToPeripheral/GtmToPeripheral/SaradcSent, children=['ChannelId', 'GtmTriggerSelect'])
[DEBUG] DEBUG_XPATH: _parse_path('*[num:i($SaradcCheckindexIn + 1)]/ChannelId') -> parts=['*[num:i($SaradcCheckindexIn + 1)]', 'ChannelId']
[DEBUG] DEBUG_XPATH: Navigating segment '*' (axis=child) from 1 nodes
[DEBUG] DEBUG_XPATH:   Current context node: SaradcSent (type=container, path=/Mcu/GtmConfiguration/GtmConfiguration_0/GtmToPeripheral/GtmToPeripheral/SaradcSent, children=['ChannelId', 'GtmTriggerSelect'])
[DEBUG] DEBUG_XPATH: _parse_path('*[num:i($SaradcCheckindex + 1)]/ChannelId') -> parts=['*[num:i($SaradcCheckindex + 1)]', 'ChannelId']
[DEBUG] DEBUG_XPATH: Navigating segment '*' (axis=child) from 1 nodes
[DEBUG] DEBUG_XPATH:   Current context node: SaradcSent (type=container, path=/Mcu/GtmConfiguration/GtmConfiguration_0/GtmToPeripheral/GtmToPeripheral/SaradcSent, children=['ChannelId', 'GtmTriggerSelect'])
[DEBUG] DEBUG: Evaluating condition: $ChidIn = $ChidOut
[DEBUG] DEBUG: Comparison [$ChidIn = $ChidOut] => [None = None] Result: True
[DEBUG] DEBUG: Evaluating condition: $triggIn = $triggOut
[DEBUG] DEBUG: Comparison [$triggIn = $triggOut] => [both empty ''] Result: False
[DEBUG] DEBUG_XPATH: _parse_path('*[num:i($SaradcCheckindexIn + 1)]/GtmTriggerSelect') -> parts=['*[num:i($SaradcCheckindexIn + 1)]', 'GtmTriggerSelect']
[DEBUG] DEBUG_XPATH: Navigating segment '*' (axis=child) from 1 nodes
[DEBUG] DEBUG_XPATH:   Current context node: SaradcSent (type=container, path=/Mcu/GtmConfiguration/GtmConfiguration_0/GtmToPeripheral/GtmToPeripheral/SaradcSent, children=['ChannelId', 'GtmTriggerSelect'])
[DEBUG] DEBUG_XPATH: _parse_path('*[num:i($SaradcCheckindexIn + 1)]/GtmTriggerSelect') -> parts=['*[num:i($SaradcCheckindexIn + 1)]', 'GtmTriggerSelect']
[DEBUG] DEBUG_XPATH: Navigating segment '*' (axis=child) from 1 nodes
[DEBUG] DEBUG_XPATH:   Current context node: SaradcSent (type=container, path=/Mcu/GtmConfiguration/GtmConfiguration_0/GtmToPeripheral/GtmToPeripheral/SaradcSent, children=['ChannelId', 'GtmTriggerSelect'])
[DEBUG] DEBUG_XPATH: _parse_path('*[num:i($SaradcCheckindex + 1)]/GtmTriggerSelect') -> parts=['*[num:i($SaradcCheckindex + 1)]', 'GtmTriggerSelect']
[DEBUG] DEBUG_XPATH: Navigating segment '*' (axis=child) from 1 nodes
[DEBUG] DEBUG_XPATH:   Current context node: SaradcSent (type=container, path=/Mcu/GtmConfiguration/GtmConfiguration_0/GtmToPeripheral/GtmToPeripheral/SaradcSent, children=['ChannelId', 'GtmTriggerSelect'])
[DEBUG] DEBUG_XPATH: _parse_path('*[num:i($SaradcCheckindex + 1)]/GtmTriggerSelect') -> parts=['*[num:i($SaradcCheckindex + 1)]', 'GtmTriggerSelect']
[DEBUG] DEBUG_XPATH: Navigating segment '*' (axis=child) from 1 nodes
[DEBUG] DEBUG_XPATH:   Current context node: SaradcSent (type=container, path=/Mcu/GtmConfiguration/GtmConfiguration_0/GtmToPeripheral/GtmToPeripheral/SaradcSent, children=['ChannelId', 'GtmTriggerSelect'])
[DEBUG] DEBUG_XPATH: _parse_path('*[num:i($SaradcCheckindexIn + 1)]/ChannelId') -> parts=['*[num:i($SaradcCheckindexIn + 1)]', 'ChannelId']
[DEBUG] DEBUG_XPATH: Navigating segment '*' (axis=child) from 1 nodes
[DEBUG] DEBUG_XPATH:   Current context node: SaradcSent (type=container, path=/Mcu/GtmConfiguration/GtmConfiguration_0/GtmToPeripheral/GtmToPeripheral/SaradcSent, children=['ChannelId', 'GtmTriggerSelect'])
[DEBUG] DEBUG_XPATH: _parse_path('*[num:i($SaradcCheckindex + 1)]/ChannelId') -> parts=['*[num:i($SaradcCheckindex + 1)]', 'ChannelId']
[DEBUG] DEBUG_XPATH: Navigating segment '*' (axis=child) from 1 nodes
[DEBUG] DEBUG_XPATH:   Current context node: SaradcSent (type=container, path=/Mcu/GtmConfiguration/GtmConfiguration_0/GtmToPeripheral/GtmToPeripheral/SaradcSent, children=['ChannelId', 'GtmTriggerSelect'])
[DEBUG] DEBUG: Evaluating condition: $ChidIn = $ChidOut
[DEBUG] DEBUG: Comparison [$ChidIn = $ChidOut] => [None = None] Result: True
[DEBUG] DEBUG: Evaluating condition: $triggIn = $triggOut
[DEBUG] DEBUG: Comparison [$triggIn = $triggOut] => [both empty ''] Result: False
[DEBUG] DEBUG_XPATH: _parse_path('*[num:i($SaradcCheckindexIn + 1)]/GtmTriggerSelect') -> parts=['*[num:i($SaradcCheckindexIn + 1)]', 'GtmTriggerSelect']
[DEBUG] DEBUG_XPATH: Navigating segment '*' (axis=child) from 1 nodes
[DEBUG] DEBUG_XPATH:   Current context node: SaradcSent (type=container, path=/Mcu/GtmConfiguration/GtmConfiguration_0/GtmToPeripheral/GtmToPeripheral/SaradcSent, children=['ChannelId', 'GtmTriggerSelect'])
[DEBUG] DEBUG_XPATH: _parse_path('*[num:i($SaradcCheckindexIn + 1)]/GtmTriggerSelect') -> parts=['*[num:i($SaradcCheckindexIn + 1)]', 'GtmTriggerSelect']
[DEBUG] DEBUG_XPATH: Navigating segment '*' (axis=child) from 1 nodes
[DEBUG] DEBUG_XPATH:   Current context node: SaradcSent (type=container, path=/Mcu/GtmConfiguration/GtmConfiguration_0/GtmToPeripheral/GtmToPeripheral/SaradcSent, children=['ChannelId', 'GtmTriggerSelect'])
[DEBUG] DEBUG_XPATH: _parse_path('*[num:i($SaradcCheckindex + 1)]/GtmTriggerSelect') -> parts=['*[num:i($SaradcCheckindex + 1)]', 'GtmTriggerSelect']
[DEBUG] DEBUG_XPATH: Navigating segment '*' (axis=child) from 1 nodes
[DEBUG] DEBUG_XPATH:   Current context node: SaradcSent (type=container, path=/Mcu/GtmConfiguration/GtmConfiguration_0/GtmToPeripheral/GtmToPeripheral/SaradcSent, children=['ChannelId', 'GtmTriggerSelect'])
[DEBUG] DEBUG_XPATH: _parse_path('*[num:i($SaradcCheckindex + 1)]/GtmTriggerSelect') -> parts=['*[num:i($SaradcCheckindex + 1)]', 'GtmTriggerSelect']
[DEBUG] DEBUG_XPATH: Navigating segment '*' (axis=child) from 1 nodes
[DEBUG] DEBUG_XPATH:   Current context node: SaradcSent (type=container, path=/Mcu/GtmConfiguration/GtmConfiguration_0/GtmToPeripheral/GtmToPeripheral/SaradcSent, children=['ChannelId', 'GtmTriggerSelect'])
[DEBUG] DEBUG_XPATH: _parse_path('*[num:i($SaradcCheckindexIn + 1)]/ChannelId') -> parts=['*[num:i($SaradcCheckindexIn + 1)]', 'ChannelId']
[DEBUG] DEBUG_XPATH: Navigating segment '*' (axis=child) from 1 nodes
[DEBUG] DEBUG_XPATH:   Current context node: SaradcSent (type=container, path=/Mcu/GtmConfiguration/GtmConfiguration_0/GtmToPeripheral/GtmToPeripheral/SaradcSent, children=['ChannelId', 'GtmTriggerSelect'])
[DEBUG] DEBUG_XPATH: _parse_path('*[num:i($SaradcCheckindex + 1)]/ChannelId') -> parts=['*[num:i($SaradcCheckindex + 1)]', 'ChannelId']
[DEBUG] DEBUG_XPATH: Navigating segment '*' (axis=child) from 1 nodes
[DEBUG] DEBUG_XPATH:   Current context node: SaradcSent (type=container, path=/Mcu/GtmConfiguration/GtmConfiguration_0/GtmToPeripheral/GtmToPeripheral/SaradcSent, children=['ChannelId', 'GtmTriggerSelect'])
[DEBUG] DEBUG: Evaluating condition: $ChidIn = $ChidOut
[DEBUG] DEBUG: Comparison [$ChidIn = $ChidOut] => [None = None] Result: True
[DEBUG] DEBUG: Evaluating condition: $triggIn = $triggOut
[DEBUG] DEBUG: Comparison [$triggIn = $triggOut] => [both empty ''] Result: False
[DEBUG] DEBUG_XPATH: _parse_path('*[num:i($SaradcCheckindexIn + 1)]/GtmTriggerSelect') -> parts=['*[num:i($SaradcCheckindexIn + 1)]', 'GtmTriggerSelect']
[DEBUG] DEBUG_XPATH: Navigating segment '*' (axis=child) from 1 nodes
[DEBUG] DEBUG_XPATH:   Current context node: SaradcSent (type=container, path=/Mcu/GtmConfiguration/GtmConfiguration_0/GtmToPeripheral/GtmToPeripheral/SaradcSent, children=['ChannelId', 'GtmTriggerSelect'])
[DEBUG] DEBUG_XPATH: _parse_path('*[num:i($SaradcCheckindexIn + 1)]/GtmTriggerSelect') -> parts=['*[num:i($SaradcCheckindexIn + 1)]', 'GtmTriggerSelect']
[DEBUG] DEBUG_XPATH: Navigating segment '*' (axis=child) from 1 nodes
[DEBUG] DEBUG_XPATH:   Current context node: SaradcSent (type=container, path=/Mcu/GtmConfiguration/GtmConfiguration_0/GtmToPeripheral/GtmToPeripheral/SaradcSent, children=['ChannelId', 'GtmTriggerSelect'])
[DEBUG] DEBUG_XPATH: _parse_path('*[num:i($SaradcCheckindex + 1)]/GtmTriggerSelect') -> parts=['*[num:i($SaradcCheckindex + 1)]', 'GtmTriggerSelect']
[DEBUG] DEBUG_XPATH: Navigating segment '*' (axis=child) from 1 nodes
[DEBUG] DEBUG_XPATH:   Current context node: SaradcSent (type=container, path=/Mcu/GtmConfiguration/GtmConfiguration_0/GtmToPeripheral/GtmToPeripheral/SaradcSent, children=['ChannelId', 'GtmTriggerSelect'])
[DEBUG] DEBUG_XPATH: _parse_path('*[num:i($SaradcCheckindex + 1)]/GtmTriggerSelect') -> parts=['*[num:i($SaradcCheckindex + 1)]', 'GtmTriggerSelect']
[DEBUG] DEBUG_XPATH: Navigating segment '*' (axis=child) from 1 nodes
[DEBUG] DEBUG_XPATH:   Current context node: SaradcSent (type=container, path=/Mcu/GtmConfiguration/GtmConfiguration_0/GtmToPeripheral/GtmToPeripheral/SaradcSent, children=['ChannelId', 'GtmTriggerSelect'])
[DEBUG] DEBUG_XPATH: _parse_path('*[num:i($SaradcCheckindexIn + 1)]/ChannelId') -> parts=['*[num:i($SaradcCheckindexIn + 1)]', 'ChannelId']
[DEBUG] DEBUG_XPATH: Navigating segment '*' (axis=child) from 1 nodes
[DEBUG] DEBUG_XPATH:   Current context node: SaradcSent (type=container, path=/Mcu/GtmConfiguration/GtmConfiguration_0/GtmToPeripheral/GtmToPeripheral/SaradcSent, children=['ChannelId', 'GtmTriggerSelect'])
[DEBUG] DEBUG_XPATH: _parse_path('*[num:i($SaradcCheckindex + 1)]/ChannelId') -> parts=['*[num:i($SaradcCheckindex + 1)]', 'ChannelId']
[DEBUG] DEBUG_XPATH: Navigating segment '*' (axis=child) from 1 nodes
[DEBUG] DEBUG_XPATH:   Current context node: SaradcSent (type=container, path=/Mcu/GtmConfiguration/GtmConfiguration_0/GtmToPeripheral/GtmToPeripheral/SaradcSent, children=['ChannelId', 'GtmTriggerSelect'])
[DEBUG] DEBUG: Evaluating condition: $ChidIn = $ChidOut
[DEBUG] DEBUG: Comparison [$ChidIn = $ChidOut] => [None = None] Result: True
[DEBUG] DEBUG: Evaluating condition: $triggIn = $triggOut
[DEBUG] DEBUG: Comparison [$triggIn = $triggOut] => [both empty ''] Result: False
[DEBUG] DEBUG_XPATH: _parse_path('*[num:i($SaradcCheckindexIn + 1)]/GtmTriggerSelect') -> parts=['*[num:i($SaradcCheckindexIn + 1)]', 'GtmTriggerSelect']
[DEBUG] DEBUG_XPATH: Navigating segment '*' (axis=child) from 1 nodes
[DEBUG] DEBUG_XPATH:   Current context node: SaradcSent (type=container, path=/Mcu/GtmConfiguration/GtmConfiguration_0/GtmToPeripheral/GtmToPeripheral/SaradcSent, children=['ChannelId', 'GtmTriggerSelect'])
[DEBUG] DEBUG_XPATH: _parse_path('*[num:i($SaradcCheckindexIn + 1)]/GtmTriggerSelect') -> parts=['*[num:i($SaradcCheckindexIn + 1)]', 'GtmTriggerSelect']
[DEBUG] DEBUG_XPATH: Navigating segment '*' (axis=child) from 1 nodes
[DEBUG] DEBUG_XPATH:   Current context node: SaradcSent (type=container, path=/Mcu/GtmConfiguration/GtmConfiguration_0/GtmToPeripheral/GtmToPeripheral/SaradcSent, children=['ChannelId', 'GtmTriggerSelect'])
[DEBUG] DEBUG_XPATH: _parse_path('*[num:i($SaradcCheckindex + 1)]/GtmTriggerSelect') -> parts=['*[num:i($SaradcCheckindex + 1)]', 'GtmTriggerSelect']
[DEBUG] DEBUG_XPATH: Navigating segment '*' (axis=child) from 1 nodes
[DEBUG] DEBUG_XPATH:   Current context node: SaradcSent (type=container, path=/Mcu/GtmConfiguration/GtmConfiguration_0/GtmToPeripheral/GtmToPeripheral/SaradcSent, children=['ChannelId', 'GtmTriggerSelect'])
[DEBUG] DEBUG_XPATH: _parse_path('*[num:i($SaradcCheckindex + 1)]/GtmTriggerSelect') -> parts=['*[num:i($SaradcCheckindex + 1)]', 'GtmTriggerSelect']
[DEBUG] DEBUG_XPATH: Navigating segment '*' (axis=child) from 1 nodes
[DEBUG] DEBUG_XPATH:   Current context node: SaradcSent (type=container, path=/Mcu/GtmConfiguration/GtmConfiguration_0/GtmToPeripheral/GtmToPeripheral/SaradcSent, children=['ChannelId', 'GtmTriggerSelect'])
[DEBUG] DEBUG_XPATH: _parse_path('*[num:i($SaradcCheckindexIn + 1)]/ChannelId') -> parts=['*[num:i($SaradcCheckindexIn + 1)]', 'ChannelId']
[DEBUG] DEBUG_XPATH: Navigating segment '*' (axis=child) from 1 nodes
[DEBUG] DEBUG_XPATH:   Current context node: SaradcSent (type=container, path=/Mcu/GtmConfiguration/GtmConfiguration_0/GtmToPeripheral/GtmToPeripheral/SaradcSent, children=['ChannelId', 'GtmTriggerSelect'])
[DEBUG] DEBUG_XPATH: _parse_path('*[num:i($SaradcCheckindex + 1)]/ChannelId') -> parts=['*[num:i($SaradcCheckindex + 1)]', 'ChannelId']
[DEBUG] DEBUG_XPATH: Navigating segment '*' (axis=child) from 1 nodes
[DEBUG] DEBUG_XPATH:   Current context node: SaradcSent (type=container, path=/Mcu/GtmConfiguration/GtmConfiguration_0/GtmToPeripheral/GtmToPeripheral/SaradcSent, children=['ChannelId', 'GtmTriggerSelect'])
[DEBUG] DEBUG: Evaluating condition: $ChidIn = $ChidOut
[DEBUG] DEBUG: Comparison [$ChidIn = $ChidOut] => [None = None] Result: True
[DEBUG] DEBUG: Evaluating condition: $triggIn = $triggOut
[DEBUG] DEBUG: Comparison [$triggIn = $triggOut] => [both empty ''] Result: False
[DEBUG] DEBUG_XPATH: _parse_path('*[num:i($SaradcCheckindexIn + 1)]/GtmTriggerSelect') -> parts=['*[num:i($SaradcCheckindexIn + 1)]', 'GtmTriggerSelect']
[DEBUG] DEBUG_XPATH: Navigating segment '*' (axis=child) from 1 nodes
[DEBUG] DEBUG_XPATH:   Current context node: SaradcSent (type=container, path=/Mcu/GtmConfiguration/GtmConfiguration_0/GtmToPeripheral/GtmToPeripheral/SaradcSent, children=['ChannelId', 'GtmTriggerSelect'])
[DEBUG] DEBUG_XPATH: _parse_path('*[num:i($SaradcCheckindexIn + 1)]/GtmTriggerSelect') -> parts=['*[num:i($SaradcCheckindexIn + 1)]', 'GtmTriggerSelect']
[DEBUG] DEBUG_XPATH: Navigating segment '*' (axis=child) from 1 nodes
[DEBUG] DEBUG_XPATH:   Current context node: SaradcSent (type=container, path=/Mcu/GtmConfiguration/GtmConfiguration_0/GtmToPeripheral/GtmToPeripheral/SaradcSent, children=['ChannelId', 'GtmTriggerSelect'])
[DEBUG] DEBUG_XPATH: _parse_path('*[num:i($SaradcCheckindex + 1)]/GtmTriggerSelect') -> parts=['*[num:i($SaradcCheckindex + 1)]', 'GtmTriggerSelect']
[DEBUG] DEBUG_XPATH: Navigating segment '*' (axis=child) from 1 nodes
[DEBUG] DEBUG_XPATH:   Current context node: SaradcSent (type=container, path=/Mcu/GtmConfiguration/GtmConfiguration_0/GtmToPeripheral/GtmToPeripheral/SaradcSent, children=['ChannelId', 'GtmTriggerSelect'])
[DEBUG] DEBUG_XPATH: _parse_path('*[num:i($SaradcCheckindex + 1)]/GtmTriggerSelect') -> parts=['*[num:i($SaradcCheckindex + 1)]', 'GtmTriggerSelect']
[DEBUG] DEBUG_XPATH: Navigating segment '*' (axis=child) from 1 nodes
[DEBUG] DEBUG_XPATH:   Current context node: SaradcSent (type=container, path=/Mcu/GtmConfiguration/GtmConfiguration_0/GtmToPeripheral/GtmToPeripheral/SaradcSent, children=['ChannelId', 'GtmTriggerSelect'])
[DEBUG] DEBUG_XPATH: _parse_path('*[num:i($SaradcCheckindexIn + 1)]/ChannelId') -> parts=['*[num:i($SaradcCheckindexIn + 1)]', 'ChannelId']
[DEBUG] DEBUG_XPATH: Navigating segment '*' (axis=child) from 1 nodes
[DEBUG] DEBUG_XPATH:   Current context node: SaradcSent (type=container, path=/Mcu/GtmConfiguration/GtmConfiguration_0/GtmToPeripheral/GtmToPeripheral/SaradcSent, children=['ChannelId', 'GtmTriggerSelect'])
[DEBUG] DEBUG_XPATH: _parse_path('*[num:i($SaradcCheckindex + 1)]/ChannelId') -> parts=['*[num:i($SaradcCheckindex + 1)]', 'ChannelId']
[DEBUG] DEBUG_XPATH: Navigating segment '*' (axis=child) from 1 nodes
[DEBUG] DEBUG_XPATH:   Current context node: SaradcSent (type=container, path=/Mcu/GtmConfiguration/GtmConfiguration_0/GtmToPeripheral/GtmToPeripheral/SaradcSent, children=['ChannelId', 'GtmTriggerSelect'])
[DEBUG] DEBUG: Evaluating condition: $ChidIn = $ChidOut
[DEBUG] DEBUG: Comparison [$ChidIn = $ChidOut] => [None = None] Result: True
[DEBUG] DEBUG: Evaluating condition: $triggIn = $triggOut
[DEBUG] DEBUG: Comparison [$triggIn = $triggOut] => [both empty ''] Result: False
[DEBUG] DEBUG_XPATH: _parse_path('*[num:i($SaradcCheckindexIn + 1)]/GtmTriggerSelect') -> parts=['*[num:i($SaradcCheckindexIn + 1)]', 'GtmTriggerSelect']
[DEBUG] DEBUG_XPATH: Navigating segment '*' (axis=child) from 1 nodes
[DEBUG] DEBUG_XPATH:   Current context node: SaradcSent (type=container, path=/Mcu/GtmConfiguration/GtmConfiguration_0/GtmToPeripheral/GtmToPeripheral/SaradcSent, children=['ChannelId', 'GtmTriggerSelect'])
[DEBUG] DEBUG_XPATH: _parse_path('*[num:i($SaradcCheckindexIn + 1)]/GtmTriggerSelect') -> parts=['*[num:i($SaradcCheckindexIn + 1)]', 'GtmTriggerSelect']
[DEBUG] DEBUG_XPATH: Navigating segment '*' (axis=child) from 1 nodes
[DEBUG] DEBUG_XPATH:   Current context node: SaradcSent (type=container, path=/Mcu/GtmConfiguration/GtmConfiguration_0/GtmToPeripheral/GtmToPeripheral/SaradcSent, children=['ChannelId', 'GtmTriggerSelect'])
[DEBUG] DEBUG_XPATH: _parse_path('*[num:i($SaradcCheckindex + 1)]/GtmTriggerSelect') -> parts=['*[num:i($SaradcCheckindex + 1)]', 'GtmTriggerSelect']
[DEBUG] DEBUG_XPATH: Navigating segment '*' (axis=child) from 1 nodes
[DEBUG] DEBUG_XPATH:   Current context node: SaradcSent (type=container, path=/Mcu/GtmConfiguration/GtmConfiguration_0/GtmToPeripheral/GtmToPeripheral/SaradcSent, children=['ChannelId', 'GtmTriggerSelect'])
[DEBUG] DEBUG_XPATH: _parse_path('*[num:i($SaradcCheckindex + 1)]/GtmTriggerSelect') -> parts=['*[num:i($SaradcCheckindex + 1)]', 'GtmTriggerSelect']
[DEBUG] DEBUG_XPATH: Navigating segment '*' (axis=child) from 1 nodes
[DEBUG] DEBUG_XPATH:   Current context node: SaradcSent (type=container, path=/Mcu/GtmConfiguration/GtmConfiguration_0/GtmToPeripheral/GtmToPeripheral/SaradcSent, children=['ChannelId', 'GtmTriggerSelect'])
[DEBUG] DEBUG_XPATH: _parse_path('*[num:i($SaradcCheckindexIn + 1)]/ChannelId') -> parts=['*[num:i($SaradcCheckindexIn + 1)]', 'ChannelId']
[DEBUG] DEBUG_XPATH: Navigating segment '*' (axis=child) from 1 nodes
[DEBUG] DEBUG_XPATH:   Current context node: SaradcSent (type=container, path=/Mcu/GtmConfiguration/GtmConfiguration_0/GtmToPeripheral/GtmToPeripheral/SaradcSent, children=['ChannelId', 'GtmTriggerSelect'])
[DEBUG] DEBUG_XPATH: _parse_path('*[num:i($SaradcCheckindex + 1)]/ChannelId') -> parts=['*[num:i($SaradcCheckindex + 1)]', 'ChannelId']
[DEBUG] DEBUG_XPATH: Navigating segment '*' (axis=child) from 1 nodes
[DEBUG] DEBUG_XPATH:   Current context node: SaradcSent (type=container, path=/Mcu/GtmConfiguration/GtmConfiguration_0/GtmToPeripheral/GtmToPeripheral/SaradcSent, children=['ChannelId', 'GtmTriggerSelect'])
[DEBUG] DEBUG: Evaluating condition: $ChidIn = $ChidOut
[DEBUG] DEBUG: Comparison [$ChidIn = $ChidOut] => [None = None] Result: True
[DEBUG] DEBUG: Evaluating condition: $triggIn = $triggOut
[DEBUG] DEBUG: Comparison [$triggIn = $triggOut] => [both empty ''] Result: False
[DEBUG] DEBUG_XPATH: _parse_path('*[num:i($SaradcCheckindexIn + 1)]/GtmTriggerSelect') -> parts=['*[num:i($SaradcCheckindexIn + 1)]', 'GtmTriggerSelect']
[DEBUG] DEBUG_XPATH: Navigating segment '*' (axis=child) from 1 nodes
[DEBUG] DEBUG_XPATH:   Current context node: SaradcSent (type=container, path=/Mcu/GtmConfiguration/GtmConfiguration_0/GtmToPeripheral/GtmToPeripheral/SaradcSent, children=['ChannelId', 'GtmTriggerSelect'])
[DEBUG] DEBUG_XPATH: _parse_path('*[num:i($SaradcCheckindexIn + 1)]/GtmTriggerSelect') -> parts=['*[num:i($SaradcCheckindexIn + 1)]', 'GtmTriggerSelect']
[DEBUG] DEBUG_XPATH: Navigating segment '*' (axis=child) from 1 nodes
[DEBUG] DEBUG_XPATH:   Current context node: SaradcSent (type=container, path=/Mcu/GtmConfiguration/GtmConfiguration_0/GtmToPeripheral/GtmToPeripheral/SaradcSent, children=['ChannelId', 'GtmTriggerSelect'])
[DEBUG] DEBUG_XPATH: _parse_path('*[num:i($SaradcCheckindex + 1)]/GtmTriggerSelect') -> parts=['*[num:i($SaradcCheckindex + 1)]', 'GtmTriggerSelect']
[DEBUG] DEBUG_XPATH: Navigating segment '*' (axis=child) from 1 nodes
[DEBUG] DEBUG_XPATH:   Current context node: SaradcSent (type=container, path=/Mcu/GtmConfiguration/GtmConfiguration_0/GtmToPeripheral/GtmToPeripheral/SaradcSent, children=['ChannelId', 'GtmTriggerSelect'])
[DEBUG] DEBUG_XPATH: _parse_path('*[num:i($SaradcCheckindex + 1)]/GtmTriggerSelect') -> parts=['*[num:i($SaradcCheckindex + 1)]', 'GtmTriggerSelect']
[DEBUG] DEBUG_XPATH: Navigating segment '*' (axis=child) from 1 nodes
[DEBUG] DEBUG_XPATH:   Current context node: SaradcSent (type=container, path=/Mcu/GtmConfiguration/GtmConfiguration_0/GtmToPeripheral/GtmToPeripheral/SaradcSent, children=['ChannelId', 'GtmTriggerSelect'])
[DEBUG] DEBUG_XPATH: _parse_path('*[num:i($SaradcCheckindexIn + 1)]/ChannelId') -> parts=['*[num:i($SaradcCheckindexIn + 1)]', 'ChannelId']
[DEBUG] DEBUG_XPATH: Navigating segment '*' (axis=child) from 1 nodes
[DEBUG] DEBUG_XPATH:   Current context node: SaradcSent (type=container, path=/Mcu/GtmConfiguration/GtmConfiguration_0/GtmToPeripheral/GtmToPeripheral/SaradcSent, children=['ChannelId', 'GtmTriggerSelect'])
[DEBUG] DEBUG_XPATH: _parse_path('*[num:i($SaradcCheckindex + 1)]/ChannelId') -> parts=['*[num:i($SaradcCheckindex + 1)]', 'ChannelId']
[DEBUG] DEBUG_XPATH: Navigating segment '*' (axis=child) from 1 nodes
[DEBUG] DEBUG_XPATH:   Current context node: SaradcSent (type=container, path=/Mcu/GtmConfiguration/GtmConfiguration_0/GtmToPeripheral/GtmToPeripheral/SaradcSent, children=['ChannelId', 'GtmTriggerSelect'])
[DEBUG] DEBUG: Evaluating condition: $ChidIn = $ChidOut
[DEBUG] DEBUG: Comparison [$ChidIn = $ChidOut] => [None = None] Result: True
[DEBUG] DEBUG: Evaluating condition: $triggIn = $triggOut
[DEBUG] DEBUG: Comparison [$triggIn = $triggOut] => [both empty ''] Result: False
[DEBUG] DEBUG_XPATH: _parse_path('*[num:i($SaradcCheckindexIn + 1)]/GtmTriggerSelect') -> parts=['*[num:i($SaradcCheckindexIn + 1)]', 'GtmTriggerSelect']
[DEBUG] DEBUG_XPATH: Navigating segment '*' (axis=child) from 1 nodes
[DEBUG] DEBUG_XPATH:   Current context node: SaradcSent (type=container, path=/Mcu/GtmConfiguration/GtmConfiguration_0/GtmToPeripheral/GtmToPeripheral/SaradcSent, children=['ChannelId', 'GtmTriggerSelect'])
[DEBUG] DEBUG_XPATH: _parse_path('*[num:i($SaradcCheckindexIn + 1)]/GtmTriggerSelect') -> parts=['*[num:i($SaradcCheckindexIn + 1)]', 'GtmTriggerSelect']
[DEBUG] DEBUG_XPATH: Navigating segment '*' (axis=child) from 1 nodes
[DEBUG] DEBUG_XPATH:   Current context node: SaradcSent (type=container, path=/Mcu/GtmConfiguration/GtmConfiguration_0/GtmToPeripheral/GtmToPeripheral/SaradcSent, children=['ChannelId', 'GtmTriggerSelect'])
[DEBUG] DEBUG_XPATH: _parse_path('*[num:i($SaradcCheckindex + 1)]/GtmTriggerSelect') -> parts=['*[num:i($SaradcCheckindex + 1)]', 'GtmTriggerSelect']
[DEBUG] DEBUG_XPATH: Navigating segment '*' (axis=child) from 1 nodes
[DEBUG] DEBUG_XPATH:   Current context node: SaradcSent (type=container, path=/Mcu/GtmConfiguration/GtmConfiguration_0/GtmToPeripheral/GtmToPeripheral/SaradcSent, children=['ChannelId', 'GtmTriggerSelect'])
[DEBUG] DEBUG_XPATH: _parse_path('*[num:i($SaradcCheckindex + 1)]/GtmTriggerSelect') -> parts=['*[num:i($SaradcCheckindex + 1)]', 'GtmTriggerSelect']
[DEBUG] DEBUG_XPATH: Navigating segment '*' (axis=child) from 1 nodes
[DEBUG] DEBUG_XPATH:   Current context node: SaradcSent (type=container, path=/Mcu/GtmConfiguration/GtmConfiguration_0/GtmToPeripheral/GtmToPeripheral/SaradcSent, children=['ChannelId', 'GtmTriggerSelect'])
[DEBUG] DEBUG_XPATH: _parse_path('*[num:i($SaradcCheckindexIn + 1)]/ChannelId') -> parts=['*[num:i($SaradcCheckindexIn + 1)]', 'ChannelId']
[DEBUG] DEBUG_XPATH: Navigating segment '*' (axis=child) from 1 nodes
[DEBUG] DEBUG_XPATH:   Current context node: SaradcSent (type=container, path=/Mcu/GtmConfiguration/GtmConfiguration_0/GtmToPeripheral/GtmToPeripheral/SaradcSent, children=['ChannelId', 'GtmTriggerSelect'])
[DEBUG] DEBUG_XPATH: _parse_path('*[num:i($SaradcCheckindex + 1)]/ChannelId') -> parts=['*[num:i($SaradcCheckindex + 1)]', 'ChannelId']
[DEBUG] DEBUG_XPATH: Navigating segment '*' (axis=child) from 1 nodes
[DEBUG] DEBUG_XPATH:   Current context node: SaradcSent (type=container, path=/Mcu/GtmConfiguration/GtmConfiguration_0/GtmToPeripheral/GtmToPeripheral/SaradcSent, children=['ChannelId', 'GtmTriggerSelect'])
[DEBUG] DEBUG: Evaluating condition: $ChidIn = $ChidOut
[DEBUG] DEBUG: Comparison [$ChidIn = $ChidOut] => [None = None] Result: True
[DEBUG] DEBUG: Evaluating condition: $triggIn = $triggOut
[DEBUG] DEBUG: Comparison [$triggIn = $triggOut] => [both empty ''] Result: False
[DEBUG] DEBUG_XPATH: _parse_path('*[num:i($SaradcCheckindexIn + 1)]/GtmTriggerSelect') -> parts=['*[num:i($SaradcCheckindexIn + 1)]', 'GtmTriggerSelect']
[DEBUG] DEBUG_XPATH: Navigating segment '*' (axis=child) from 1 nodes
[DEBUG] DEBUG_XPATH:   Current context node: SaradcSent (type=container, path=/Mcu/GtmConfiguration/GtmConfiguration_0/GtmToPeripheral/GtmToPeripheral/SaradcSent, children=['ChannelId', 'GtmTriggerSelect'])
[DEBUG] DEBUG_XPATH: _parse_path('*[num:i($SaradcCheckindexIn + 1)]/GtmTriggerSelect') -> parts=['*[num:i($SaradcCheckindexIn + 1)]', 'GtmTriggerSelect']
[DEBUG] DEBUG_XPATH: Navigating segment '*' (axis=child) from 1 nodes
[DEBUG] DEBUG_XPATH:   Current context node: SaradcSent (type=container, path=/Mcu/GtmConfiguration/GtmConfiguration_0/GtmToPeripheral/GtmToPeripheral/SaradcSent, children=['ChannelId', 'GtmTriggerSelect'])
[DEBUG] DEBUG_XPATH: _parse_path('*[num:i($SaradcCheckindex + 1)]/GtmTriggerSelect') -> parts=['*[num:i($SaradcCheckindex + 1)]', 'GtmTriggerSelect']
[DEBUG] DEBUG_XPATH: Navigating segment '*' (axis=child) from 1 nodes
[DEBUG] DEBUG_XPATH:   Current context node: SaradcSent (type=container, path=/Mcu/GtmConfiguration/GtmConfiguration_0/GtmToPeripheral/GtmToPeripheral/SaradcSent, children=['ChannelId', 'GtmTriggerSelect'])
[DEBUG] DEBUG_XPATH: _parse_path('*[num:i($SaradcCheckindex + 1)]/GtmTriggerSelect') -> parts=['*[num:i($SaradcCheckindex + 1)]', 'GtmTriggerSelect']
[DEBUG] DEBUG_XPATH: Navigating segment '*' (axis=child) from 1 nodes
[DEBUG] DEBUG_XPATH:   Current context node: SaradcSent (type=container, path=/Mcu/GtmConfiguration/GtmConfiguration_0/GtmToPeripheral/GtmToPeripheral/SaradcSent, children=['ChannelId', 'GtmTriggerSelect'])
[DEBUG] DEBUG_XPATH: _parse_path('*[num:i($SaradcCheckindexIn + 1)]/ChannelId') -> parts=['*[num:i($SaradcCheckindexIn + 1)]', 'ChannelId']
[DEBUG] DEBUG_XPATH: Navigating segment '*' (axis=child) from 1 nodes
[DEBUG] DEBUG_XPATH:   Current context node: SaradcSent (type=container, path=/Mcu/GtmConfiguration/GtmConfiguration_0/GtmToPeripheral/GtmToPeripheral/SaradcSent, children=['ChannelId', 'GtmTriggerSelect'])
[DEBUG] DEBUG_XPATH: _parse_path('*[num:i($SaradcCheckindex + 1)]/ChannelId') -> parts=['*[num:i($SaradcCheckindex + 1)]', 'ChannelId']
[DEBUG] DEBUG_XPATH: Navigating segment '*' (axis=child) from 1 nodes
[DEBUG] DEBUG_XPATH:   Current context node: SaradcSent (type=container, path=/Mcu/GtmConfiguration/GtmConfiguration_0/GtmToPeripheral/GtmToPeripheral/SaradcSent, children=['ChannelId', 'GtmTriggerSelect'])
[DEBUG] DEBUG: Evaluating condition: $ChidIn = $ChidOut
[DEBUG] DEBUG: Comparison [$ChidIn = $ChidOut] => [None = None] Result: True
[DEBUG] DEBUG: Evaluating condition: $triggIn = $triggOut
[DEBUG] DEBUG: Comparison [$triggIn = $triggOut] => [both empty ''] Result: False
[DEBUG] DEBUG_XPATH: _parse_path('*[num:i($SaradcCheckindexIn + 1)]/GtmTriggerSelect') -> parts=['*[num:i($SaradcCheckindexIn + 1)]', 'GtmTriggerSelect']
[DEBUG] DEBUG_XPATH: Navigating segment '*' (axis=child) from 1 nodes
[DEBUG] DEBUG_XPATH:   Current context node: SaradcSent (type=container, path=/Mcu/GtmConfiguration/GtmConfiguration_0/GtmToPeripheral/GtmToPeripheral/SaradcSent, children=['ChannelId', 'GtmTriggerSelect'])
[DEBUG] DEBUG_XPATH: _parse_path('*[num:i($SaradcCheckindexIn + 1)]/GtmTriggerSelect') -> parts=['*[num:i($SaradcCheckindexIn + 1)]', 'GtmTriggerSelect']
[DEBUG] DEBUG_XPATH: Navigating segment '*' (axis=child) from 1 nodes
[DEBUG] DEBUG_XPATH:   Current context node: SaradcSent (type=container, path=/Mcu/GtmConfiguration/GtmConfiguration_0/GtmToPeripheral/GtmToPeripheral/SaradcSent, children=['ChannelId', 'GtmTriggerSelect'])
[DEBUG] DEBUG_XPATH: _parse_path('*[num:i($SaradcCheckindex + 1)]/GtmTriggerSelect') -> parts=['*[num:i($SaradcCheckindex + 1)]', 'GtmTriggerSelect']
[DEBUG] DEBUG_XPATH: Navigating segment '*' (axis=child) from 1 nodes
[DEBUG] DEBUG_XPATH:   Current context node: SaradcSent (type=container, path=/Mcu/GtmConfiguration/GtmConfiguration_0/GtmToPeripheral/GtmToPeripheral/SaradcSent, children=['ChannelId', 'GtmTriggerSelect'])
[DEBUG] DEBUG_XPATH: _parse_path('*[num:i($SaradcCheckindex + 1)]/GtmTriggerSelect') -> parts=['*[num:i($SaradcCheckindex + 1)]', 'GtmTriggerSelect']
[DEBUG] DEBUG_XPATH: Navigating segment '*' (axis=child) from 1 nodes
[DEBUG] DEBUG_XPATH:   Current context node: SaradcSent (type=container, path=/Mcu/GtmConfiguration/GtmConfiguration_0/GtmToPeripheral/GtmToPeripheral/SaradcSent, children=['ChannelId', 'GtmTriggerSelect'])
[DEBUG] DEBUG_XPATH: _parse_path('*[num:i($SaradcCheckindexIn + 1)]/ChannelId') -> parts=['*[num:i($SaradcCheckindexIn + 1)]', 'ChannelId']
[DEBUG] DEBUG_XPATH: Navigating segment '*' (axis=child) from 1 nodes
[DEBUG] DEBUG_XPATH:   Current context node: SaradcSent (type=container, path=/Mcu/GtmConfiguration/GtmConfiguration_0/GtmToPeripheral/GtmToPeripheral/SaradcSent, children=['ChannelId', 'GtmTriggerSelect'])
[DEBUG] DEBUG_XPATH: _parse_path('*[num:i($SaradcCheckindex + 1)]/ChannelId') -> parts=['*[num:i($SaradcCheckindex + 1)]', 'ChannelId']
[DEBUG] DEBUG_XPATH: Navigating segment '*' (axis=child) from 1 nodes
[DEBUG] DEBUG_XPATH:   Current context node: SaradcSent (type=container, path=/Mcu/GtmConfiguration/GtmConfiguration_0/GtmToPeripheral/GtmToPeripheral/SaradcSent, children=['ChannelId', 'GtmTriggerSelect'])
[DEBUG] DEBUG: Evaluating condition: $ChidIn = $ChidOut
[DEBUG] DEBUG: Comparison [$ChidIn = $ChidOut] => [None = None] Result: True
[DEBUG] DEBUG: Evaluating condition: $triggIn = $triggOut
[DEBUG] DEBUG: Comparison [$triggIn = $triggOut] => [both empty ''] Result: False
[DEBUG] DEBUG_XPATH: _parse_path('*[num:i($SaradcCheckindexIn + 1)]/GtmTriggerSelect') -> parts=['*[num:i($SaradcCheckindexIn + 1)]', 'GtmTriggerSelect']
[DEBUG] DEBUG_XPATH: Navigating segment '*' (axis=child) from 1 nodes
[DEBUG] DEBUG_XPATH:   Current context node: SaradcSent (type=container, path=/Mcu/GtmConfiguration/GtmConfiguration_0/GtmToPeripheral/GtmToPeripheral/SaradcSent, children=['ChannelId', 'GtmTriggerSelect'])
[DEBUG] DEBUG_XPATH: _parse_path('*[num:i($SaradcCheckindexIn + 1)]/GtmTriggerSelect') -> parts=['*[num:i($SaradcCheckindexIn + 1)]', 'GtmTriggerSelect']
[DEBUG] DEBUG_XPATH: Navigating segment '*' (axis=child) from 1 nodes
[DEBUG] DEBUG_XPATH:   Current context node: SaradcSent (type=container, path=/Mcu/GtmConfiguration/GtmConfiguration_0/GtmToPeripheral/GtmToPeripheral/SaradcSent, children=['ChannelId', 'GtmTriggerSelect'])
[DEBUG] DEBUG_XPATH: _parse_path('*[num:i($SaradcCheckindex + 1)]/GtmTriggerSelect') -> parts=['*[num:i($SaradcCheckindex + 1)]', 'GtmTriggerSelect']
[DEBUG] DEBUG_XPATH: Navigating segment '*' (axis=child) from 1 nodes
[DEBUG] DEBUG_XPATH:   Current context node: SaradcSent (type=container, path=/Mcu/GtmConfiguration/GtmConfiguration_0/GtmToPeripheral/GtmToPeripheral/SaradcSent, children=['ChannelId', 'GtmTriggerSelect'])
[DEBUG] DEBUG_XPATH: _parse_path('*[num:i($SaradcCheckindex + 1)]/GtmTriggerSelect') -> parts=['*[num:i($SaradcCheckindex + 1)]', 'GtmTriggerSelect']
[DEBUG] DEBUG_XPATH: Navigating segment '*' (axis=child) from 1 nodes
[DEBUG] DEBUG_XPATH:   Current context node: SaradcSent (type=container, path=/Mcu/GtmConfiguration/GtmConfiguration_0/GtmToPeripheral/GtmToPeripheral/SaradcSent, children=['ChannelId', 'GtmTriggerSelect'])
[DEBUG] DEBUG_XPATH: _parse_path('*[num:i($SaradcCheckindexIn + 1)]/ChannelId') -> parts=['*[num:i($SaradcCheckindexIn + 1)]', 'ChannelId']
[DEBUG] DEBUG_XPATH: Navigating segment '*' (axis=child) from 1 nodes
[DEBUG] DEBUG_XPATH:   Current context node: SaradcSent (type=container, path=/Mcu/GtmConfiguration/GtmConfiguration_0/GtmToPeripheral/GtmToPeripheral/SaradcSent, children=['ChannelId', 'GtmTriggerSelect'])
[DEBUG] DEBUG_XPATH: _parse_path('*[num:i($SaradcCheckindex + 1)]/ChannelId') -> parts=['*[num:i($SaradcCheckindex + 1)]', 'ChannelId']
[DEBUG] DEBUG_XPATH: Navigating segment '*' (axis=child) from 1 nodes
[DEBUG] DEBUG_XPATH:   Current context node: SaradcSent (type=container, path=/Mcu/GtmConfiguration/GtmConfiguration_0/GtmToPeripheral/GtmToPeripheral/SaradcSent, children=['ChannelId', 'GtmTriggerSelect'])
[DEBUG] DEBUG: Evaluating condition: $ChidIn = $ChidOut
[DEBUG] DEBUG: Comparison [$ChidIn = $ChidOut] => [None = None] Result: True
[DEBUG] DEBUG: Evaluating condition: $triggIn = $triggOut
[DEBUG] DEBUG: Comparison [$triggIn = $triggOut] => [both empty ''] Result: False
[DEBUG] DEBUG_XPATH: _parse_path('*[num:i($SaradcCheckindexIn + 1)]/GtmTriggerSelect') -> parts=['*[num:i($SaradcCheckindexIn + 1)]', 'GtmTriggerSelect']
[DEBUG] DEBUG_XPATH: Navigating segment '*' (axis=child) from 1 nodes
[DEBUG] DEBUG_XPATH:   Current context node: SaradcSent (type=container, path=/Mcu/GtmConfiguration/GtmConfiguration_0/GtmToPeripheral/GtmToPeripheral/SaradcSent, children=['ChannelId', 'GtmTriggerSelect'])
[DEBUG] DEBUG_XPATH: _parse_path('*[num:i($SaradcCheckindexIn + 1)]/GtmTriggerSelect') -> parts=['*[num:i($SaradcCheckindexIn + 1)]', 'GtmTriggerSelect']
[DEBUG] DEBUG_XPATH: Navigating segment '*' (axis=child) from 1 nodes
[DEBUG] DEBUG_XPATH:   Current context node: SaradcSent (type=container, path=/Mcu/GtmConfiguration/GtmConfiguration_0/GtmToPeripheral/GtmToPeripheral/SaradcSent, children=['ChannelId', 'GtmTriggerSelect'])
[DEBUG] DEBUG_XPATH: _parse_path('*[num:i($SaradcCheckindex + 1)]/GtmTriggerSelect') -> parts=['*[num:i($SaradcCheckindex + 1)]', 'GtmTriggerSelect']
[DEBUG] DEBUG_XPATH: Navigating segment '*' (axis=child) from 1 nodes
[DEBUG] DEBUG_XPATH:   Current context node: SaradcSent (type=container, path=/Mcu/GtmConfiguration/GtmConfiguration_0/GtmToPeripheral/GtmToPeripheral/SaradcSent, children=['ChannelId', 'GtmTriggerSelect'])
[DEBUG] DEBUG_XPATH: _parse_path('*[num:i($SaradcCheckindex + 1)]/GtmTriggerSelect') -> parts=['*[num:i($SaradcCheckindex + 1)]', 'GtmTriggerSelect']
[DEBUG] DEBUG_XPATH: Navigating segment '*' (axis=child) from 1 nodes
[DEBUG] DEBUG_XPATH:   Current context node: SaradcSent (type=container, path=/Mcu/GtmConfiguration/GtmConfiguration_0/GtmToPeripheral/GtmToPeripheral/SaradcSent, children=['ChannelId', 'GtmTriggerSelect'])
[DEBUG] DEBUG_XPATH: _parse_path('*[num:i($SaradcCheckindexIn + 1)]/ChannelId') -> parts=['*[num:i($SaradcCheckindexIn + 1)]', 'ChannelId']
[DEBUG] DEBUG_XPATH: Navigating segment '*' (axis=child) from 1 nodes
[DEBUG] DEBUG_XPATH:   Current context node: SaradcSent (type=container, path=/Mcu/GtmConfiguration/GtmConfiguration_0/GtmToPeripheral/GtmToPeripheral/SaradcSent, children=['ChannelId', 'GtmTriggerSelect'])
[DEBUG] DEBUG_XPATH: _parse_path('*[num:i($SaradcCheckindex + 1)]/ChannelId') -> parts=['*[num:i($SaradcCheckindex + 1)]', 'ChannelId']
[DEBUG] DEBUG_XPATH: Navigating segment '*' (axis=child) from 1 nodes
[DEBUG] DEBUG_XPATH:   Current context node: SaradcSent (type=container, path=/Mcu/GtmConfiguration/GtmConfiguration_0/GtmToPeripheral/GtmToPeripheral/SaradcSent, children=['ChannelId', 'GtmTriggerSelect'])
[DEBUG] DEBUG: Evaluating condition: $ChidIn = $ChidOut
[DEBUG] DEBUG: Comparison [$ChidIn = $ChidOut] => [None = None] Result: True
[DEBUG] DEBUG: Evaluating condition: $triggIn = $triggOut
[DEBUG] DEBUG: Comparison [$triggIn = $triggOut] => [both empty ''] Result: False
[DEBUG] DEBUG_XPATH: _parse_path('*[num:i($SaradcCheckindexIn + 1)]/GtmTriggerSelect') -> parts=['*[num:i($SaradcCheckindexIn + 1)]', 'GtmTriggerSelect']
[DEBUG] DEBUG_XPATH: Navigating segment '*' (axis=child) from 1 nodes
[DEBUG] DEBUG_XPATH:   Current context node: SaradcSent (type=container, path=/Mcu/GtmConfiguration/GtmConfiguration_0/GtmToPeripheral/GtmToPeripheral/SaradcSent, children=['ChannelId', 'GtmTriggerSelect'])
[DEBUG] DEBUG_XPATH: _parse_path('*[num:i($SaradcCheckindexIn + 1)]/GtmTriggerSelect') -> parts=['*[num:i($SaradcCheckindexIn + 1)]', 'GtmTriggerSelect']
[DEBUG] DEBUG_XPATH: Navigating segment '*' (axis=child) from 1 nodes
[DEBUG] DEBUG_XPATH:   Current context node: SaradcSent (type=container, path=/Mcu/GtmConfiguration/GtmConfiguration_0/GtmToPeripheral/GtmToPeripheral/SaradcSent, children=['ChannelId', 'GtmTriggerSelect'])
[DEBUG] DEBUG_XPATH: _parse_path('*[num:i($SaradcCheckindex + 1)]/GtmTriggerSelect') -> parts=['*[num:i($SaradcCheckindex + 1)]', 'GtmTriggerSelect']
[DEBUG] DEBUG_XPATH: Navigating segment '*' (axis=child) from 1 nodes
[DEBUG] DEBUG_XPATH:   Current context node: SaradcSent (type=container, path=/Mcu/GtmConfiguration/GtmConfiguration_0/GtmToPeripheral/GtmToPeripheral/SaradcSent, children=['ChannelId', 'GtmTriggerSelect'])
[DEBUG] DEBUG_XPATH: _parse_path('*[num:i($SaradcCheckindex + 1)]/GtmTriggerSelect') -> parts=['*[num:i($SaradcCheckindex + 1)]', 'GtmTriggerSelect']
[DEBUG] DEBUG_XPATH: Navigating segment '*' (axis=child) from 1 nodes
[DEBUG] DEBUG_XPATH:   Current context node: SaradcSent (type=container, path=/Mcu/GtmConfiguration/GtmConfiguration_0/GtmToPeripheral/GtmToPeripheral/SaradcSent, children=['ChannelId', 'GtmTriggerSelect'])
[DEBUG] DEBUG_XPATH: _parse_path('*[num:i($SaradcCheckindexIn + 1)]/ChannelId') -> parts=['*[num:i($SaradcCheckindexIn + 1)]', 'ChannelId']
[DEBUG] DEBUG_XPATH: Navigating segment '*' (axis=child) from 1 nodes
[DEBUG] DEBUG_XPATH:   Current context node: SaradcSent (type=container, path=/Mcu/GtmConfiguration/GtmConfiguration_0/GtmToPeripheral/GtmToPeripheral/SaradcSent, children=['ChannelId', 'GtmTriggerSelect'])
[DEBUG] DEBUG_XPATH: _parse_path('*[num:i($SaradcCheckindex + 1)]/ChannelId') -> parts=['*[num:i($SaradcCheckindex + 1)]', 'ChannelId']
[DEBUG] DEBUG_XPATH: Navigating segment '*' (axis=child) from 1 nodes
[DEBUG] DEBUG_XPATH:   Current context node: SaradcSent (type=container, path=/Mcu/GtmConfiguration/GtmConfiguration_0/GtmToPeripheral/GtmToPeripheral/SaradcSent, children=['ChannelId', 'GtmTriggerSelect'])
[DEBUG] DEBUG: Evaluating condition: $ChidIn = $ChidOut
[DEBUG] DEBUG: Comparison [$ChidIn = $ChidOut] => [None = None] Result: True
[DEBUG] DEBUG: Evaluating condition: $triggIn = $triggOut
[DEBUG] DEBUG: Comparison [$triggIn = $triggOut] => [both empty ''] Result: False
[DEBUG] DEBUG_XPATH: _parse_path('*[num:i($SaradcCheckindexIn + 1)]/GtmTriggerSelect') -> parts=['*[num:i($SaradcCheckindexIn + 1)]', 'GtmTriggerSelect']
[DEBUG] DEBUG_XPATH: Navigating segment '*' (axis=child) from 1 nodes
[DEBUG] DEBUG_XPATH:   Current context node: SaradcSent (type=container, path=/Mcu/GtmConfiguration/GtmConfiguration_0/GtmToPeripheral/GtmToPeripheral/SaradcSent, children=['ChannelId', 'GtmTriggerSelect'])
[DEBUG] DEBUG_XPATH: _parse_path('*[num:i($SaradcCheckindexIn + 1)]/GtmTriggerSelect') -> parts=['*[num:i($SaradcCheckindexIn + 1)]', 'GtmTriggerSelect']
[DEBUG] DEBUG_XPATH: Navigating segment '*' (axis=child) from 1 nodes
[DEBUG] DEBUG_XPATH:   Current context node: SaradcSent (type=container, path=/Mcu/GtmConfiguration/GtmConfiguration_0/GtmToPeripheral/GtmToPeripheral/SaradcSent, children=['ChannelId', 'GtmTriggerSelect'])
[DEBUG] DEBUG_XPATH: _parse_path('*[num:i($SaradcCheckindex + 1)]/GtmTriggerSelect') -> parts=['*[num:i($SaradcCheckindex + 1)]', 'GtmTriggerSelect']
[DEBUG] DEBUG_XPATH: Navigating segment '*' (axis=child) from 1 nodes
[DEBUG] DEBUG_XPATH:   Current context node: SaradcSent (type=container, path=/Mcu/GtmConfiguration/GtmConfiguration_0/GtmToPeripheral/GtmToPeripheral/SaradcSent, children=['ChannelId', 'GtmTriggerSelect'])
[DEBUG] DEBUG_XPATH: _parse_path('*[num:i($SaradcCheckindex + 1)]/GtmTriggerSelect') -> parts=['*[num:i($SaradcCheckindex + 1)]', 'GtmTriggerSelect']
[DEBUG] DEBUG_XPATH: Navigating segment '*' (axis=child) from 1 nodes
[DEBUG] DEBUG_XPATH:   Current context node: SaradcSent (type=container, path=/Mcu/GtmConfiguration/GtmConfiguration_0/GtmToPeripheral/GtmToPeripheral/SaradcSent, children=['ChannelId', 'GtmTriggerSelect'])
[DEBUG] DEBUG_XPATH: _parse_path('*[num:i($SaradcCheckindexIn + 1)]/ChannelId') -> parts=['*[num:i($SaradcCheckindexIn + 1)]', 'ChannelId']
[DEBUG] DEBUG_XPATH: Navigating segment '*' (axis=child) from 1 nodes
[DEBUG] DEBUG_XPATH:   Current context node: SaradcSent (type=container, path=/Mcu/GtmConfiguration/GtmConfiguration_0/GtmToPeripheral/GtmToPeripheral/SaradcSent, children=['ChannelId', 'GtmTriggerSelect'])
[DEBUG] DEBUG_XPATH: _parse_path('*[num:i($SaradcCheckindex + 1)]/ChannelId') -> parts=['*[num:i($SaradcCheckindex + 1)]', 'ChannelId']
[DEBUG] DEBUG_XPATH: Navigating segment '*' (axis=child) from 1 nodes
[DEBUG] DEBUG_XPATH:   Current context node: SaradcSent (type=container, path=/Mcu/GtmConfiguration/GtmConfiguration_0/GtmToPeripheral/GtmToPeripheral/SaradcSent, children=['ChannelId', 'GtmTriggerSelect'])
[DEBUG] DEBUG: Evaluating condition: $ChidIn = $ChidOut
[DEBUG] DEBUG: Comparison [$ChidIn = $ChidOut] => [None = None] Result: True
[DEBUG] DEBUG: Evaluating condition: $triggIn = $triggOut
[DEBUG] DEBUG: Comparison [$triggIn = $triggOut] => [both empty ''] Result: False
[DEBUG] DEBUG_XPATH: _parse_path('*[num:i($SaradcCheckindexIn + 1)]/GtmTriggerSelect') -> parts=['*[num:i($SaradcCheckindexIn + 1)]', 'GtmTriggerSelect']
[DEBUG] DEBUG_XPATH: Navigating segment '*' (axis=child) from 1 nodes
[DEBUG] DEBUG_XPATH:   Current context node: SaradcSent (type=container, path=/Mcu/GtmConfiguration/GtmConfiguration_0/GtmToPeripheral/GtmToPeripheral/SaradcSent, children=['ChannelId', 'GtmTriggerSelect'])
[DEBUG] DEBUG_XPATH: _parse_path('*[num:i($SaradcCheckindexIn + 1)]/GtmTriggerSelect') -> parts=['*[num:i($SaradcCheckindexIn + 1)]', 'GtmTriggerSelect']
[DEBUG] DEBUG_XPATH: Navigating segment '*' (axis=child) from 1 nodes
[DEBUG] DEBUG_XPATH:   Current context node: SaradcSent (type=container, path=/Mcu/GtmConfiguration/GtmConfiguration_0/GtmToPeripheral/GtmToPeripheral/SaradcSent, children=['ChannelId', 'GtmTriggerSelect'])
[DEBUG] DEBUG_XPATH: _parse_path('*[num:i($SaradcCheckindex + 1)]/GtmTriggerSelect') -> parts=['*[num:i($SaradcCheckindex + 1)]', 'GtmTriggerSelect']
[DEBUG] DEBUG_XPATH: Navigating segment '*' (axis=child) from 1 nodes
[DEBUG] DEBUG_XPATH:   Current context node: SaradcSent (type=container, path=/Mcu/GtmConfiguration/GtmConfiguration_0/GtmToPeripheral/GtmToPeripheral/SaradcSent, children=['ChannelId', 'GtmTriggerSelect'])
[DEBUG] DEBUG_XPATH: _parse_path('*[num:i($SaradcCheckindex + 1)]/GtmTriggerSelect') -> parts=['*[num:i($SaradcCheckindex + 1)]', 'GtmTriggerSelect']
[DEBUG] DEBUG_XPATH: Navigating segment '*' (axis=child) from 1 nodes
[DEBUG] DEBUG_XPATH:   Current context node: SaradcSent (type=container, path=/Mcu/GtmConfiguration/GtmConfiguration_0/GtmToPeripheral/GtmToPeripheral/SaradcSent, children=['ChannelId', 'GtmTriggerSelect'])
[DEBUG] DEBUG_XPATH: _parse_path('*[num:i($SaradcCheckindexIn + 1)]/ChannelId') -> parts=['*[num:i($SaradcCheckindexIn + 1)]', 'ChannelId']
[DEBUG] DEBUG_XPATH: Navigating segment '*' (axis=child) from 1 nodes
[DEBUG] DEBUG_XPATH:   Current context node: SaradcSent (type=container, path=/Mcu/GtmConfiguration/GtmConfiguration_0/GtmToPeripheral/GtmToPeripheral/SaradcSent, children=['ChannelId', 'GtmTriggerSelect'])
[DEBUG] DEBUG_XPATH: _parse_path('*[num:i($SaradcCheckindex + 1)]/ChannelId') -> parts=['*[num:i($SaradcCheckindex + 1)]', 'ChannelId']
[DEBUG] DEBUG_XPATH: Navigating segment '*' (axis=child) from 1 nodes
[DEBUG] DEBUG_XPATH:   Current context node: SaradcSent (type=container, path=/Mcu/GtmConfiguration/GtmConfiguration_0/GtmToPeripheral/GtmToPeripheral/SaradcSent, children=['ChannelId', 'GtmTriggerSelect'])
[DEBUG] DEBUG: Evaluating condition: $ChidIn = $ChidOut
[DEBUG] DEBUG: Comparison [$ChidIn = $ChidOut] => [None = None] Result: True
[DEBUG] DEBUG: Evaluating condition: $triggIn = $triggOut
[DEBUG] DEBUG: Comparison [$triggIn = $triggOut] => [both empty ''] Result: False
[DEBUG] DEBUG_XPATH: _parse_path('*[num:i($SaradcCheckindexIn + 1)]/GtmTriggerSelect') -> parts=['*[num:i($SaradcCheckindexIn + 1)]', 'GtmTriggerSelect']
[DEBUG] DEBUG_XPATH: Navigating segment '*' (axis=child) from 1 nodes
[DEBUG] DEBUG_XPATH:   Current context node: SaradcSent (type=container, path=/Mcu/GtmConfiguration/GtmConfiguration_0/GtmToPeripheral/GtmToPeripheral/SaradcSent, children=['ChannelId', 'GtmTriggerSelect'])
[DEBUG] DEBUG_XPATH: _parse_path('*[num:i($SaradcCheckindexIn + 1)]/GtmTriggerSelect') -> parts=['*[num:i($SaradcCheckindexIn + 1)]', 'GtmTriggerSelect']
[DEBUG] DEBUG_XPATH: Navigating segment '*' (axis=child) from 1 nodes
[DEBUG] DEBUG_XPATH:   Current context node: SaradcSent (type=container, path=/Mcu/GtmConfiguration/GtmConfiguration_0/GtmToPeripheral/GtmToPeripheral/SaradcSent, children=['ChannelId', 'GtmTriggerSelect'])
[DEBUG] DEBUG_XPATH: _parse_path('*[num:i($SaradcCheckindex + 1)]/GtmTriggerSelect') -> parts=['*[num:i($SaradcCheckindex + 1)]', 'GtmTriggerSelect']
[DEBUG] DEBUG_XPATH: Navigating segment '*' (axis=child) from 1 nodes
[DEBUG] DEBUG_XPATH:   Current context node: SaradcSent (type=container, path=/Mcu/GtmConfiguration/GtmConfiguration_0/GtmToPeripheral/GtmToPeripheral/SaradcSent, children=['ChannelId', 'GtmTriggerSelect'])
[DEBUG] DEBUG_XPATH: _parse_path('*[num:i($SaradcCheckindex + 1)]/GtmTriggerSelect') -> parts=['*[num:i($SaradcCheckindex + 1)]', 'GtmTriggerSelect']
[DEBUG] DEBUG_XPATH: Navigating segment '*' (axis=child) from 1 nodes
[DEBUG] DEBUG_XPATH:   Current context node: SaradcSent (type=container, path=/Mcu/GtmConfiguration/GtmConfiguration_0/GtmToPeripheral/GtmToPeripheral/SaradcSent, children=['ChannelId', 'GtmTriggerSelect'])
[DEBUG] DEBUG_XPATH: _parse_path('*[num:i($SaradcCheckindexIn + 1)]/ChannelId') -> parts=['*[num:i($SaradcCheckindexIn + 1)]', 'ChannelId']
[DEBUG] DEBUG_XPATH: Navigating segment '*' (axis=child) from 1 nodes
[DEBUG] DEBUG_XPATH:   Current context node: SaradcSent (type=container, path=/Mcu/GtmConfiguration/GtmConfiguration_0/GtmToPeripheral/GtmToPeripheral/SaradcSent, children=['ChannelId', 'GtmTriggerSelect'])
[DEBUG] DEBUG_XPATH: _parse_path('*[num:i($SaradcCheckindex + 1)]/ChannelId') -> parts=['*[num:i($SaradcCheckindex + 1)]', 'ChannelId']
[DEBUG] DEBUG_XPATH: Navigating segment '*' (axis=child) from 1 nodes
[DEBUG] DEBUG_XPATH:   Current context node: SaradcSent (type=container, path=/Mcu/GtmConfiguration/GtmConfiguration_0/GtmToPeripheral/GtmToPeripheral/SaradcSent, children=['ChannelId', 'GtmTriggerSelect'])
[DEBUG] DEBUG: Evaluating condition: $ChidIn = $ChidOut
[DEBUG] DEBUG: Comparison [$ChidIn = $ChidOut] => [None = None] Result: True
[DEBUG] DEBUG: Evaluating condition: $triggIn = $triggOut
[DEBUG] DEBUG: Comparison [$triggIn = $triggOut] => [both empty ''] Result: False
[DEBUG] DEBUG_XPATH: _parse_path('*[num:i($SaradcCheckindexIn + 1)]/GtmTriggerSelect') -> parts=['*[num:i($SaradcCheckindexIn + 1)]', 'GtmTriggerSelect']
[DEBUG] DEBUG_XPATH: Navigating segment '*' (axis=child) from 1 nodes
[DEBUG] DEBUG_XPATH:   Current context node: SaradcSent (type=container, path=/Mcu/GtmConfiguration/GtmConfiguration_0/GtmToPeripheral/GtmToPeripheral/SaradcSent, children=['ChannelId', 'GtmTriggerSelect'])
[DEBUG] DEBUG_XPATH: _parse_path('*[num:i($SaradcCheckindexIn + 1)]/GtmTriggerSelect') -> parts=['*[num:i($SaradcCheckindexIn + 1)]', 'GtmTriggerSelect']
[DEBUG] DEBUG_XPATH: Navigating segment '*' (axis=child) from 1 nodes
[DEBUG] DEBUG_XPATH:   Current context node: SaradcSent (type=container, path=/Mcu/GtmConfiguration/GtmConfiguration_0/GtmToPeripheral/GtmToPeripheral/SaradcSent, children=['ChannelId', 'GtmTriggerSelect'])
[DEBUG] DEBUG_XPATH: _parse_path('*[num:i($SaradcCheckindex + 1)]/GtmTriggerSelect') -> parts=['*[num:i($SaradcCheckindex + 1)]', 'GtmTriggerSelect']
[DEBUG] DEBUG_XPATH: Navigating segment '*' (axis=child) from 1 nodes
[DEBUG] DEBUG_XPATH:   Current context node: SaradcSent (type=container, path=/Mcu/GtmConfiguration/GtmConfiguration_0/GtmToPeripheral/GtmToPeripheral/SaradcSent, children=['ChannelId', 'GtmTriggerSelect'])
[DEBUG] DEBUG_XPATH: _parse_path('*[num:i($SaradcCheckindex + 1)]/GtmTriggerSelect') -> parts=['*[num:i($SaradcCheckindex + 1)]', 'GtmTriggerSelect']
[DEBUG] DEBUG_XPATH: Navigating segment '*' (axis=child) from 1 nodes
[DEBUG] DEBUG_XPATH:   Current context node: SaradcSent (type=container, path=/Mcu/GtmConfiguration/GtmConfiguration_0/GtmToPeripheral/GtmToPeripheral/SaradcSent, children=['ChannelId', 'GtmTriggerSelect'])
[DEBUG] DEBUG_XPATH: _parse_path('*[num:i($SaradcCheckindexIn + 1)]/ChannelId') -> parts=['*[num:i($SaradcCheckindexIn + 1)]', 'ChannelId']
[DEBUG] DEBUG_XPATH: Navigating segment '*' (axis=child) from 1 nodes
[DEBUG] DEBUG_XPATH:   Current context node: SaradcSent (type=container, path=/Mcu/GtmConfiguration/GtmConfiguration_0/GtmToPeripheral/GtmToPeripheral/SaradcSent, children=['ChannelId', 'GtmTriggerSelect'])
[DEBUG] DEBUG_XPATH: _parse_path('*[num:i($SaradcCheckindex + 1)]/ChannelId') -> parts=['*[num:i($SaradcCheckindex + 1)]', 'ChannelId']
[DEBUG] DEBUG_XPATH: Navigating segment '*' (axis=child) from 1 nodes
[DEBUG] DEBUG_XPATH:   Current context node: SaradcSent (type=container, path=/Mcu/GtmConfiguration/GtmConfiguration_0/GtmToPeripheral/GtmToPeripheral/SaradcSent, children=['ChannelId', 'GtmTriggerSelect'])
[DEBUG] DEBUG: Evaluating condition: $ChidIn = $ChidOut
[DEBUG] DEBUG: Comparison [$ChidIn = $ChidOut] => [None = None] Result: True
[DEBUG] DEBUG: Evaluating condition: $triggIn = $triggOut
[DEBUG] DEBUG: Comparison [$triggIn = $triggOut] => [both empty ''] Result: False
[DEBUG] DEBUG_XPATH: _parse_path('*[num:i($SaradcCheckindexIn + 1)]/GtmTriggerSelect') -> parts=['*[num:i($SaradcCheckindexIn + 1)]', 'GtmTriggerSelect']
[DEBUG] DEBUG_XPATH: Navigating segment '*' (axis=child) from 1 nodes
[DEBUG] DEBUG_XPATH:   Current context node: SaradcSent (type=container, path=/Mcu/GtmConfiguration/GtmConfiguration_0/GtmToPeripheral/GtmToPeripheral/SaradcSent, children=['ChannelId', 'GtmTriggerSelect'])
[DEBUG] DEBUG_XPATH: _parse_path('*[num:i($SaradcCheckindexIn + 1)]/GtmTriggerSelect') -> parts=['*[num:i($SaradcCheckindexIn + 1)]', 'GtmTriggerSelect']
[DEBUG] DEBUG_XPATH: Navigating segment '*' (axis=child) from 1 nodes
[DEBUG] DEBUG_XPATH:   Current context node: SaradcSent (type=container, path=/Mcu/GtmConfiguration/GtmConfiguration_0/GtmToPeripheral/GtmToPeripheral/SaradcSent, children=['ChannelId', 'GtmTriggerSelect'])
[DEBUG] DEBUG_XPATH: _parse_path('*[num:i($SaradcCheckindex + 1)]/GtmTriggerSelect') -> parts=['*[num:i($SaradcCheckindex + 1)]', 'GtmTriggerSelect']
[DEBUG] DEBUG_XPATH: Navigating segment '*' (axis=child) from 1 nodes
[DEBUG] DEBUG_XPATH:   Current context node: SaradcSent (type=container, path=/Mcu/GtmConfiguration/GtmConfiguration_0/GtmToPeripheral/GtmToPeripheral/SaradcSent, children=['ChannelId', 'GtmTriggerSelect'])
[DEBUG] DEBUG_XPATH: _parse_path('*[num:i($SaradcCheckindex + 1)]/GtmTriggerSelect') -> parts=['*[num:i($SaradcCheckindex + 1)]', 'GtmTriggerSelect']
[DEBUG] DEBUG_XPATH: Navigating segment '*' (axis=child) from 1 nodes
[DEBUG] DEBUG_XPATH:   Current context node: SaradcSent (type=container, path=/Mcu/GtmConfiguration/GtmConfiguration_0/GtmToPeripheral/GtmToPeripheral/SaradcSent, children=['ChannelId', 'GtmTriggerSelect'])
[DEBUG] DEBUG_XPATH: _parse_path('*[num:i($SaradcCheckindexIn + 1)]/ChannelId') -> parts=['*[num:i($SaradcCheckindexIn + 1)]', 'ChannelId']
[DEBUG] DEBUG_XPATH: Navigating segment '*' (axis=child) from 1 nodes
[DEBUG] DEBUG_XPATH:   Current context node: SaradcSent (type=container, path=/Mcu/GtmConfiguration/GtmConfiguration_0/GtmToPeripheral/GtmToPeripheral/SaradcSent, children=['ChannelId', 'GtmTriggerSelect'])
[DEBUG] DEBUG_XPATH: _parse_path('*[num:i($SaradcCheckindex + 1)]/ChannelId') -> parts=['*[num:i($SaradcCheckindex + 1)]', 'ChannelId']
[DEBUG] DEBUG_XPATH: Navigating segment '*' (axis=child) from 1 nodes
[DEBUG] DEBUG_XPATH:   Current context node: SaradcSent (type=container, path=/Mcu/GtmConfiguration/GtmConfiguration_0/GtmToPeripheral/GtmToPeripheral/SaradcSent, children=['ChannelId', 'GtmTriggerSelect'])
[DEBUG] DEBUG: Evaluating condition: $ChidIn = $ChidOut
[DEBUG] DEBUG: Comparison [$ChidIn = $ChidOut] => [None = None] Result: True
[DEBUG] DEBUG: Evaluating condition: $triggIn = $triggOut
[DEBUG] DEBUG: Comparison [$triggIn = $triggOut] => [both empty ''] Result: False
[DEBUG] DEBUG_XPATH: _parse_path('*[num:i($SaradcCheckindexIn + 1)]/GtmTriggerSelect') -> parts=['*[num:i($SaradcCheckindexIn + 1)]', 'GtmTriggerSelect']
[DEBUG] DEBUG_XPATH: Navigating segment '*' (axis=child) from 1 nodes
[DEBUG] DEBUG_XPATH:   Current context node: SaradcSent (type=container, path=/Mcu/GtmConfiguration/GtmConfiguration_0/GtmToPeripheral/GtmToPeripheral/SaradcSent, children=['ChannelId', 'GtmTriggerSelect'])
[DEBUG] DEBUG_XPATH: _parse_path('*[num:i($SaradcCheckindexIn + 1)]/GtmTriggerSelect') -> parts=['*[num:i($SaradcCheckindexIn + 1)]', 'GtmTriggerSelect']
[DEBUG] DEBUG_XPATH: Navigating segment '*' (axis=child) from 1 nodes
[DEBUG] DEBUG_XPATH:   Current context node: SaradcSent (type=container, path=/Mcu/GtmConfiguration/GtmConfiguration_0/GtmToPeripheral/GtmToPeripheral/SaradcSent, children=['ChannelId', 'GtmTriggerSelect'])
[DEBUG] DEBUG_XPATH: _parse_path('*[num:i($SaradcCheckindex + 1)]/GtmTriggerSelect') -> parts=['*[num:i($SaradcCheckindex + 1)]', 'GtmTriggerSelect']
[DEBUG] DEBUG_XPATH: Navigating segment '*' (axis=child) from 1 nodes
[DEBUG] DEBUG_XPATH:   Current context node: SaradcSent (type=container, path=/Mcu/GtmConfiguration/GtmConfiguration_0/GtmToPeripheral/GtmToPeripheral/SaradcSent, children=['ChannelId', 'GtmTriggerSelect'])
[DEBUG] DEBUG_XPATH: _parse_path('*[num:i($SaradcCheckindex + 1)]/GtmTriggerSelect') -> parts=['*[num:i($SaradcCheckindex + 1)]', 'GtmTriggerSelect']
[DEBUG] DEBUG_XPATH: Navigating segment '*' (axis=child) from 1 nodes
[DEBUG] DEBUG_XPATH:   Current context node: SaradcSent (type=container, path=/Mcu/GtmConfiguration/GtmConfiguration_0/GtmToPeripheral/GtmToPeripheral/SaradcSent, children=['ChannelId', 'GtmTriggerSelect'])
[DEBUG] DEBUG_XPATH: _parse_path('*[num:i($SaradcCheckindexIn + 1)]/ChannelId') -> parts=['*[num:i($SaradcCheckindexIn + 1)]', 'ChannelId']
[DEBUG] DEBUG_XPATH: Navigating segment '*' (axis=child) from 1 nodes
[DEBUG] DEBUG_XPATH:   Current context node: SaradcSent (type=container, path=/Mcu/GtmConfiguration/GtmConfiguration_0/GtmToPeripheral/GtmToPeripheral/SaradcSent, children=['ChannelId', 'GtmTriggerSelect'])
[DEBUG] DEBUG_XPATH: _parse_path('*[num:i($SaradcCheckindex + 1)]/ChannelId') -> parts=['*[num:i($SaradcCheckindex + 1)]', 'ChannelId']
[DEBUG] DEBUG_XPATH: Navigating segment '*' (axis=child) from 1 nodes
[DEBUG] DEBUG_XPATH:   Current context node: SaradcSent (type=container, path=/Mcu/GtmConfiguration/GtmConfiguration_0/GtmToPeripheral/GtmToPeripheral/SaradcSent, children=['ChannelId', 'GtmTriggerSelect'])
[DEBUG] DEBUG: Evaluating condition: $ChidIn = $ChidOut
[DEBUG] DEBUG: Comparison [$ChidIn = $ChidOut] => [None = None] Result: True
[DEBUG] DEBUG: Evaluating condition: $triggIn = $triggOut
[DEBUG] DEBUG: Comparison [$triggIn = $triggOut] => [both empty ''] Result: False
[DEBUG] DEBUG_XPATH: _parse_path('*[num:i($SaradcCheckindexIn + 1)]/GtmTriggerSelect') -> parts=['*[num:i($SaradcCheckindexIn + 1)]', 'GtmTriggerSelect']
[DEBUG] DEBUG_XPATH: Navigating segment '*' (axis=child) from 1 nodes
[DEBUG] DEBUG_XPATH:   Current context node: SaradcSent (type=container, path=/Mcu/GtmConfiguration/GtmConfiguration_0/GtmToPeripheral/GtmToPeripheral/SaradcSent, children=['ChannelId', 'GtmTriggerSelect'])
[DEBUG] DEBUG_XPATH: _parse_path('*[num:i($SaradcCheckindexIn + 1)]/GtmTriggerSelect') -> parts=['*[num:i($SaradcCheckindexIn + 1)]', 'GtmTriggerSelect']
[DEBUG] DEBUG_XPATH: Navigating segment '*' (axis=child) from 1 nodes
[DEBUG] DEBUG_XPATH:   Current context node: SaradcSent (type=container, path=/Mcu/GtmConfiguration/GtmConfiguration_0/GtmToPeripheral/GtmToPeripheral/SaradcSent, children=['ChannelId', 'GtmTriggerSelect'])
[DEBUG] DEBUG_XPATH: _parse_path('*[num:i($SaradcCheckindex + 1)]/GtmTriggerSelect') -> parts=['*[num:i($SaradcCheckindex + 1)]', 'GtmTriggerSelect']
[DEBUG] DEBUG_XPATH: Navigating segment '*' (axis=child) from 1 nodes
[DEBUG] DEBUG_XPATH:   Current context node: SaradcSent (type=container, path=/Mcu/GtmConfiguration/GtmConfiguration_0/GtmToPeripheral/GtmToPeripheral/SaradcSent, children=['ChannelId', 'GtmTriggerSelect'])
[DEBUG] DEBUG_XPATH: _parse_path('*[num:i($SaradcCheckindex + 1)]/GtmTriggerSelect') -> parts=['*[num:i($SaradcCheckindex + 1)]', 'GtmTriggerSelect']
[DEBUG] DEBUG_XPATH: Navigating segment '*' (axis=child) from 1 nodes
[DEBUG] DEBUG_XPATH:   Current context node: SaradcSent (type=container, path=/Mcu/GtmConfiguration/GtmConfiguration_0/GtmToPeripheral/GtmToPeripheral/SaradcSent, children=['ChannelId', 'GtmTriggerSelect'])
[DEBUG] DEBUG_XPATH: _parse_path('*[num:i($SaradcCheckindexIn + 1)]/ChannelId') -> parts=['*[num:i($SaradcCheckindexIn + 1)]', 'ChannelId']
[DEBUG] DEBUG_XPATH: Navigating segment '*' (axis=child) from 1 nodes
[DEBUG] DEBUG_XPATH:   Current context node: SaradcSent (type=container, path=/Mcu/GtmConfiguration/GtmConfiguration_0/GtmToPeripheral/GtmToPeripheral/SaradcSent, children=['ChannelId', 'GtmTriggerSelect'])
[DEBUG] DEBUG_XPATH: _parse_path('*[num:i($SaradcCheckindex + 1)]/ChannelId') -> parts=['*[num:i($SaradcCheckindex + 1)]', 'ChannelId']
[DEBUG] DEBUG_XPATH: Navigating segment '*' (axis=child) from 1 nodes
[DEBUG] DEBUG_XPATH:   Current context node: SaradcSent (type=container, path=/Mcu/GtmConfiguration/GtmConfiguration_0/GtmToPeripheral/GtmToPeripheral/SaradcSent, children=['ChannelId', 'GtmTriggerSelect'])
[DEBUG] DEBUG: Evaluating condition: $ChidIn = $ChidOut
[DEBUG] DEBUG: Comparison [$ChidIn = $ChidOut] => [None = None] Result: True
[DEBUG] DEBUG: Evaluating condition: $triggIn = $triggOut
[DEBUG] DEBUG: Comparison [$triggIn = $triggOut] => [both empty ''] Result: False
[DEBUG] DEBUG_XPATH: _parse_path('*[num:i($SaradcCheckindexIn + 1)]/GtmTriggerSelect') -> parts=['*[num:i($SaradcCheckindexIn + 1)]', 'GtmTriggerSelect']
[DEBUG] DEBUG_XPATH: Navigating segment '*' (axis=child) from 1 nodes
[DEBUG] DEBUG_XPATH:   Current context node: SaradcSent (type=container, path=/Mcu/GtmConfiguration/GtmConfiguration_0/GtmToPeripheral/GtmToPeripheral/SaradcSent, children=['ChannelId', 'GtmTriggerSelect'])
[DEBUG] DEBUG_XPATH: _parse_path('*[num:i($SaradcCheckindexIn + 1)]/GtmTriggerSelect') -> parts=['*[num:i($SaradcCheckindexIn + 1)]', 'GtmTriggerSelect']
[DEBUG] DEBUG_XPATH: Navigating segment '*' (axis=child) from 1 nodes
[DEBUG] DEBUG_XPATH:   Current context node: SaradcSent (type=container, path=/Mcu/GtmConfiguration/GtmConfiguration_0/GtmToPeripheral/GtmToPeripheral/SaradcSent, children=['ChannelId', 'GtmTriggerSelect'])
[DEBUG] DEBUG_XPATH: _parse_path('*[num:i($SaradcCheckindex + 1)]/GtmTriggerSelect') -> parts=['*[num:i($SaradcCheckindex + 1)]', 'GtmTriggerSelect']
[DEBUG] DEBUG_XPATH: Navigating segment '*' (axis=child) from 1 nodes
[DEBUG] DEBUG_XPATH:   Current context node: SaradcSent (type=container, path=/Mcu/GtmConfiguration/GtmConfiguration_0/GtmToPeripheral/GtmToPeripheral/SaradcSent, children=['ChannelId', 'GtmTriggerSelect'])
[DEBUG] DEBUG_XPATH: _parse_path('*[num:i($SaradcCheckindex + 1)]/GtmTriggerSelect') -> parts=['*[num:i($SaradcCheckindex + 1)]', 'GtmTriggerSelect']
[DEBUG] DEBUG_XPATH: Navigating segment '*' (axis=child) from 1 nodes
[DEBUG] DEBUG_XPATH:   Current context node: SaradcSent (type=container, path=/Mcu/GtmConfiguration/GtmConfiguration_0/GtmToPeripheral/GtmToPeripheral/SaradcSent, children=['ChannelId', 'GtmTriggerSelect'])
[DEBUG] DEBUG_XPATH: _parse_path('*[num:i($SaradcCheckindexIn + 1)]/ChannelId') -> parts=['*[num:i($SaradcCheckindexIn + 1)]', 'ChannelId']
[DEBUG] DEBUG_XPATH: Navigating segment '*' (axis=child) from 1 nodes
[DEBUG] DEBUG_XPATH:   Current context node: SaradcSent (type=container, path=/Mcu/GtmConfiguration/GtmConfiguration_0/GtmToPeripheral/GtmToPeripheral/SaradcSent, children=['ChannelId', 'GtmTriggerSelect'])
[DEBUG] DEBUG_XPATH: _parse_path('*[num:i($SaradcCheckindex + 1)]/ChannelId') -> parts=['*[num:i($SaradcCheckindex + 1)]', 'ChannelId']
[DEBUG] DEBUG_XPATH: Navigating segment '*' (axis=child) from 1 nodes
[DEBUG] DEBUG_XPATH:   Current context node: SaradcSent (type=container, path=/Mcu/GtmConfiguration/GtmConfiguration_0/GtmToPeripheral/GtmToPeripheral/SaradcSent, children=['ChannelId', 'GtmTriggerSelect'])
[DEBUG] DEBUG: Evaluating condition: $ChidIn = $ChidOut
[DEBUG] DEBUG: Comparison [$ChidIn = $ChidOut] => [None = None] Result: True
[DEBUG] DEBUG: Evaluating condition: $triggIn = $triggOut
[DEBUG] DEBUG: Comparison [$triggIn = $triggOut] => [both empty ''] Result: False
[DEBUG] DEBUG_XPATH: _parse_path('*[num:i($SaradcCheckindexIn + 1)]/GtmTriggerSelect') -> parts=['*[num:i($SaradcCheckindexIn + 1)]', 'GtmTriggerSelect']
[DEBUG] DEBUG_XPATH: Navigating segment '*' (axis=child) from 1 nodes
[DEBUG] DEBUG_XPATH:   Current context node: SaradcSent (type=container, path=/Mcu/GtmConfiguration/GtmConfiguration_0/GtmToPeripheral/GtmToPeripheral/SaradcSent, children=['ChannelId', 'GtmTriggerSelect'])
[DEBUG] DEBUG_XPATH: _parse_path('*[num:i($SaradcCheckindexIn + 1)]/GtmTriggerSelect') -> parts=['*[num:i($SaradcCheckindexIn + 1)]', 'GtmTriggerSelect']
[DEBUG] DEBUG_XPATH: Navigating segment '*' (axis=child) from 1 nodes
[DEBUG] DEBUG_XPATH:   Current context node: SaradcSent (type=container, path=/Mcu/GtmConfiguration/GtmConfiguration_0/GtmToPeripheral/GtmToPeripheral/SaradcSent, children=['ChannelId', 'GtmTriggerSelect'])
[DEBUG] DEBUG_XPATH: _parse_path('*[num:i($SaradcCheckindex + 1)]/GtmTriggerSelect') -> parts=['*[num:i($SaradcCheckindex + 1)]', 'GtmTriggerSelect']
[DEBUG] DEBUG_XPATH: Navigating segment '*' (axis=child) from 1 nodes
[DEBUG] DEBUG_XPATH:   Current context node: SaradcSent (type=container, path=/Mcu/GtmConfiguration/GtmConfiguration_0/GtmToPeripheral/GtmToPeripheral/SaradcSent, children=['ChannelId', 'GtmTriggerSelect'])
[DEBUG] DEBUG_XPATH: _parse_path('*[num:i($SaradcCheckindex + 1)]/GtmTriggerSelect') -> parts=['*[num:i($SaradcCheckindex + 1)]', 'GtmTriggerSelect']
[DEBUG] DEBUG_XPATH: Navigating segment '*' (axis=child) from 1 nodes
[DEBUG] DEBUG_XPATH:   Current context node: SaradcSent (type=container, path=/Mcu/GtmConfiguration/GtmConfiguration_0/GtmToPeripheral/GtmToPeripheral/SaradcSent, children=['ChannelId', 'GtmTriggerSelect'])
[DEBUG] DEBUG_XPATH: _parse_path('*[num:i($SaradcCheckindexIn + 1)]/ChannelId') -> parts=['*[num:i($SaradcCheckindexIn + 1)]', 'ChannelId']
[DEBUG] DEBUG_XPATH: Navigating segment '*' (axis=child) from 1 nodes
[DEBUG] DEBUG_XPATH:   Current context node: SaradcSent (type=container, path=/Mcu/GtmConfiguration/GtmConfiguration_0/GtmToPeripheral/GtmToPeripheral/SaradcSent, children=['ChannelId', 'GtmTriggerSelect'])
[DEBUG] DEBUG_XPATH: _parse_path('*[num:i($SaradcCheckindex + 1)]/ChannelId') -> parts=['*[num:i($SaradcCheckindex + 1)]', 'ChannelId']
[DEBUG] DEBUG_XPATH: Navigating segment '*' (axis=child) from 1 nodes
[DEBUG] DEBUG_XPATH:   Current context node: SaradcSent (type=container, path=/Mcu/GtmConfiguration/GtmConfiguration_0/GtmToPeripheral/GtmToPeripheral/SaradcSent, children=['ChannelId', 'GtmTriggerSelect'])
[DEBUG] DEBUG: Evaluating condition: $ChidIn = $ChidOut
[DEBUG] DEBUG: Comparison [$ChidIn = $ChidOut] => [None = None] Result: True
[DEBUG] DEBUG: Evaluating condition: $triggIn = $triggOut
[DEBUG] DEBUG: Comparison [$triggIn = $triggOut] => [both empty ''] Result: False
[DEBUG] DEBUG_XPATH: _parse_path('*[num:i($SaradcCheckindexIn + 1)]/GtmTriggerSelect') -> parts=['*[num:i($SaradcCheckindexIn + 1)]', 'GtmTriggerSelect']
[DEBUG] DEBUG_XPATH: Navigating segment '*' (axis=child) from 1 nodes
[DEBUG] DEBUG_XPATH:   Current context node: SaradcSent (type=container, path=/Mcu/GtmConfiguration/GtmConfiguration_0/GtmToPeripheral/GtmToPeripheral/SaradcSent, children=['ChannelId', 'GtmTriggerSelect'])
[DEBUG] DEBUG_XPATH: _parse_path('*[num:i($SaradcCheckindexIn + 1)]/GtmTriggerSelect') -> parts=['*[num:i($SaradcCheckindexIn + 1)]', 'GtmTriggerSelect']
[DEBUG] DEBUG_XPATH: Navigating segment '*' (axis=child) from 1 nodes
[DEBUG] DEBUG_XPATH:   Current context node: SaradcSent (type=container, path=/Mcu/GtmConfiguration/GtmConfiguration_0/GtmToPeripheral/GtmToPeripheral/SaradcSent, children=['ChannelId', 'GtmTriggerSelect'])
[DEBUG] DEBUG_XPATH: _parse_path('*[num:i($SaradcCheckindex + 1)]/GtmTriggerSelect') -> parts=['*[num:i($SaradcCheckindex + 1)]', 'GtmTriggerSelect']
[DEBUG] DEBUG_XPATH: Navigating segment '*' (axis=child) from 1 nodes
[DEBUG] DEBUG_XPATH:   Current context node: SaradcSent (type=container, path=/Mcu/GtmConfiguration/GtmConfiguration_0/GtmToPeripheral/GtmToPeripheral/SaradcSent, children=['ChannelId', 'GtmTriggerSelect'])
[DEBUG] DEBUG_XPATH: _parse_path('*[num:i($SaradcCheckindex + 1)]/GtmTriggerSelect') -> parts=['*[num:i($SaradcCheckindex + 1)]', 'GtmTriggerSelect']
[DEBUG] DEBUG_XPATH: Navigating segment '*' (axis=child) from 1 nodes
[DEBUG] DEBUG_XPATH:   Current context node: SaradcSent (type=container, path=/Mcu/GtmConfiguration/GtmConfiguration_0/GtmToPeripheral/GtmToPeripheral/SaradcSent, children=['ChannelId', 'GtmTriggerSelect'])
[DEBUG] DEBUG_XPATH: _parse_path('*[num:i($SaradcCheckindexIn + 1)]/ChannelId') -> parts=['*[num:i($SaradcCheckindexIn + 1)]', 'ChannelId']
[DEBUG] DEBUG_XPATH: Navigating segment '*' (axis=child) from 1 nodes
[DEBUG] DEBUG_XPATH:   Current context node: SaradcSent (type=container, path=/Mcu/GtmConfiguration/GtmConfiguration_0/GtmToPeripheral/GtmToPeripheral/SaradcSent, children=['ChannelId', 'GtmTriggerSelect'])
[DEBUG] DEBUG_XPATH: _parse_path('*[num:i($SaradcCheckindex + 1)]/ChannelId') -> parts=['*[num:i($SaradcCheckindex + 1)]', 'ChannelId']
[DEBUG] DEBUG_XPATH: Navigating segment '*' (axis=child) from 1 nodes
[DEBUG] DEBUG_XPATH:   Current context node: SaradcSent (type=container, path=/Mcu/GtmConfiguration/GtmConfiguration_0/GtmToPeripheral/GtmToPeripheral/SaradcSent, children=['ChannelId', 'GtmTriggerSelect'])
[DEBUG] DEBUG: Evaluating condition: $ChidIn = $ChidOut
[DEBUG] DEBUG: Comparison [$ChidIn = $ChidOut] => [None = None] Result: True
[DEBUG] DEBUG: Evaluating condition: $triggIn = $triggOut
[DEBUG] DEBUG: Comparison [$triggIn = $triggOut] => [both empty ''] Result: False
[DEBUG] DEBUG_XPATH: _parse_path('*[num:i($SaradcCheckindexIn + 1)]/GtmTriggerSelect') -> parts=['*[num:i($SaradcCheckindexIn + 1)]', 'GtmTriggerSelect']
[DEBUG] DEBUG_XPATH: Navigating segment '*' (axis=child) from 1 nodes
[DEBUG] DEBUG_XPATH:   Current context node: SaradcSent (type=container, path=/Mcu/GtmConfiguration/GtmConfiguration_0/GtmToPeripheral/GtmToPeripheral/SaradcSent, children=['ChannelId', 'GtmTriggerSelect'])
[DEBUG] DEBUG_XPATH: _parse_path('*[num:i($SaradcCheckindexIn + 1)]/GtmTriggerSelect') -> parts=['*[num:i($SaradcCheckindexIn + 1)]', 'GtmTriggerSelect']
[DEBUG] DEBUG_XPATH: Navigating segment '*' (axis=child) from 1 nodes
[DEBUG] DEBUG_XPATH:   Current context node: SaradcSent (type=container, path=/Mcu/GtmConfiguration/GtmConfiguration_0/GtmToPeripheral/GtmToPeripheral/SaradcSent, children=['ChannelId', 'GtmTriggerSelect'])
[DEBUG] DEBUG_XPATH: _parse_path('*[num:i($SaradcCheckindex + 1)]/GtmTriggerSelect') -> parts=['*[num:i($SaradcCheckindex + 1)]', 'GtmTriggerSelect']
[DEBUG] DEBUG_XPATH: Navigating segment '*' (axis=child) from 1 nodes
[DEBUG] DEBUG_XPATH:   Current context node: SaradcSent (type=container, path=/Mcu/GtmConfiguration/GtmConfiguration_0/GtmToPeripheral/GtmToPeripheral/SaradcSent, children=['ChannelId', 'GtmTriggerSelect'])
[DEBUG] DEBUG_XPATH: _parse_path('*[num:i($SaradcCheckindex + 1)]/GtmTriggerSelect') -> parts=['*[num:i($SaradcCheckindex + 1)]', 'GtmTriggerSelect']
[DEBUG] DEBUG_XPATH: Navigating segment '*' (axis=child) from 1 nodes
[DEBUG] DEBUG_XPATH:   Current context node: SaradcSent (type=container, path=/Mcu/GtmConfiguration/GtmConfiguration_0/GtmToPeripheral/GtmToPeripheral/SaradcSent, children=['ChannelId', 'GtmTriggerSelect'])
[DEBUG] DEBUG_XPATH: _parse_path('*[num:i($SaradcCheckindexIn + 1)]/ChannelId') -> parts=['*[num:i($SaradcCheckindexIn + 1)]', 'ChannelId']
[DEBUG] DEBUG_XPATH: Navigating segment '*' (axis=child) from 1 nodes
[DEBUG] DEBUG_XPATH:   Current context node: SaradcSent (type=container, path=/Mcu/GtmConfiguration/GtmConfiguration_0/GtmToPeripheral/GtmToPeripheral/SaradcSent, children=['ChannelId', 'GtmTriggerSelect'])
[DEBUG] DEBUG_XPATH: _parse_path('*[num:i($SaradcCheckindex + 1)]/ChannelId') -> parts=['*[num:i($SaradcCheckindex + 1)]', 'ChannelId']
[DEBUG] DEBUG_XPATH: Navigating segment '*' (axis=child) from 1 nodes
[DEBUG] DEBUG_XPATH:   Current context node: SaradcSent (type=container, path=/Mcu/GtmConfiguration/GtmConfiguration_0/GtmToPeripheral/GtmToPeripheral/SaradcSent, children=['ChannelId', 'GtmTriggerSelect'])
[DEBUG] DEBUG: Evaluating condition: $ChidIn = $ChidOut
[DEBUG] DEBUG: Comparison [$ChidIn = $ChidOut] => [None = None] Result: True
[DEBUG] DEBUG: Evaluating condition: $triggIn = $triggOut
[DEBUG] DEBUG: Comparison [$triggIn = $triggOut] => [both empty ''] Result: False
[DEBUG] DEBUG_XPATH: _parse_path('*[num:i($SaradcCheckindexIn + 1)]/GtmTriggerSelect') -> parts=['*[num:i($SaradcCheckindexIn + 1)]', 'GtmTriggerSelect']
[DEBUG] DEBUG_XPATH: Navigating segment '*' (axis=child) from 1 nodes
[DEBUG] DEBUG_XPATH:   Current context node: SaradcSent (type=container, path=/Mcu/GtmConfiguration/GtmConfiguration_0/GtmToPeripheral/GtmToPeripheral/SaradcSent, children=['ChannelId', 'GtmTriggerSelect'])
[DEBUG] DEBUG_XPATH: _parse_path('*[num:i($SaradcCheckindexIn + 1)]/GtmTriggerSelect') -> parts=['*[num:i($SaradcCheckindexIn + 1)]', 'GtmTriggerSelect']
[DEBUG] DEBUG_XPATH: Navigating segment '*' (axis=child) from 1 nodes
[DEBUG] DEBUG_XPATH:   Current context node: SaradcSent (type=container, path=/Mcu/GtmConfiguration/GtmConfiguration_0/GtmToPeripheral/GtmToPeripheral/SaradcSent, children=['ChannelId', 'GtmTriggerSelect'])
[DEBUG] DEBUG_XPATH: _parse_path('*[num:i($SaradcCheckindex + 1)]/GtmTriggerSelect') -> parts=['*[num:i($SaradcCheckindex + 1)]', 'GtmTriggerSelect']
[DEBUG] DEBUG_XPATH: Navigating segment '*' (axis=child) from 1 nodes
[DEBUG] DEBUG_XPATH:   Current context node: SaradcSent (type=container, path=/Mcu/GtmConfiguration/GtmConfiguration_0/GtmToPeripheral/GtmToPeripheral/SaradcSent, children=['ChannelId', 'GtmTriggerSelect'])
[DEBUG] DEBUG_XPATH: _parse_path('*[num:i($SaradcCheckindex + 1)]/GtmTriggerSelect') -> parts=['*[num:i($SaradcCheckindex + 1)]', 'GtmTriggerSelect']
[DEBUG] DEBUG_XPATH: Navigating segment '*' (axis=child) from 1 nodes
[DEBUG] DEBUG_XPATH:   Current context node: SaradcSent (type=container, path=/Mcu/GtmConfiguration/GtmConfiguration_0/GtmToPeripheral/GtmToPeripheral/SaradcSent, children=['ChannelId', 'GtmTriggerSelect'])
[DEBUG] DEBUG_XPATH: _parse_path('*[num:i($SaradcCheckindexIn + 1)]/ChannelId') -> parts=['*[num:i($SaradcCheckindexIn + 1)]', 'ChannelId']
[DEBUG] DEBUG_XPATH: Navigating segment '*' (axis=child) from 1 nodes
[DEBUG] DEBUG_XPATH:   Current context node: SaradcSent (type=container, path=/Mcu/GtmConfiguration/GtmConfiguration_0/GtmToPeripheral/GtmToPeripheral/SaradcSent, children=['ChannelId', 'GtmTriggerSelect'])
[DEBUG] DEBUG_XPATH: _parse_path('*[num:i($SaradcCheckindex + 1)]/ChannelId') -> parts=['*[num:i($SaradcCheckindex + 1)]', 'ChannelId']
[DEBUG] DEBUG_XPATH: Navigating segment '*' (axis=child) from 1 nodes
[DEBUG] DEBUG_XPATH:   Current context node: SaradcSent (type=container, path=/Mcu/GtmConfiguration/GtmConfiguration_0/GtmToPeripheral/GtmToPeripheral/SaradcSent, children=['ChannelId', 'GtmTriggerSelect'])
[DEBUG] DEBUG: Evaluating condition: $ChidIn = $ChidOut
[DEBUG] DEBUG: Comparison [$ChidIn = $ChidOut] => [None = None] Result: True
[DEBUG] DEBUG: Evaluating condition: $triggIn = $triggOut
[DEBUG] DEBUG: Comparison [$triggIn = $triggOut] => [both empty ''] Result: False
[DEBUG] DEBUG_XPATH: _parse_path('*[num:i($SaradcCheckindexIn + 1)]/GtmTriggerSelect') -> parts=['*[num:i($SaradcCheckindexIn + 1)]', 'GtmTriggerSelect']
[DEBUG] DEBUG_XPATH: Navigating segment '*' (axis=child) from 1 nodes
[DEBUG] DEBUG_XPATH:   Current context node: SaradcSent (type=container, path=/Mcu/GtmConfiguration/GtmConfiguration_0/GtmToPeripheral/GtmToPeripheral/SaradcSent, children=['ChannelId', 'GtmTriggerSelect'])
[DEBUG] DEBUG_XPATH: _parse_path('*[num:i($SaradcCheckindexIn + 1)]/GtmTriggerSelect') -> parts=['*[num:i($SaradcCheckindexIn + 1)]', 'GtmTriggerSelect']
[DEBUG] DEBUG_XPATH: Navigating segment '*' (axis=child) from 1 nodes
[DEBUG] DEBUG_XPATH:   Current context node: SaradcSent (type=container, path=/Mcu/GtmConfiguration/GtmConfiguration_0/GtmToPeripheral/GtmToPeripheral/SaradcSent, children=['ChannelId', 'GtmTriggerSelect'])
[DEBUG] DEBUG_XPATH: _parse_path('*[num:i($SaradcCheckindex + 1)]/GtmTriggerSelect') -> parts=['*[num:i($SaradcCheckindex + 1)]', 'GtmTriggerSelect']
[DEBUG] DEBUG_XPATH: Navigating segment '*' (axis=child) from 1 nodes
[DEBUG] DEBUG_XPATH:   Current context node: SaradcSent (type=container, path=/Mcu/GtmConfiguration/GtmConfiguration_0/GtmToPeripheral/GtmToPeripheral/SaradcSent, children=['ChannelId', 'GtmTriggerSelect'])
[DEBUG] DEBUG_XPATH: _parse_path('*[num:i($SaradcCheckindex + 1)]/GtmTriggerSelect') -> parts=['*[num:i($SaradcCheckindex + 1)]', 'GtmTriggerSelect']
[DEBUG] DEBUG_XPATH: Navigating segment '*' (axis=child) from 1 nodes
[DEBUG] DEBUG_XPATH:   Current context node: SaradcSent (type=container, path=/Mcu/GtmConfiguration/GtmConfiguration_0/GtmToPeripheral/GtmToPeripheral/SaradcSent, children=['ChannelId', 'GtmTriggerSelect'])
[DEBUG] DEBUG_XPATH: _parse_path('*[num:i($SaradcCheckindexIn + 1)]/ChannelId') -> parts=['*[num:i($SaradcCheckindexIn + 1)]', 'ChannelId']
[DEBUG] DEBUG_XPATH: Navigating segment '*' (axis=child) from 1 nodes
[DEBUG] DEBUG_XPATH:   Current context node: SaradcSent (type=container, path=/Mcu/GtmConfiguration/GtmConfiguration_0/GtmToPeripheral/GtmToPeripheral/SaradcSent, children=['ChannelId', 'GtmTriggerSelect'])
[DEBUG] DEBUG_XPATH: _parse_path('*[num:i($SaradcCheckindex + 1)]/ChannelId') -> parts=['*[num:i($SaradcCheckindex + 1)]', 'ChannelId']
[DEBUG] DEBUG_XPATH: Navigating segment '*' (axis=child) from 1 nodes
[DEBUG] DEBUG_XPATH:   Current context node: SaradcSent (type=container, path=/Mcu/GtmConfiguration/GtmConfiguration_0/GtmToPeripheral/GtmToPeripheral/SaradcSent, children=['ChannelId', 'GtmTriggerSelect'])
[DEBUG] DEBUG: Evaluating condition: $ChidIn = $ChidOut
[DEBUG] DEBUG: Comparison [$ChidIn = $ChidOut] => [None = None] Result: True
[DEBUG] DEBUG: Evaluating condition: $triggIn = $triggOut
[DEBUG] DEBUG: Comparison [$triggIn = $triggOut] => [both empty ''] Result: False
[DEBUG] DEBUG_XPATH: _parse_path('*[num:i($SaradcCheckindexIn + 1)]/GtmTriggerSelect') -> parts=['*[num:i($SaradcCheckindexIn + 1)]', 'GtmTriggerSelect']
[DEBUG] DEBUG_XPATH: Navigating segment '*' (axis=child) from 1 nodes
[DEBUG] DEBUG_XPATH:   Current context node: SaradcSent (type=container, path=/Mcu/GtmConfiguration/GtmConfiguration_0/GtmToPeripheral/GtmToPeripheral/SaradcSent, children=['ChannelId', 'GtmTriggerSelect'])
[DEBUG] DEBUG_XPATH: _parse_path('*[num:i($SaradcCheckindexIn + 1)]/GtmTriggerSelect') -> parts=['*[num:i($SaradcCheckindexIn + 1)]', 'GtmTriggerSelect']
[DEBUG] DEBUG_XPATH: Navigating segment '*' (axis=child) from 1 nodes
[DEBUG] DEBUG_XPATH:   Current context node: SaradcSent (type=container, path=/Mcu/GtmConfiguration/GtmConfiguration_0/GtmToPeripheral/GtmToPeripheral/SaradcSent, children=['ChannelId', 'GtmTriggerSelect'])
[DEBUG] DEBUG_XPATH: _parse_path('*[num:i($SaradcCheckindex + 1)]/GtmTriggerSelect') -> parts=['*[num:i($SaradcCheckindex + 1)]', 'GtmTriggerSelect']
[DEBUG] DEBUG_XPATH: Navigating segment '*' (axis=child) from 1 nodes
[DEBUG] DEBUG_XPATH:   Current context node: SaradcSent (type=container, path=/Mcu/GtmConfiguration/GtmConfiguration_0/GtmToPeripheral/GtmToPeripheral/SaradcSent, children=['ChannelId', 'GtmTriggerSelect'])
[DEBUG] DEBUG_XPATH: _parse_path('*[num:i($SaradcCheckindex + 1)]/GtmTriggerSelect') -> parts=['*[num:i($SaradcCheckindex + 1)]', 'GtmTriggerSelect']
[DEBUG] DEBUG_XPATH: Navigating segment '*' (axis=child) from 1 nodes
[DEBUG] DEBUG_XPATH:   Current context node: SaradcSent (type=container, path=/Mcu/GtmConfiguration/GtmConfiguration_0/GtmToPeripheral/GtmToPeripheral/SaradcSent, children=['ChannelId', 'GtmTriggerSelect'])
[DEBUG] DEBUG_XPATH: _parse_path('*[num:i($SaradcCheckindexIn + 1)]/ChannelId') -> parts=['*[num:i($SaradcCheckindexIn + 1)]', 'ChannelId']
[DEBUG] DEBUG_XPATH: Navigating segment '*' (axis=child) from 1 nodes
[DEBUG] DEBUG_XPATH:   Current context node: SaradcSent (type=container, path=/Mcu/GtmConfiguration/GtmConfiguration_0/GtmToPeripheral/GtmToPeripheral/SaradcSent, children=['ChannelId', 'GtmTriggerSelect'])
[DEBUG] DEBUG_XPATH: _parse_path('*[num:i($SaradcCheckindex + 1)]/ChannelId') -> parts=['*[num:i($SaradcCheckindex + 1)]', 'ChannelId']
[DEBUG] DEBUG_XPATH: Navigating segment '*' (axis=child) from 1 nodes
[DEBUG] DEBUG_XPATH:   Current context node: SaradcSent (type=container, path=/Mcu/GtmConfiguration/GtmConfiguration_0/GtmToPeripheral/GtmToPeripheral/SaradcSent, children=['ChannelId', 'GtmTriggerSelect'])
[DEBUG] DEBUG: Evaluating condition: $ChidIn = $ChidOut
[DEBUG] DEBUG: Comparison [$ChidIn = $ChidOut] => [None = None] Result: True
[DEBUG] DEBUG: Evaluating condition: $triggIn = $triggOut
[DEBUG] DEBUG: Comparison [$triggIn = $triggOut] => [both empty ''] Result: False
[DEBUG] DEBUG_XPATH: _parse_path('*[num:i($SaradcCheckindexIn + 1)]/GtmTriggerSelect') -> parts=['*[num:i($SaradcCheckindexIn + 1)]', 'GtmTriggerSelect']
[DEBUG] DEBUG_XPATH: Navigating segment '*' (axis=child) from 1 nodes
[DEBUG] DEBUG_XPATH:   Current context node: SaradcSent (type=container, path=/Mcu/GtmConfiguration/GtmConfiguration_0/GtmToPeripheral/GtmToPeripheral/SaradcSent, children=['ChannelId', 'GtmTriggerSelect'])
[DEBUG] DEBUG_XPATH: _parse_path('*[num:i($SaradcCheckindexIn + 1)]/GtmTriggerSelect') -> parts=['*[num:i($SaradcCheckindexIn + 1)]', 'GtmTriggerSelect']
[DEBUG] DEBUG_XPATH: Navigating segment '*' (axis=child) from 1 nodes
[DEBUG] DEBUG_XPATH:   Current context node: SaradcSent (type=container, path=/Mcu/GtmConfiguration/GtmConfiguration_0/GtmToPeripheral/GtmToPeripheral/SaradcSent, children=['ChannelId', 'GtmTriggerSelect'])
[DEBUG] DEBUG_XPATH: _parse_path('*[num:i($SaradcCheckindex + 1)]/GtmTriggerSelect') -> parts=['*[num:i($SaradcCheckindex + 1)]', 'GtmTriggerSelect']
[DEBUG] DEBUG_XPATH: Navigating segment '*' (axis=child) from 1 nodes
[DEBUG] DEBUG_XPATH:   Current context node: SaradcSent (type=container, path=/Mcu/GtmConfiguration/GtmConfiguration_0/GtmToPeripheral/GtmToPeripheral/SaradcSent, children=['ChannelId', 'GtmTriggerSelect'])
[DEBUG] DEBUG_XPATH: _parse_path('*[num:i($SaradcCheckindex + 1)]/GtmTriggerSelect') -> parts=['*[num:i($SaradcCheckindex + 1)]', 'GtmTriggerSelect']
[DEBUG] DEBUG_XPATH: Navigating segment '*' (axis=child) from 1 nodes
[DEBUG] DEBUG_XPATH:   Current context node: SaradcSent (type=container, path=/Mcu/GtmConfiguration/GtmConfiguration_0/GtmToPeripheral/GtmToPeripheral/SaradcSent, children=['ChannelId', 'GtmTriggerSelect'])
[DEBUG] DEBUG_XPATH: _parse_path('*[num:i($SaradcCheckindexIn + 1)]/ChannelId') -> parts=['*[num:i($SaradcCheckindexIn + 1)]', 'ChannelId']
[DEBUG] DEBUG_XPATH: Navigating segment '*' (axis=child) from 1 nodes
[DEBUG] DEBUG_XPATH:   Current context node: SaradcSent (type=container, path=/Mcu/GtmConfiguration/GtmConfiguration_0/GtmToPeripheral/GtmToPeripheral/SaradcSent, children=['ChannelId', 'GtmTriggerSelect'])
[DEBUG] DEBUG_XPATH: _parse_path('*[num:i($SaradcCheckindex + 1)]/ChannelId') -> parts=['*[num:i($SaradcCheckindex + 1)]', 'ChannelId']
[DEBUG] DEBUG_XPATH: Navigating segment '*' (axis=child) from 1 nodes
[DEBUG] DEBUG_XPATH:   Current context node: SaradcSent (type=container, path=/Mcu/GtmConfiguration/GtmConfiguration_0/GtmToPeripheral/GtmToPeripheral/SaradcSent, children=['ChannelId', 'GtmTriggerSelect'])
[DEBUG] DEBUG: Evaluating condition: $ChidIn = $ChidOut
[DEBUG] DEBUG: Comparison [$ChidIn = $ChidOut] => [None = None] Result: True
[DEBUG] DEBUG: Evaluating condition: $triggIn = $triggOut
[DEBUG] DEBUG: Comparison [$triggIn = $triggOut] => [both empty ''] Result: False
[DEBUG] DEBUG_XPATH: _parse_path('*[num:i($SaradcCheckindexIn + 1)]/GtmTriggerSelect') -> parts=['*[num:i($SaradcCheckindexIn + 1)]', 'GtmTriggerSelect']
[DEBUG] DEBUG_XPATH: Navigating segment '*' (axis=child) from 1 nodes
[DEBUG] DEBUG_XPATH:   Current context node: SaradcSent (type=container, path=/Mcu/GtmConfiguration/GtmConfiguration_0/GtmToPeripheral/GtmToPeripheral/SaradcSent, children=['ChannelId', 'GtmTriggerSelect'])
[DEBUG] DEBUG_XPATH: _parse_path('*[num:i($SaradcCheckindexIn + 1)]/GtmTriggerSelect') -> parts=['*[num:i($SaradcCheckindexIn + 1)]', 'GtmTriggerSelect']
[DEBUG] DEBUG_XPATH: Navigating segment '*' (axis=child) from 1 nodes
[DEBUG] DEBUG_XPATH:   Current context node: SaradcSent (type=container, path=/Mcu/GtmConfiguration/GtmConfiguration_0/GtmToPeripheral/GtmToPeripheral/SaradcSent, children=['ChannelId', 'GtmTriggerSelect'])
[DEBUG] DEBUG_XPATH: _parse_path('*[num:i($SaradcCheckindex + 1)]/GtmTriggerSelect') -> parts=['*[num:i($SaradcCheckindex + 1)]', 'GtmTriggerSelect']
[DEBUG] DEBUG_XPATH: Navigating segment '*' (axis=child) from 1 nodes
[DEBUG] DEBUG_XPATH:   Current context node: SaradcSent (type=container, path=/Mcu/GtmConfiguration/GtmConfiguration_0/GtmToPeripheral/GtmToPeripheral/SaradcSent, children=['ChannelId', 'GtmTriggerSelect'])
[DEBUG] DEBUG_XPATH: _parse_path('*[num:i($SaradcCheckindex + 1)]/GtmTriggerSelect') -> parts=['*[num:i($SaradcCheckindex + 1)]', 'GtmTriggerSelect']
[DEBUG] DEBUG_XPATH: Navigating segment '*' (axis=child) from 1 nodes
[DEBUG] DEBUG_XPATH:   Current context node: SaradcSent (type=container, path=/Mcu/GtmConfiguration/GtmConfiguration_0/GtmToPeripheral/GtmToPeripheral/SaradcSent, children=['ChannelId', 'GtmTriggerSelect'])
[DEBUG] DEBUG_XPATH: _parse_path('*[num:i($SaradcCheckindexIn + 1)]/ChannelId') -> parts=['*[num:i($SaradcCheckindexIn + 1)]', 'ChannelId']
[DEBUG] DEBUG_XPATH: Navigating segment '*' (axis=child) from 1 nodes
[DEBUG] DEBUG_XPATH:   Current context node: SaradcSent (type=container, path=/Mcu/GtmConfiguration/GtmConfiguration_0/GtmToPeripheral/GtmToPeripheral/SaradcSent, children=['ChannelId', 'GtmTriggerSelect'])
[DEBUG] DEBUG_XPATH: _parse_path('*[num:i($SaradcCheckindex + 1)]/ChannelId') -> parts=['*[num:i($SaradcCheckindex + 1)]', 'ChannelId']
[DEBUG] DEBUG_XPATH: Navigating segment '*' (axis=child) from 1 nodes
[DEBUG] DEBUG_XPATH:   Current context node: SaradcSent (type=container, path=/Mcu/GtmConfiguration/GtmConfiguration_0/GtmToPeripheral/GtmToPeripheral/SaradcSent, children=['ChannelId', 'GtmTriggerSelect'])
[DEBUG] DEBUG: Evaluating condition: $ChidIn = $ChidOut
[DEBUG] DEBUG: Comparison [$ChidIn = $ChidOut] => [None = None] Result: True
[DEBUG] DEBUG: Evaluating condition: $triggIn = $triggOut
[DEBUG] DEBUG: Comparison [$triggIn = $triggOut] => [both empty ''] Result: False
[DEBUG] DEBUG_XPATH: _parse_path('*[num:i($SaradcCheckindexIn + 1)]/GtmTriggerSelect') -> parts=['*[num:i($SaradcCheckindexIn + 1)]', 'GtmTriggerSelect']
[DEBUG] DEBUG_XPATH: Navigating segment '*' (axis=child) from 1 nodes
[DEBUG] DEBUG_XPATH:   Current context node: SaradcSent (type=container, path=/Mcu/GtmConfiguration/GtmConfiguration_0/GtmToPeripheral/GtmToPeripheral/SaradcSent, children=['ChannelId', 'GtmTriggerSelect'])
[DEBUG] DEBUG_XPATH: _parse_path('*[num:i($SaradcCheckindexIn + 1)]/GtmTriggerSelect') -> parts=['*[num:i($SaradcCheckindexIn + 1)]', 'GtmTriggerSelect']
[DEBUG] DEBUG_XPATH: Navigating segment '*' (axis=child) from 1 nodes
[DEBUG] DEBUG_XPATH:   Current context node: SaradcSent (type=container, path=/Mcu/GtmConfiguration/GtmConfiguration_0/GtmToPeripheral/GtmToPeripheral/SaradcSent, children=['ChannelId', 'GtmTriggerSelect'])
[DEBUG] DEBUG_XPATH: _parse_path('*[num:i($SaradcCheckindex + 1)]/GtmTriggerSelect') -> parts=['*[num:i($SaradcCheckindex + 1)]', 'GtmTriggerSelect']
[DEBUG] DEBUG_XPATH: Navigating segment '*' (axis=child) from 1 nodes
[DEBUG] DEBUG_XPATH:   Current context node: SaradcSent (type=container, path=/Mcu/GtmConfiguration/GtmConfiguration_0/GtmToPeripheral/GtmToPeripheral/SaradcSent, children=['ChannelId', 'GtmTriggerSelect'])
[DEBUG] DEBUG_XPATH: _parse_path('*[num:i($SaradcCheckindex + 1)]/GtmTriggerSelect') -> parts=['*[num:i($SaradcCheckindex + 1)]', 'GtmTriggerSelect']
[DEBUG] DEBUG_XPATH: Navigating segment '*' (axis=child) from 1 nodes
[DEBUG] DEBUG_XPATH:   Current context node: SaradcSent (type=container, path=/Mcu/GtmConfiguration/GtmConfiguration_0/GtmToPeripheral/GtmToPeripheral/SaradcSent, children=['ChannelId', 'GtmTriggerSelect'])
[DEBUG] DEBUG_XPATH: _parse_path('*[num:i($SaradcCheckindexIn + 1)]/ChannelId') -> parts=['*[num:i($SaradcCheckindexIn + 1)]', 'ChannelId']
[DEBUG] DEBUG_XPATH: Navigating segment '*' (axis=child) from 1 nodes
[DEBUG] DEBUG_XPATH:   Current context node: SaradcSent (type=container, path=/Mcu/GtmConfiguration/GtmConfiguration_0/GtmToPeripheral/GtmToPeripheral/SaradcSent, children=['ChannelId', 'GtmTriggerSelect'])
[DEBUG] DEBUG_XPATH: _parse_path('*[num:i($SaradcCheckindex + 1)]/ChannelId') -> parts=['*[num:i($SaradcCheckindex + 1)]', 'ChannelId']
[DEBUG] DEBUG_XPATH: Navigating segment '*' (axis=child) from 1 nodes
[DEBUG] DEBUG_XPATH:   Current context node: SaradcSent (type=container, path=/Mcu/GtmConfiguration/GtmConfiguration_0/GtmToPeripheral/GtmToPeripheral/SaradcSent, children=['ChannelId', 'GtmTriggerSelect'])
[DEBUG] DEBUG: Evaluating condition: $ChidIn = $ChidOut
[DEBUG] DEBUG: Comparison [$ChidIn = $ChidOut] => [None = None] Result: True
[DEBUG] DEBUG: Evaluating condition: $triggIn = $triggOut
[DEBUG] DEBUG: Comparison [$triggIn = $triggOut] => [both empty ''] Result: False
[DEBUG] DEBUG_XPATH: _parse_path('*[num:i($SaradcCheckindexIn + 1)]/GtmTriggerSelect') -> parts=['*[num:i($SaradcCheckindexIn + 1)]', 'GtmTriggerSelect']
[DEBUG] DEBUG_XPATH: Navigating segment '*' (axis=child) from 1 nodes
[DEBUG] DEBUG_XPATH:   Current context node: SaradcSent (type=container, path=/Mcu/GtmConfiguration/GtmConfiguration_0/GtmToPeripheral/GtmToPeripheral/SaradcSent, children=['ChannelId', 'GtmTriggerSelect'])
[DEBUG] DEBUG_XPATH: _parse_path('*[num:i($SaradcCheckindexIn + 1)]/GtmTriggerSelect') -> parts=['*[num:i($SaradcCheckindexIn + 1)]', 'GtmTriggerSelect']
[DEBUG] DEBUG_XPATH: Navigating segment '*' (axis=child) from 1 nodes
[DEBUG] DEBUG_XPATH:   Current context node: SaradcSent (type=container, path=/Mcu/GtmConfiguration/GtmConfiguration_0/GtmToPeripheral/GtmToPeripheral/SaradcSent, children=['ChannelId', 'GtmTriggerSelect'])
[DEBUG] DEBUG_XPATH: _parse_path('*[num:i($SaradcCheckindex + 1)]/GtmTriggerSelect') -> parts=['*[num:i($SaradcCheckindex + 1)]', 'GtmTriggerSelect']
[DEBUG] DEBUG_XPATH: Navigating segment '*' (axis=child) from 1 nodes
[DEBUG] DEBUG_XPATH:   Current context node: SaradcSent (type=container, path=/Mcu/GtmConfiguration/GtmConfiguration_0/GtmToPeripheral/GtmToPeripheral/SaradcSent, children=['ChannelId', 'GtmTriggerSelect'])
[DEBUG] DEBUG_XPATH: _parse_path('*[num:i($SaradcCheckindex + 1)]/GtmTriggerSelect') -> parts=['*[num:i($SaradcCheckindex + 1)]', 'GtmTriggerSelect']
[DEBUG] DEBUG_XPATH: Navigating segment '*' (axis=child) from 1 nodes
[DEBUG] DEBUG_XPATH:   Current context node: SaradcSent (type=container, path=/Mcu/GtmConfiguration/GtmConfiguration_0/GtmToPeripheral/GtmToPeripheral/SaradcSent, children=['ChannelId', 'GtmTriggerSelect'])
[DEBUG] DEBUG_XPATH: _parse_path('*[num:i($SaradcCheckindexIn + 1)]/ChannelId') -> parts=['*[num:i($SaradcCheckindexIn + 1)]', 'ChannelId']
[DEBUG] DEBUG_XPATH: Navigating segment '*' (axis=child) from 1 nodes
[DEBUG] DEBUG_XPATH:   Current context node: SaradcSent (type=container, path=/Mcu/GtmConfiguration/GtmConfiguration_0/GtmToPeripheral/GtmToPeripheral/SaradcSent, children=['ChannelId', 'GtmTriggerSelect'])
[DEBUG] DEBUG_XPATH: _parse_path('*[num:i($SaradcCheckindex + 1)]/ChannelId') -> parts=['*[num:i($SaradcCheckindex + 1)]', 'ChannelId']
[DEBUG] DEBUG_XPATH: Navigating segment '*' (axis=child) from 1 nodes
[DEBUG] DEBUG_XPATH:   Current context node: SaradcSent (type=container, path=/Mcu/GtmConfiguration/GtmConfiguration_0/GtmToPeripheral/GtmToPeripheral/SaradcSent, children=['ChannelId', 'GtmTriggerSelect'])
[DEBUG] DEBUG: Evaluating condition: $ChidIn = $ChidOut
[DEBUG] DEBUG: Comparison [$ChidIn = $ChidOut] => [None = None] Result: True
[DEBUG] DEBUG: Evaluating condition: $triggIn = $triggOut
[DEBUG] DEBUG: Comparison [$triggIn = $triggOut] => [both empty ''] Result: False
[DEBUG] DEBUG_XPATH: _parse_path('*[num:i($SaradcCheckindexIn + 1)]/GtmTriggerSelect') -> parts=['*[num:i($SaradcCheckindexIn + 1)]', 'GtmTriggerSelect']
[DEBUG] DEBUG_XPATH: Navigating segment '*' (axis=child) from 1 nodes
[DEBUG] DEBUG_XPATH:   Current context node: SaradcSent (type=container, path=/Mcu/GtmConfiguration/GtmConfiguration_0/GtmToPeripheral/GtmToPeripheral/SaradcSent, children=['ChannelId', 'GtmTriggerSelect'])
[DEBUG] DEBUG_XPATH: _parse_path('*[num:i($SaradcCheckindexIn + 1)]/GtmTriggerSelect') -> parts=['*[num:i($SaradcCheckindexIn + 1)]', 'GtmTriggerSelect']
[DEBUG] DEBUG_XPATH: Navigating segment '*' (axis=child) from 1 nodes
[DEBUG] DEBUG_XPATH:   Current context node: SaradcSent (type=container, path=/Mcu/GtmConfiguration/GtmConfiguration_0/GtmToPeripheral/GtmToPeripheral/SaradcSent, children=['ChannelId', 'GtmTriggerSelect'])
[DEBUG] DEBUG_XPATH: _parse_path('*[num:i($SaradcCheckindex + 1)]/GtmTriggerSelect') -> parts=['*[num:i($SaradcCheckindex + 1)]', 'GtmTriggerSelect']
[DEBUG] DEBUG_XPATH: Navigating segment '*' (axis=child) from 1 nodes
[DEBUG] DEBUG_XPATH:   Current context node: SaradcSent (type=container, path=/Mcu/GtmConfiguration/GtmConfiguration_0/GtmToPeripheral/GtmToPeripheral/SaradcSent, children=['ChannelId', 'GtmTriggerSelect'])
[DEBUG] DEBUG_XPATH: _parse_path('*[num:i($SaradcCheckindex + 1)]/GtmTriggerSelect') -> parts=['*[num:i($SaradcCheckindex + 1)]', 'GtmTriggerSelect']
[DEBUG] DEBUG_XPATH: Navigating segment '*' (axis=child) from 1 nodes
[DEBUG] DEBUG_XPATH:   Current context node: SaradcSent (type=container, path=/Mcu/GtmConfiguration/GtmConfiguration_0/GtmToPeripheral/GtmToPeripheral/SaradcSent, children=['ChannelId', 'GtmTriggerSelect'])
[DEBUG] DEBUG_XPATH: _parse_path('*[num:i($SaradcCheckindexIn + 1)]/ChannelId') -> parts=['*[num:i($SaradcCheckindexIn + 1)]', 'ChannelId']
[DEBUG] DEBUG_XPATH: Navigating segment '*' (axis=child) from 1 nodes
[DEBUG] DEBUG_XPATH:   Current context node: SaradcSent (type=container, path=/Mcu/GtmConfiguration/GtmConfiguration_0/GtmToPeripheral/GtmToPeripheral/SaradcSent, children=['ChannelId', 'GtmTriggerSelect'])
[DEBUG] DEBUG_XPATH: _parse_path('*[num:i($SaradcCheckindex + 1)]/ChannelId') -> parts=['*[num:i($SaradcCheckindex + 1)]', 'ChannelId']
[DEBUG] DEBUG_XPATH: Navigating segment '*' (axis=child) from 1 nodes
[DEBUG] DEBUG_XPATH:   Current context node: SaradcSent (type=container, path=/Mcu/GtmConfiguration/GtmConfiguration_0/GtmToPeripheral/GtmToPeripheral/SaradcSent, children=['ChannelId', 'GtmTriggerSelect'])
[DEBUG] DEBUG: Evaluating condition: $ChidIn = $ChidOut
[DEBUG] DEBUG: Comparison [$ChidIn = $ChidOut] => [None = None] Result: True
[DEBUG] DEBUG: Evaluating condition: $triggIn = $triggOut
[DEBUG] DEBUG: Comparison [$triggIn = $triggOut] => [both empty ''] Result: False
[DEBUG] DEBUG_XPATH: _parse_path('*[num:i($SaradcCheckindexIn + 1)]/GtmTriggerSelect') -> parts=['*[num:i($SaradcCheckindexIn + 1)]', 'GtmTriggerSelect']
[DEBUG] DEBUG_XPATH: Navigating segment '*' (axis=child) from 1 nodes
[DEBUG] DEBUG_XPATH:   Current context node: SaradcSent (type=container, path=/Mcu/GtmConfiguration/GtmConfiguration_0/GtmToPeripheral/GtmToPeripheral/SaradcSent, children=['ChannelId', 'GtmTriggerSelect'])
[DEBUG] DEBUG_XPATH: _parse_path('*[num:i($SaradcCheckindexIn + 1)]/GtmTriggerSelect') -> parts=['*[num:i($SaradcCheckindexIn + 1)]', 'GtmTriggerSelect']
[DEBUG] DEBUG_XPATH: Navigating segment '*' (axis=child) from 1 nodes
[DEBUG] DEBUG_XPATH:   Current context node: SaradcSent (type=container, path=/Mcu/GtmConfiguration/GtmConfiguration_0/GtmToPeripheral/GtmToPeripheral/SaradcSent, children=['ChannelId', 'GtmTriggerSelect'])
[DEBUG] DEBUG_XPATH: _parse_path('*[num:i($SaradcCheckindex + 1)]/GtmTriggerSelect') -> parts=['*[num:i($SaradcCheckindex + 1)]', 'GtmTriggerSelect']
[DEBUG] DEBUG_XPATH: Navigating segment '*' (axis=child) from 1 nodes
[DEBUG] DEBUG_XPATH:   Current context node: SaradcSent (type=container, path=/Mcu/GtmConfiguration/GtmConfiguration_0/GtmToPeripheral/GtmToPeripheral/SaradcSent, children=['ChannelId', 'GtmTriggerSelect'])
[DEBUG] DEBUG_XPATH: _parse_path('*[num:i($SaradcCheckindex + 1)]/GtmTriggerSelect') -> parts=['*[num:i($SaradcCheckindex + 1)]', 'GtmTriggerSelect']
[DEBUG] DEBUG_XPATH: Navigating segment '*' (axis=child) from 1 nodes
[DEBUG] DEBUG_XPATH:   Current context node: SaradcSent (type=container, path=/Mcu/GtmConfiguration/GtmConfiguration_0/GtmToPeripheral/GtmToPeripheral/SaradcSent, children=['ChannelId', 'GtmTriggerSelect'])
[DEBUG] DEBUG_XPATH: _parse_path('*[num:i($SaradcCheckindexIn + 1)]/ChannelId') -> parts=['*[num:i($SaradcCheckindexIn + 1)]', 'ChannelId']
[DEBUG] DEBUG_XPATH: Navigating segment '*' (axis=child) from 1 nodes
[DEBUG] DEBUG_XPATH:   Current context node: SaradcSent (type=container, path=/Mcu/GtmConfiguration/GtmConfiguration_0/GtmToPeripheral/GtmToPeripheral/SaradcSent, children=['ChannelId', 'GtmTriggerSelect'])
[DEBUG] DEBUG_XPATH: _parse_path('*[num:i($SaradcCheckindex + 1)]/ChannelId') -> parts=['*[num:i($SaradcCheckindex + 1)]', 'ChannelId']
[DEBUG] DEBUG_XPATH: Navigating segment '*' (axis=child) from 1 nodes
[DEBUG] DEBUG_XPATH:   Current context node: SaradcSent (type=container, path=/Mcu/GtmConfiguration/GtmConfiguration_0/GtmToPeripheral/GtmToPeripheral/SaradcSent, children=['ChannelId', 'GtmTriggerSelect'])
[DEBUG] DEBUG: Evaluating condition: $ChidIn = $ChidOut
[DEBUG] DEBUG: Comparison [$ChidIn = $ChidOut] => [None = None] Result: True
[DEBUG] DEBUG: Evaluating condition: $triggIn = $triggOut
[DEBUG] DEBUG: Comparison [$triggIn = $triggOut] => [both empty ''] Result: False
[DEBUG] DEBUG_XPATH: _parse_path('*[num:i($SaradcCheckindexIn + 1)]/GtmTriggerSelect') -> parts=['*[num:i($SaradcCheckindexIn + 1)]', 'GtmTriggerSelect']
[DEBUG] DEBUG_XPATH: Navigating segment '*' (axis=child) from 1 nodes
[DEBUG] DEBUG_XPATH:   Current context node: SaradcSent (type=container, path=/Mcu/GtmConfiguration/GtmConfiguration_0/GtmToPeripheral/GtmToPeripheral/SaradcSent, children=['ChannelId', 'GtmTriggerSelect'])
[DEBUG] DEBUG_XPATH: _parse_path('*[num:i($SaradcCheckindexIn + 1)]/GtmTriggerSelect') -> parts=['*[num:i($SaradcCheckindexIn + 1)]', 'GtmTriggerSelect']
[DEBUG] DEBUG_XPATH: Navigating segment '*' (axis=child) from 1 nodes
[DEBUG] DEBUG_XPATH:   Current context node: SaradcSent (type=container, path=/Mcu/GtmConfiguration/GtmConfiguration_0/GtmToPeripheral/GtmToPeripheral/SaradcSent, children=['ChannelId', 'GtmTriggerSelect'])
[DEBUG] DEBUG_XPATH: _parse_path('*[num:i($SaradcCheckindex + 1)]/GtmTriggerSelect') -> parts=['*[num:i($SaradcCheckindex + 1)]', 'GtmTriggerSelect']
[DEBUG] DEBUG_XPATH: Navigating segment '*' (axis=child) from 1 nodes
[DEBUG] DEBUG_XPATH:   Current context node: SaradcSent (type=container, path=/Mcu/GtmConfiguration/GtmConfiguration_0/GtmToPeripheral/GtmToPeripheral/SaradcSent, children=['ChannelId', 'GtmTriggerSelect'])
[DEBUG] DEBUG_XPATH: _parse_path('*[num:i($SaradcCheckindex + 1)]/GtmTriggerSelect') -> parts=['*[num:i($SaradcCheckindex + 1)]', 'GtmTriggerSelect']
[DEBUG] DEBUG_XPATH: Navigating segment '*' (axis=child) from 1 nodes
[DEBUG] DEBUG_XPATH:   Current context node: SaradcSent (type=container, path=/Mcu/GtmConfiguration/GtmConfiguration_0/GtmToPeripheral/GtmToPeripheral/SaradcSent, children=['ChannelId', 'GtmTriggerSelect'])
[DEBUG] DEBUG_XPATH: _parse_path('*[num:i($SaradcCheckindexIn + 1)]/ChannelId') -> parts=['*[num:i($SaradcCheckindexIn + 1)]', 'ChannelId']
[DEBUG] DEBUG_XPATH: Navigating segment '*' (axis=child) from 1 nodes
[DEBUG] DEBUG_XPATH:   Current context node: SaradcSent (type=container, path=/Mcu/GtmConfiguration/GtmConfiguration_0/GtmToPeripheral/GtmToPeripheral/SaradcSent, children=['ChannelId', 'GtmTriggerSelect'])
[DEBUG] DEBUG_XPATH: _parse_path('*[num:i($SaradcCheckindex + 1)]/ChannelId') -> parts=['*[num:i($SaradcCheckindex + 1)]', 'ChannelId']
[DEBUG] DEBUG_XPATH: Navigating segment '*' (axis=child) from 1 nodes
[DEBUG] DEBUG_XPATH:   Current context node: SaradcSent (type=container, path=/Mcu/GtmConfiguration/GtmConfiguration_0/GtmToPeripheral/GtmToPeripheral/SaradcSent, children=['ChannelId', 'GtmTriggerSelect'])
[DEBUG] DEBUG: Evaluating condition: $ChidIn = $ChidOut
[DEBUG] DEBUG: Comparison [$ChidIn = $ChidOut] => [None = None] Result: True
[DEBUG] DEBUG: Evaluating condition: $triggIn = $triggOut
[DEBUG] DEBUG: Comparison [$triggIn = $triggOut] => [both empty ''] Result: False
[DEBUG] DEBUG_XPATH: _parse_path('*[num:i($SaradcCheckindexIn + 1)]/GtmTriggerSelect') -> parts=['*[num:i($SaradcCheckindexIn + 1)]', 'GtmTriggerSelect']
[DEBUG] DEBUG_XPATH: Navigating segment '*' (axis=child) from 1 nodes
[DEBUG] DEBUG_XPATH:   Current context node: SaradcSent (type=container, path=/Mcu/GtmConfiguration/GtmConfiguration_0/GtmToPeripheral/GtmToPeripheral/SaradcSent, children=['ChannelId', 'GtmTriggerSelect'])
[DEBUG] DEBUG_XPATH: _parse_path('*[num:i($SaradcCheckindexIn + 1)]/GtmTriggerSelect') -> parts=['*[num:i($SaradcCheckindexIn + 1)]', 'GtmTriggerSelect']
[DEBUG] DEBUG_XPATH: Navigating segment '*' (axis=child) from 1 nodes
[DEBUG] DEBUG_XPATH:   Current context node: SaradcSent (type=container, path=/Mcu/GtmConfiguration/GtmConfiguration_0/GtmToPeripheral/GtmToPeripheral/SaradcSent, children=['ChannelId', 'GtmTriggerSelect'])
[DEBUG] DEBUG_XPATH: _parse_path('*[num:i($SaradcCheckindex + 1)]/GtmTriggerSelect') -> parts=['*[num:i($SaradcCheckindex + 1)]', 'GtmTriggerSelect']
[DEBUG] DEBUG_XPATH: Navigating segment '*' (axis=child) from 1 nodes
[DEBUG] DEBUG_XPATH:   Current context node: SaradcSent (type=container, path=/Mcu/GtmConfiguration/GtmConfiguration_0/GtmToPeripheral/GtmToPeripheral/SaradcSent, children=['ChannelId', 'GtmTriggerSelect'])
[DEBUG] DEBUG_XPATH: _parse_path('*[num:i($SaradcCheckindex + 1)]/GtmTriggerSelect') -> parts=['*[num:i($SaradcCheckindex + 1)]', 'GtmTriggerSelect']
[DEBUG] DEBUG_XPATH: Navigating segment '*' (axis=child) from 1 nodes
[DEBUG] DEBUG_XPATH:   Current context node: SaradcSent (type=container, path=/Mcu/GtmConfiguration/GtmConfiguration_0/GtmToPeripheral/GtmToPeripheral/SaradcSent, children=['ChannelId', 'GtmTriggerSelect'])
[DEBUG] DEBUG_XPATH: _parse_path('*[num:i($SaradcCheckindexIn + 1)]/ChannelId') -> parts=['*[num:i($SaradcCheckindexIn + 1)]', 'ChannelId']
[DEBUG] DEBUG_XPATH: Navigating segment '*' (axis=child) from 1 nodes
[DEBUG] DEBUG_XPATH:   Current context node: SaradcSent (type=container, path=/Mcu/GtmConfiguration/GtmConfiguration_0/GtmToPeripheral/GtmToPeripheral/SaradcSent, children=['ChannelId', 'GtmTriggerSelect'])
[DEBUG] DEBUG_XPATH: _parse_path('*[num:i($SaradcCheckindex + 1)]/ChannelId') -> parts=['*[num:i($SaradcCheckindex + 1)]', 'ChannelId']
[DEBUG] DEBUG_XPATH: Navigating segment '*' (axis=child) from 1 nodes
[DEBUG] DEBUG_XPATH:   Current context node: SaradcSent (type=container, path=/Mcu/GtmConfiguration/GtmConfiguration_0/GtmToPeripheral/GtmToPeripheral/SaradcSent, children=['ChannelId', 'GtmTriggerSelect'])
[DEBUG] DEBUG: Evaluating condition: $ChidIn = $ChidOut
[DEBUG] DEBUG: Comparison [$ChidIn = $ChidOut] => [None = None] Result: True
[DEBUG] DEBUG: Evaluating condition: $triggIn = $triggOut
[DEBUG] DEBUG: Comparison [$triggIn = $triggOut] => [both empty ''] Result: False
[DEBUG] DEBUG_XPATH: _parse_path('*[num:i($SaradcCheckindexIn + 1)]/GtmTriggerSelect') -> parts=['*[num:i($SaradcCheckindexIn + 1)]', 'GtmTriggerSelect']
[DEBUG] DEBUG_XPATH: Navigating segment '*' (axis=child) from 1 nodes
[DEBUG] DEBUG_XPATH:   Current context node: SaradcSent (type=container, path=/Mcu/GtmConfiguration/GtmConfiguration_0/GtmToPeripheral/GtmToPeripheral/SaradcSent, children=['ChannelId', 'GtmTriggerSelect'])
[DEBUG] DEBUG_XPATH: _parse_path('*[num:i($SaradcCheckindexIn + 1)]/GtmTriggerSelect') -> parts=['*[num:i($SaradcCheckindexIn + 1)]', 'GtmTriggerSelect']
[DEBUG] DEBUG_XPATH: Navigating segment '*' (axis=child) from 1 nodes
[DEBUG] DEBUG_XPATH:   Current context node: SaradcSent (type=container, path=/Mcu/GtmConfiguration/GtmConfiguration_0/GtmToPeripheral/GtmToPeripheral/SaradcSent, children=['ChannelId', 'GtmTriggerSelect'])
[DEBUG] DEBUG_XPATH: _parse_path('*[num:i($SaradcCheckindex + 1)]/GtmTriggerSelect') -> parts=['*[num:i($SaradcCheckindex + 1)]', 'GtmTriggerSelect']
[DEBUG] DEBUG_XPATH: Navigating segment '*' (axis=child) from 1 nodes
[DEBUG] DEBUG_XPATH:   Current context node: SaradcSent (type=container, path=/Mcu/GtmConfiguration/GtmConfiguration_0/GtmToPeripheral/GtmToPeripheral/SaradcSent, children=['ChannelId', 'GtmTriggerSelect'])
[DEBUG] DEBUG_XPATH: _parse_path('*[num:i($SaradcCheckindex + 1)]/GtmTriggerSelect') -> parts=['*[num:i($SaradcCheckindex + 1)]', 'GtmTriggerSelect']
[DEBUG] DEBUG_XPATH: Navigating segment '*' (axis=child) from 1 nodes
[DEBUG] DEBUG_XPATH:   Current context node: SaradcSent (type=container, path=/Mcu/GtmConfiguration/GtmConfiguration_0/GtmToPeripheral/GtmToPeripheral/SaradcSent, children=['ChannelId', 'GtmTriggerSelect'])
[DEBUG] DEBUG_XPATH: _parse_path('*[num:i($SaradcCheckindexIn + 1)]/ChannelId') -> parts=['*[num:i($SaradcCheckindexIn + 1)]', 'ChannelId']
[DEBUG] DEBUG_XPATH: Navigating segment '*' (axis=child) from 1 nodes
[DEBUG] DEBUG_XPATH:   Current context node: SaradcSent (type=container, path=/Mcu/GtmConfiguration/GtmConfiguration_0/GtmToPeripheral/GtmToPeripheral/SaradcSent, children=['ChannelId', 'GtmTriggerSelect'])
[DEBUG] DEBUG_XPATH: _parse_path('*[num:i($SaradcCheckindex + 1)]/ChannelId') -> parts=['*[num:i($SaradcCheckindex + 1)]', 'ChannelId']
[DEBUG] DEBUG_XPATH: Navigating segment '*' (axis=child) from 1 nodes
[DEBUG] DEBUG_XPATH:   Current context node: SaradcSent (type=container, path=/Mcu/GtmConfiguration/GtmConfiguration_0/GtmToPeripheral/GtmToPeripheral/SaradcSent, children=['ChannelId', 'GtmTriggerSelect'])
[DEBUG] DEBUG: Evaluating condition: $ChidIn = $ChidOut
[DEBUG] DEBUG: Comparison [$ChidIn = $ChidOut] => [None = None] Result: True
[DEBUG] DEBUG: Evaluating condition: $triggIn = $triggOut
[DEBUG] DEBUG: Comparison [$triggIn = $triggOut] => [both empty ''] Result: False
[DEBUG] DEBUG_XPATH: _parse_path('*[num:i($SaradcCheckindexIn + 1)]/GtmTriggerSelect') -> parts=['*[num:i($SaradcCheckindexIn + 1)]', 'GtmTriggerSelect']
[DEBUG] DEBUG_XPATH: Navigating segment '*' (axis=child) from 1 nodes
[DEBUG] DEBUG_XPATH:   Current context node: SaradcSent (type=container, path=/Mcu/GtmConfiguration/GtmConfiguration_0/GtmToPeripheral/GtmToPeripheral/SaradcSent, children=['ChannelId', 'GtmTriggerSelect'])
[DEBUG] DEBUG_XPATH: _parse_path('*[num:i($SaradcCheckindexIn + 1)]/GtmTriggerSelect') -> parts=['*[num:i($SaradcCheckindexIn + 1)]', 'GtmTriggerSelect']
[DEBUG] DEBUG_XPATH: Navigating segment '*' (axis=child) from 1 nodes
[DEBUG] DEBUG_XPATH:   Current context node: SaradcSent (type=container, path=/Mcu/GtmConfiguration/GtmConfiguration_0/GtmToPeripheral/GtmToPeripheral/SaradcSent, children=['ChannelId', 'GtmTriggerSelect'])
[DEBUG] DEBUG_XPATH: _parse_path('*[num:i($SaradcCheckindex + 1)]/GtmTriggerSelect') -> parts=['*[num:i($SaradcCheckindex + 1)]', 'GtmTriggerSelect']
[DEBUG] DEBUG_XPATH: Navigating segment '*' (axis=child) from 1 nodes
[DEBUG] DEBUG_XPATH:   Current context node: SaradcSent (type=container, path=/Mcu/GtmConfiguration/GtmConfiguration_0/GtmToPeripheral/GtmToPeripheral/SaradcSent, children=['ChannelId', 'GtmTriggerSelect'])
[DEBUG] DEBUG_XPATH: _parse_path('*[num:i($SaradcCheckindex + 1)]/GtmTriggerSelect') -> parts=['*[num:i($SaradcCheckindex + 1)]', 'GtmTriggerSelect']
[DEBUG] DEBUG_XPATH: Navigating segment '*' (axis=child) from 1 nodes
[DEBUG] DEBUG_XPATH:   Current context node: SaradcSent (type=container, path=/Mcu/GtmConfiguration/GtmConfiguration_0/GtmToPeripheral/GtmToPeripheral/SaradcSent, children=['ChannelId', 'GtmTriggerSelect'])
[DEBUG] DEBUG_XPATH: _parse_path('*[num:i($SaradcCheckindexIn + 1)]/ChannelId') -> parts=['*[num:i($SaradcCheckindexIn + 1)]', 'ChannelId']
[DEBUG] DEBUG_XPATH: Navigating segment '*' (axis=child) from 1 nodes
[DEBUG] DEBUG_XPATH:   Current context node: SaradcSent (type=container, path=/Mcu/GtmConfiguration/GtmConfiguration_0/GtmToPeripheral/GtmToPeripheral/SaradcSent, children=['ChannelId', 'GtmTriggerSelect'])
[DEBUG] DEBUG_XPATH: _parse_path('*[num:i($SaradcCheckindex + 1)]/ChannelId') -> parts=['*[num:i($SaradcCheckindex + 1)]', 'ChannelId']
[DEBUG] DEBUG_XPATH: Navigating segment '*' (axis=child) from 1 nodes
[DEBUG] DEBUG_XPATH:   Current context node: SaradcSent (type=container, path=/Mcu/GtmConfiguration/GtmConfiguration_0/GtmToPeripheral/GtmToPeripheral/SaradcSent, children=['ChannelId', 'GtmTriggerSelect'])
[DEBUG] DEBUG: Evaluating condition: $ChidIn = $ChidOut
[DEBUG] DEBUG: Comparison [$ChidIn = $ChidOut] => [None = None] Result: True
[DEBUG] DEBUG: Evaluating condition: $triggIn = $triggOut
[DEBUG] DEBUG: Comparison [$triggIn = $triggOut] => [both empty ''] Result: False
[DEBUG] DEBUG_XPATH: _parse_path('*[num:i($SaradcCheckindexIn + 1)]/GtmTriggerSelect') -> parts=['*[num:i($SaradcCheckindexIn + 1)]', 'GtmTriggerSelect']
[DEBUG] DEBUG_XPATH: Navigating segment '*' (axis=child) from 1 nodes
[DEBUG] DEBUG_XPATH:   Current context node: SaradcSent (type=container, path=/Mcu/GtmConfiguration/GtmConfiguration_0/GtmToPeripheral/GtmToPeripheral/SaradcSent, children=['ChannelId', 'GtmTriggerSelect'])
[DEBUG] DEBUG_XPATH: _parse_path('*[num:i($SaradcCheckindexIn + 1)]/GtmTriggerSelect') -> parts=['*[num:i($SaradcCheckindexIn + 1)]', 'GtmTriggerSelect']
[DEBUG] DEBUG_XPATH: Navigating segment '*' (axis=child) from 1 nodes
[DEBUG] DEBUG_XPATH:   Current context node: SaradcSent (type=container, path=/Mcu/GtmConfiguration/GtmConfiguration_0/GtmToPeripheral/GtmToPeripheral/SaradcSent, children=['ChannelId', 'GtmTriggerSelect'])
[DEBUG] DEBUG_XPATH: _parse_path('*[num:i($SaradcCheckindex + 1)]/GtmTriggerSelect') -> parts=['*[num:i($SaradcCheckindex + 1)]', 'GtmTriggerSelect']
[DEBUG] DEBUG_XPATH: Navigating segment '*' (axis=child) from 1 nodes
[DEBUG] DEBUG_XPATH:   Current context node: SaradcSent (type=container, path=/Mcu/GtmConfiguration/GtmConfiguration_0/GtmToPeripheral/GtmToPeripheral/SaradcSent, children=['ChannelId', 'GtmTriggerSelect'])
[DEBUG] DEBUG_XPATH: _parse_path('*[num:i($SaradcCheckindex + 1)]/GtmTriggerSelect') -> parts=['*[num:i($SaradcCheckindex + 1)]', 'GtmTriggerSelect']
[DEBUG] DEBUG_XPATH: Navigating segment '*' (axis=child) from 1 nodes
[DEBUG] DEBUG_XPATH:   Current context node: SaradcSent (type=container, path=/Mcu/GtmConfiguration/GtmConfiguration_0/GtmToPeripheral/GtmToPeripheral/SaradcSent, children=['ChannelId', 'GtmTriggerSelect'])
[DEBUG] DEBUG_XPATH: _parse_path('*[num:i($SaradcCheckindexIn + 1)]/ChannelId') -> parts=['*[num:i($SaradcCheckindexIn + 1)]', 'ChannelId']
[DEBUG] DEBUG_XPATH: Navigating segment '*' (axis=child) from 1 nodes
[DEBUG] DEBUG_XPATH:   Current context node: SaradcSent (type=container, path=/Mcu/GtmConfiguration/GtmConfiguration_0/GtmToPeripheral/GtmToPeripheral/SaradcSent, children=['ChannelId', 'GtmTriggerSelect'])
[DEBUG] DEBUG_XPATH: _parse_path('*[num:i($SaradcCheckindex + 1)]/ChannelId') -> parts=['*[num:i($SaradcCheckindex + 1)]', 'ChannelId']
[DEBUG] DEBUG_XPATH: Navigating segment '*' (axis=child) from 1 nodes
[DEBUG] DEBUG_XPATH:   Current context node: SaradcSent (type=container, path=/Mcu/GtmConfiguration/GtmConfiguration_0/GtmToPeripheral/GtmToPeripheral/SaradcSent, children=['ChannelId', 'GtmTriggerSelect'])
[DEBUG] DEBUG: Evaluating condition: $ChidIn = $ChidOut
[DEBUG] DEBUG: Comparison [$ChidIn = $ChidOut] => [None = None] Result: True
[DEBUG] DEBUG: Evaluating condition: $triggIn = $triggOut
[DEBUG] DEBUG: Comparison [$triggIn = $triggOut] => [both empty ''] Result: False
[DEBUG] DEBUG_XPATH: _parse_path('*[num:i($SaradcCheckindexIn + 1)]/GtmTriggerSelect') -> parts=['*[num:i($SaradcCheckindexIn + 1)]', 'GtmTriggerSelect']
[DEBUG] DEBUG_XPATH: Navigating segment '*' (axis=child) from 1 nodes
[DEBUG] DEBUG_XPATH:   Current context node: SaradcSent (type=container, path=/Mcu/GtmConfiguration/GtmConfiguration_0/GtmToPeripheral/GtmToPeripheral/SaradcSent, children=['ChannelId', 'GtmTriggerSelect'])
[DEBUG] DEBUG_XPATH: _parse_path('*[num:i($SaradcCheckindexIn + 1)]/GtmTriggerSelect') -> parts=['*[num:i($SaradcCheckindexIn + 1)]', 'GtmTriggerSelect']
[DEBUG] DEBUG_XPATH: Navigating segment '*' (axis=child) from 1 nodes
[DEBUG] DEBUG_XPATH:   Current context node: SaradcSent (type=container, path=/Mcu/GtmConfiguration/GtmConfiguration_0/GtmToPeripheral/GtmToPeripheral/SaradcSent, children=['ChannelId', 'GtmTriggerSelect'])
[DEBUG] DEBUG_XPATH: _parse_path('*[num:i($SaradcCheckindex + 1)]/GtmTriggerSelect') -> parts=['*[num:i($SaradcCheckindex + 1)]', 'GtmTriggerSelect']
[DEBUG] DEBUG_XPATH: Navigating segment '*' (axis=child) from 1 nodes
[DEBUG] DEBUG_XPATH:   Current context node: SaradcSent (type=container, path=/Mcu/GtmConfiguration/GtmConfiguration_0/GtmToPeripheral/GtmToPeripheral/SaradcSent, children=['ChannelId', 'GtmTriggerSelect'])
[DEBUG] DEBUG_XPATH: _parse_path('*[num:i($SaradcCheckindex + 1)]/GtmTriggerSelect') -> parts=['*[num:i($SaradcCheckindex + 1)]', 'GtmTriggerSelect']
[DEBUG] DEBUG_XPATH: Navigating segment '*' (axis=child) from 1 nodes
[DEBUG] DEBUG_XPATH:   Current context node: SaradcSent (type=container, path=/Mcu/GtmConfiguration/GtmConfiguration_0/GtmToPeripheral/GtmToPeripheral/SaradcSent, children=['ChannelId', 'GtmTriggerSelect'])
[DEBUG] DEBUG_XPATH: _parse_path('*[num:i($SaradcCheckindexIn + 1)]/ChannelId') -> parts=['*[num:i($SaradcCheckindexIn + 1)]', 'ChannelId']
[DEBUG] DEBUG_XPATH: Navigating segment '*' (axis=child) from 1 nodes
[DEBUG] DEBUG_XPATH:   Current context node: SaradcSent (type=container, path=/Mcu/GtmConfiguration/GtmConfiguration_0/GtmToPeripheral/GtmToPeripheral/SaradcSent, children=['ChannelId', 'GtmTriggerSelect'])
[DEBUG] DEBUG_XPATH: _parse_path('*[num:i($SaradcCheckindex + 1)]/ChannelId') -> parts=['*[num:i($SaradcCheckindex + 1)]', 'ChannelId']
[DEBUG] DEBUG_XPATH: Navigating segment '*' (axis=child) from 1 nodes
[DEBUG] DEBUG_XPATH:   Current context node: SaradcSent (type=container, path=/Mcu/GtmConfiguration/GtmConfiguration_0/GtmToPeripheral/GtmToPeripheral/SaradcSent, children=['ChannelId', 'GtmTriggerSelect'])
[DEBUG] DEBUG: Evaluating condition: $ChidIn = $ChidOut
[DEBUG] DEBUG: Comparison [$ChidIn = $ChidOut] => [None = None] Result: True
[DEBUG] DEBUG: Evaluating condition: $triggIn = $triggOut
[DEBUG] DEBUG: Comparison [$triggIn = $triggOut] => [both empty ''] Result: False
[DEBUG] DEBUG_XPATH: _parse_path('*[num:i($SaradcCheckindexIn + 1)]/GtmTriggerSelect') -> parts=['*[num:i($SaradcCheckindexIn + 1)]', 'GtmTriggerSelect']
[DEBUG] DEBUG_XPATH: Navigating segment '*' (axis=child) from 1 nodes
[DEBUG] DEBUG_XPATH:   Current context node: SaradcSent (type=container, path=/Mcu/GtmConfiguration/GtmConfiguration_0/GtmToPeripheral/GtmToPeripheral/SaradcSent, children=['ChannelId', 'GtmTriggerSelect'])
[DEBUG] DEBUG_XPATH: _parse_path('*[num:i($SaradcCheckindexIn + 1)]/GtmTriggerSelect') -> parts=['*[num:i($SaradcCheckindexIn + 1)]', 'GtmTriggerSelect']
[DEBUG] DEBUG_XPATH: Navigating segment '*' (axis=child) from 1 nodes
[DEBUG] DEBUG_XPATH:   Current context node: SaradcSent (type=container, path=/Mcu/GtmConfiguration/GtmConfiguration_0/GtmToPeripheral/GtmToPeripheral/SaradcSent, children=['ChannelId', 'GtmTriggerSelect'])
[DEBUG] DEBUG_XPATH: _parse_path('*[num:i($SaradcCheckindex + 1)]/GtmTriggerSelect') -> parts=['*[num:i($SaradcCheckindex + 1)]', 'GtmTriggerSelect']
[DEBUG] DEBUG_XPATH: Navigating segment '*' (axis=child) from 1 nodes
[DEBUG] DEBUG_XPATH:   Current context node: SaradcSent (type=container, path=/Mcu/GtmConfiguration/GtmConfiguration_0/GtmToPeripheral/GtmToPeripheral/SaradcSent, children=['ChannelId', 'GtmTriggerSelect'])
[DEBUG] DEBUG_XPATH: _parse_path('*[num:i($SaradcCheckindex + 1)]/GtmTriggerSelect') -> parts=['*[num:i($SaradcCheckindex + 1)]', 'GtmTriggerSelect']
[DEBUG] DEBUG_XPATH: Navigating segment '*' (axis=child) from 1 nodes
[DEBUG] DEBUG_XPATH:   Current context node: SaradcSent (type=container, path=/Mcu/GtmConfiguration/GtmConfiguration_0/GtmToPeripheral/GtmToPeripheral/SaradcSent, children=['ChannelId', 'GtmTriggerSelect'])
[DEBUG] DEBUG_XPATH: _parse_path('*[num:i($SaradcCheckindexIn + 1)]/ChannelId') -> parts=['*[num:i($SaradcCheckindexIn + 1)]', 'ChannelId']
[DEBUG] DEBUG_XPATH: Navigating segment '*' (axis=child) from 1 nodes
[DEBUG] DEBUG_XPATH:   Current context node: SaradcSent (type=container, path=/Mcu/GtmConfiguration/GtmConfiguration_0/GtmToPeripheral/GtmToPeripheral/SaradcSent, children=['ChannelId', 'GtmTriggerSelect'])
[DEBUG] DEBUG_XPATH: _parse_path('*[num:i($SaradcCheckindex + 1)]/ChannelId') -> parts=['*[num:i($SaradcCheckindex + 1)]', 'ChannelId']
[DEBUG] DEBUG_XPATH: Navigating segment '*' (axis=child) from 1 nodes
[DEBUG] DEBUG_XPATH:   Current context node: SaradcSent (type=container, path=/Mcu/GtmConfiguration/GtmConfiguration_0/GtmToPeripheral/GtmToPeripheral/SaradcSent, children=['ChannelId', 'GtmTriggerSelect'])
[DEBUG] DEBUG: Evaluating condition: $ChidIn = $ChidOut
[DEBUG] DEBUG: Comparison [$ChidIn = $ChidOut] => [None = None] Result: True
[DEBUG] DEBUG: Evaluating condition: $triggIn = $triggOut
[DEBUG] DEBUG: Comparison [$triggIn = $triggOut] => [both empty ''] Result: False
[DEBUG] DEBUG_XPATH: _parse_path('*[num:i($SaradcCheckindexIn + 1)]/GtmTriggerSelect') -> parts=['*[num:i($SaradcCheckindexIn + 1)]', 'GtmTriggerSelect']
[DEBUG] DEBUG_XPATH: Navigating segment '*' (axis=child) from 1 nodes
[DEBUG] DEBUG_XPATH:   Current context node: SaradcSent (type=container, path=/Mcu/GtmConfiguration/GtmConfiguration_0/GtmToPeripheral/GtmToPeripheral/SaradcSent, children=['ChannelId', 'GtmTriggerSelect'])
[DEBUG] DEBUG_XPATH: _parse_path('*[num:i($SaradcCheckindexIn + 1)]/GtmTriggerSelect') -> parts=['*[num:i($SaradcCheckindexIn + 1)]', 'GtmTriggerSelect']
[DEBUG] DEBUG_XPATH: Navigating segment '*' (axis=child) from 1 nodes
[DEBUG] DEBUG_XPATH:   Current context node: SaradcSent (type=container, path=/Mcu/GtmConfiguration/GtmConfiguration_0/GtmToPeripheral/GtmToPeripheral/SaradcSent, children=['ChannelId', 'GtmTriggerSelect'])
[DEBUG] DEBUG_XPATH: _parse_path('*[num:i($SaradcCheckindex + 1)]/GtmTriggerSelect') -> parts=['*[num:i($SaradcCheckindex + 1)]', 'GtmTriggerSelect']
[DEBUG] DEBUG_XPATH: Navigating segment '*' (axis=child) from 1 nodes
[DEBUG] DEBUG_XPATH:   Current context node: SaradcSent (type=container, path=/Mcu/GtmConfiguration/GtmConfiguration_0/GtmToPeripheral/GtmToPeripheral/SaradcSent, children=['ChannelId', 'GtmTriggerSelect'])
[DEBUG] DEBUG_XPATH: _parse_path('*[num:i($SaradcCheckindex + 1)]/GtmTriggerSelect') -> parts=['*[num:i($SaradcCheckindex + 1)]', 'GtmTriggerSelect']
[DEBUG] DEBUG_XPATH: Navigating segment '*' (axis=child) from 1 nodes
[DEBUG] DEBUG_XPATH:   Current context node: SaradcSent (type=container, path=/Mcu/GtmConfiguration/GtmConfiguration_0/GtmToPeripheral/GtmToPeripheral/SaradcSent, children=['ChannelId', 'GtmTriggerSelect'])
[DEBUG] DEBUG_XPATH: _parse_path('*[num:i($SaradcCheckindexIn + 1)]/ChannelId') -> parts=['*[num:i($SaradcCheckindexIn + 1)]', 'ChannelId']
[DEBUG] DEBUG_XPATH: Navigating segment '*' (axis=child) from 1 nodes
[DEBUG] DEBUG_XPATH:   Current context node: SaradcSent (type=container, path=/Mcu/GtmConfiguration/GtmConfiguration_0/GtmToPeripheral/GtmToPeripheral/SaradcSent, children=['ChannelId', 'GtmTriggerSelect'])
[DEBUG] DEBUG_XPATH: _parse_path('*[num:i($SaradcCheckindex + 1)]/ChannelId') -> parts=['*[num:i($SaradcCheckindex + 1)]', 'ChannelId']
[DEBUG] DEBUG_XPATH: Navigating segment '*' (axis=child) from 1 nodes
[DEBUG] DEBUG_XPATH:   Current context node: SaradcSent (type=container, path=/Mcu/GtmConfiguration/GtmConfiguration_0/GtmToPeripheral/GtmToPeripheral/SaradcSent, children=['ChannelId', 'GtmTriggerSelect'])
[DEBUG] DEBUG: Evaluating condition: $ChidIn = $ChidOut
[DEBUG] DEBUG: Comparison [$ChidIn = $ChidOut] => [None = None] Result: True
[DEBUG] DEBUG: Evaluating condition: $triggIn = $triggOut
[DEBUG] DEBUG: Comparison [$triggIn = $triggOut] => [both empty ''] Result: False
[DEBUG] DEBUG_XPATH: _parse_path('*[num:i($SaradcCheckindexIn + 1)]/GtmTriggerSelect') -> parts=['*[num:i($SaradcCheckindexIn + 1)]', 'GtmTriggerSelect']
[DEBUG] DEBUG_XPATH: Navigating segment '*' (axis=child) from 1 nodes
[DEBUG] DEBUG_XPATH:   Current context node: SaradcSent (type=container, path=/Mcu/GtmConfiguration/GtmConfiguration_0/GtmToPeripheral/GtmToPeripheral/SaradcSent, children=['ChannelId', 'GtmTriggerSelect'])
[DEBUG] DEBUG_XPATH: _parse_path('*[num:i($SaradcCheckindexIn + 1)]/GtmTriggerSelect') -> parts=['*[num:i($SaradcCheckindexIn + 1)]', 'GtmTriggerSelect']
[DEBUG] DEBUG_XPATH: Navigating segment '*' (axis=child) from 1 nodes
[DEBUG] DEBUG_XPATH:   Current context node: SaradcSent (type=container, path=/Mcu/GtmConfiguration/GtmConfiguration_0/GtmToPeripheral/GtmToPeripheral/SaradcSent, children=['ChannelId', 'GtmTriggerSelect'])
[DEBUG] DEBUG_XPATH: _parse_path('*[num:i($SaradcCheckindex + 1)]/GtmTriggerSelect') -> parts=['*[num:i($SaradcCheckindex + 1)]', 'GtmTriggerSelect']
[DEBUG] DEBUG_XPATH: Navigating segment '*' (axis=child) from 1 nodes
[DEBUG] DEBUG_XPATH:   Current context node: SaradcSent (type=container, path=/Mcu/GtmConfiguration/GtmConfiguration_0/GtmToPeripheral/GtmToPeripheral/SaradcSent, children=['ChannelId', 'GtmTriggerSelect'])
[DEBUG] DEBUG_XPATH: _parse_path('*[num:i($SaradcCheckindex + 1)]/GtmTriggerSelect') -> parts=['*[num:i($SaradcCheckindex + 1)]', 'GtmTriggerSelect']
[DEBUG] DEBUG_XPATH: Navigating segment '*' (axis=child) from 1 nodes
[DEBUG] DEBUG_XPATH:   Current context node: SaradcSent (type=container, path=/Mcu/GtmConfiguration/GtmConfiguration_0/GtmToPeripheral/GtmToPeripheral/SaradcSent, children=['ChannelId', 'GtmTriggerSelect'])
[DEBUG] DEBUG_XPATH: _parse_path('*[num:i($SaradcCheckindexIn + 1)]/ChannelId') -> parts=['*[num:i($SaradcCheckindexIn + 1)]', 'ChannelId']
[DEBUG] DEBUG_XPATH: Navigating segment '*' (axis=child) from 1 nodes
[DEBUG] DEBUG_XPATH:   Current context node: SaradcSent (type=container, path=/Mcu/GtmConfiguration/GtmConfiguration_0/GtmToPeripheral/GtmToPeripheral/SaradcSent, children=['ChannelId', 'GtmTriggerSelect'])
[DEBUG] DEBUG_XPATH: _parse_path('*[num:i($SaradcCheckindex + 1)]/ChannelId') -> parts=['*[num:i($SaradcCheckindex + 1)]', 'ChannelId']
[DEBUG] DEBUG_XPATH: Navigating segment '*' (axis=child) from 1 nodes
[DEBUG] DEBUG_XPATH:   Current context node: SaradcSent (type=container, path=/Mcu/GtmConfiguration/GtmConfiguration_0/GtmToPeripheral/GtmToPeripheral/SaradcSent, children=['ChannelId', 'GtmTriggerSelect'])
[DEBUG] DEBUG: Evaluating condition: $ChidIn = $ChidOut
[DEBUG] DEBUG: Comparison [$ChidIn = $ChidOut] => [None = None] Result: True
[DEBUG] DEBUG: Evaluating condition: $triggIn = $triggOut
[DEBUG] DEBUG: Comparison [$triggIn = $triggOut] => [both empty ''] Result: False
[DEBUG] DEBUG_XPATH: _parse_path('*[num:i($SaradcCheckindexIn + 1)]/GtmTriggerSelect') -> parts=['*[num:i($SaradcCheckindexIn + 1)]', 'GtmTriggerSelect']
[DEBUG] DEBUG_XPATH: Navigating segment '*' (axis=child) from 1 nodes
[DEBUG] DEBUG_XPATH:   Current context node: SaradcSent (type=container, path=/Mcu/GtmConfiguration/GtmConfiguration_0/GtmToPeripheral/GtmToPeripheral/SaradcSent, children=['ChannelId', 'GtmTriggerSelect'])
[DEBUG] DEBUG_XPATH: _parse_path('*[num:i($SaradcCheckindexIn + 1)]/GtmTriggerSelect') -> parts=['*[num:i($SaradcCheckindexIn + 1)]', 'GtmTriggerSelect']
[DEBUG] DEBUG_XPATH: Navigating segment '*' (axis=child) from 1 nodes
[DEBUG] DEBUG_XPATH:   Current context node: SaradcSent (type=container, path=/Mcu/GtmConfiguration/GtmConfiguration_0/GtmToPeripheral/GtmToPeripheral/SaradcSent, children=['ChannelId', 'GtmTriggerSelect'])
[DEBUG] DEBUG_XPATH: _parse_path('*[num:i($SaradcCheckindex + 1)]/GtmTriggerSelect') -> parts=['*[num:i($SaradcCheckindex + 1)]', 'GtmTriggerSelect']
[DEBUG] DEBUG_XPATH: Navigating segment '*' (axis=child) from 1 nodes
[DEBUG] DEBUG_XPATH:   Current context node: SaradcSent (type=container, path=/Mcu/GtmConfiguration/GtmConfiguration_0/GtmToPeripheral/GtmToPeripheral/SaradcSent, children=['ChannelId', 'GtmTriggerSelect'])
[DEBUG] DEBUG_XPATH: _parse_path('*[num:i($SaradcCheckindex + 1)]/GtmTriggerSelect') -> parts=['*[num:i($SaradcCheckindex + 1)]', 'GtmTriggerSelect']
[DEBUG] DEBUG_XPATH: Navigating segment '*' (axis=child) from 1 nodes
[DEBUG] DEBUG_XPATH:   Current context node: SaradcSent (type=container, path=/Mcu/GtmConfiguration/GtmConfiguration_0/GtmToPeripheral/GtmToPeripheral/SaradcSent, children=['ChannelId', 'GtmTriggerSelect'])
[DEBUG] DEBUG_XPATH: _parse_path('*[num:i($SaradcCheckindexIn + 1)]/ChannelId') -> parts=['*[num:i($SaradcCheckindexIn + 1)]', 'ChannelId']
[DEBUG] DEBUG_XPATH: Navigating segment '*' (axis=child) from 1 nodes
[DEBUG] DEBUG_XPATH:   Current context node: SaradcSent (type=container, path=/Mcu/GtmConfiguration/GtmConfiguration_0/GtmToPeripheral/GtmToPeripheral/SaradcSent, children=['ChannelId', 'GtmTriggerSelect'])
[DEBUG] DEBUG_XPATH: _parse_path('*[num:i($SaradcCheckindex + 1)]/ChannelId') -> parts=['*[num:i($SaradcCheckindex + 1)]', 'ChannelId']
[DEBUG] DEBUG_XPATH: Navigating segment '*' (axis=child) from 1 nodes
[DEBUG] DEBUG_XPATH:   Current context node: SaradcSent (type=container, path=/Mcu/GtmConfiguration/GtmConfiguration_0/GtmToPeripheral/GtmToPeripheral/SaradcSent, children=['ChannelId', 'GtmTriggerSelect'])
[DEBUG] DEBUG: Evaluating condition: $ChidIn = $ChidOut
[DEBUG] DEBUG: Comparison [$ChidIn = $ChidOut] => [None = None] Result: True
[DEBUG] DEBUG: Evaluating condition: $triggIn = $triggOut
[DEBUG] DEBUG: Comparison [$triggIn = $triggOut] => [both empty ''] Result: False
[DEBUG] DEBUG_XPATH: _parse_path('*[num:i($SaradcCheckindexIn + 1)]/GtmTriggerSelect') -> parts=['*[num:i($SaradcCheckindexIn + 1)]', 'GtmTriggerSelect']
[DEBUG] DEBUG_XPATH: Navigating segment '*' (axis=child) from 1 nodes
[DEBUG] DEBUG_XPATH:   Current context node: SaradcSent (type=container, path=/Mcu/GtmConfiguration/GtmConfiguration_0/GtmToPeripheral/GtmToPeripheral/SaradcSent, children=['ChannelId', 'GtmTriggerSelect'])
[DEBUG] DEBUG_XPATH: _parse_path('*[num:i($SaradcCheckindexIn + 1)]/GtmTriggerSelect') -> parts=['*[num:i($SaradcCheckindexIn + 1)]', 'GtmTriggerSelect']
[DEBUG] DEBUG_XPATH: Navigating segment '*' (axis=child) from 1 nodes
[DEBUG] DEBUG_XPATH:   Current context node: SaradcSent (type=container, path=/Mcu/GtmConfiguration/GtmConfiguration_0/GtmToPeripheral/GtmToPeripheral/SaradcSent, children=['ChannelId', 'GtmTriggerSelect'])
[DEBUG] DEBUG_XPATH: _parse_path('*[num:i($SaradcCheckindex + 1)]/GtmTriggerSelect') -> parts=['*[num:i($SaradcCheckindex + 1)]', 'GtmTriggerSelect']
[DEBUG] DEBUG_XPATH: Navigating segment '*' (axis=child) from 1 nodes
[DEBUG] DEBUG_XPATH:   Current context node: SaradcSent (type=container, path=/Mcu/GtmConfiguration/GtmConfiguration_0/GtmToPeripheral/GtmToPeripheral/SaradcSent, children=['ChannelId', 'GtmTriggerSelect'])
[DEBUG] DEBUG_XPATH: _parse_path('*[num:i($SaradcCheckindex + 1)]/GtmTriggerSelect') -> parts=['*[num:i($SaradcCheckindex + 1)]', 'GtmTriggerSelect']
[DEBUG] DEBUG_XPATH: Navigating segment '*' (axis=child) from 1 nodes
[DEBUG] DEBUG_XPATH:   Current context node: SaradcSent (type=container, path=/Mcu/GtmConfiguration/GtmConfiguration_0/GtmToPeripheral/GtmToPeripheral/SaradcSent, children=['ChannelId', 'GtmTriggerSelect'])
[DEBUG] DEBUG_XPATH: _parse_path('*[num:i($SaradcCheckindexIn + 1)]/ChannelId') -> parts=['*[num:i($SaradcCheckindexIn + 1)]', 'ChannelId']
[DEBUG] DEBUG_XPATH: Navigating segment '*' (axis=child) from 1 nodes
[DEBUG] DEBUG_XPATH:   Current context node: SaradcSent (type=container, path=/Mcu/GtmConfiguration/GtmConfiguration_0/GtmToPeripheral/GtmToPeripheral/SaradcSent, children=['ChannelId', 'GtmTriggerSelect'])
[DEBUG] DEBUG_XPATH: _parse_path('*[num:i($SaradcCheckindex + 1)]/ChannelId') -> parts=['*[num:i($SaradcCheckindex + 1)]', 'ChannelId']
[DEBUG] DEBUG_XPATH: Navigating segment '*' (axis=child) from 1 nodes
[DEBUG] DEBUG_XPATH:   Current context node: SaradcSent (type=container, path=/Mcu/GtmConfiguration/GtmConfiguration_0/GtmToPeripheral/GtmToPeripheral/SaradcSent, children=['ChannelId', 'GtmTriggerSelect'])
[DEBUG] DEBUG: Evaluating condition: $ChidIn = $ChidOut
[DEBUG] DEBUG: Comparison [$ChidIn = $ChidOut] => [None = None] Result: True
[DEBUG] DEBUG: Evaluating condition: $triggIn = $triggOut
[DEBUG] DEBUG: Comparison [$triggIn = $triggOut] => [both empty ''] Result: False
[DEBUG] DEBUG_XPATH: _parse_path('*[num:i($SaradcCheckindexIn + 1)]/GtmTriggerSelect') -> parts=['*[num:i($SaradcCheckindexIn + 1)]', 'GtmTriggerSelect']
[DEBUG] DEBUG_XPATH: Navigating segment '*' (axis=child) from 1 nodes
[DEBUG] DEBUG_XPATH:   Current context node: SaradcSent (type=container, path=/Mcu/GtmConfiguration/GtmConfiguration_0/GtmToPeripheral/GtmToPeripheral/SaradcSent, children=['ChannelId', 'GtmTriggerSelect'])
[DEBUG] DEBUG_XPATH: _parse_path('*[num:i($SaradcCheckindexIn + 1)]/GtmTriggerSelect') -> parts=['*[num:i($SaradcCheckindexIn + 1)]', 'GtmTriggerSelect']
[DEBUG] DEBUG_XPATH: Navigating segment '*' (axis=child) from 1 nodes
[DEBUG] DEBUG_XPATH:   Current context node: SaradcSent (type=container, path=/Mcu/GtmConfiguration/GtmConfiguration_0/GtmToPeripheral/GtmToPeripheral/SaradcSent, children=['ChannelId', 'GtmTriggerSelect'])
[DEBUG] DEBUG_XPATH: _parse_path('*[num:i($SaradcCheckindex + 1)]/GtmTriggerSelect') -> parts=['*[num:i($SaradcCheckindex + 1)]', 'GtmTriggerSelect']
[DEBUG] DEBUG_XPATH: Navigating segment '*' (axis=child) from 1 nodes
[DEBUG] DEBUG_XPATH:   Current context node: SaradcSent (type=container, path=/Mcu/GtmConfiguration/GtmConfiguration_0/GtmToPeripheral/GtmToPeripheral/SaradcSent, children=['ChannelId', 'GtmTriggerSelect'])
[DEBUG] DEBUG_XPATH: _parse_path('*[num:i($SaradcCheckindex + 1)]/GtmTriggerSelect') -> parts=['*[num:i($SaradcCheckindex + 1)]', 'GtmTriggerSelect']
[DEBUG] DEBUG_XPATH: Navigating segment '*' (axis=child) from 1 nodes
[DEBUG] DEBUG_XPATH:   Current context node: SaradcSent (type=container, path=/Mcu/GtmConfiguration/GtmConfiguration_0/GtmToPeripheral/GtmToPeripheral/SaradcSent, children=['ChannelId', 'GtmTriggerSelect'])
[DEBUG] DEBUG_XPATH: _parse_path('*[num:i($SaradcCheckindexIn + 1)]/ChannelId') -> parts=['*[num:i($SaradcCheckindexIn + 1)]', 'ChannelId']
[DEBUG] DEBUG_XPATH: Navigating segment '*' (axis=child) from 1 nodes
[DEBUG] DEBUG_XPATH:   Current context node: SaradcSent (type=container, path=/Mcu/GtmConfiguration/GtmConfiguration_0/GtmToPeripheral/GtmToPeripheral/SaradcSent, children=['ChannelId', 'GtmTriggerSelect'])
[DEBUG] DEBUG_XPATH: _parse_path('*[num:i($SaradcCheckindex + 1)]/ChannelId') -> parts=['*[num:i($SaradcCheckindex + 1)]', 'ChannelId']
[DEBUG] DEBUG_XPATH: Navigating segment '*' (axis=child) from 1 nodes
[DEBUG] DEBUG_XPATH:   Current context node: SaradcSent (type=container, path=/Mcu/GtmConfiguration/GtmConfiguration_0/GtmToPeripheral/GtmToPeripheral/SaradcSent, children=['ChannelId', 'GtmTriggerSelect'])
[DEBUG] DEBUG: Evaluating condition: $ChidIn = $ChidOut
[DEBUG] DEBUG: Comparison [$ChidIn = $ChidOut] => [None = None] Result: True
[DEBUG] DEBUG: Evaluating condition: $triggIn = $triggOut
[DEBUG] DEBUG: Comparison [$triggIn = $triggOut] => [both empty ''] Result: False
[DEBUG] DEBUG_XPATH: _parse_path('*[num:i($SaradcCheckindexIn + 1)]/GtmTriggerSelect') -> parts=['*[num:i($SaradcCheckindexIn + 1)]', 'GtmTriggerSelect']
[DEBUG] DEBUG_XPATH: Navigating segment '*' (axis=child) from 1 nodes
[DEBUG] DEBUG_XPATH:   Current context node: SaradcSent (type=container, path=/Mcu/GtmConfiguration/GtmConfiguration_0/GtmToPeripheral/GtmToPeripheral/SaradcSent, children=['ChannelId', 'GtmTriggerSelect'])
[DEBUG] DEBUG_XPATH: _parse_path('*[num:i($SaradcCheckindexIn + 1)]/GtmTriggerSelect') -> parts=['*[num:i($SaradcCheckindexIn + 1)]', 'GtmTriggerSelect']
[DEBUG] DEBUG_XPATH: Navigating segment '*' (axis=child) from 1 nodes
[DEBUG] DEBUG_XPATH:   Current context node: SaradcSent (type=container, path=/Mcu/GtmConfiguration/GtmConfiguration_0/GtmToPeripheral/GtmToPeripheral/SaradcSent, children=['ChannelId', 'GtmTriggerSelect'])
[DEBUG] DEBUG_XPATH: _parse_path('*[num:i($SaradcCheckindex + 1)]/GtmTriggerSelect') -> parts=['*[num:i($SaradcCheckindex + 1)]', 'GtmTriggerSelect']
[DEBUG] DEBUG_XPATH: Navigating segment '*' (axis=child) from 1 nodes
[DEBUG] DEBUG_XPATH:   Current context node: SaradcSent (type=container, path=/Mcu/GtmConfiguration/GtmConfiguration_0/GtmToPeripheral/GtmToPeripheral/SaradcSent, children=['ChannelId', 'GtmTriggerSelect'])
[DEBUG] DEBUG_XPATH: _parse_path('*[num:i($SaradcCheckindex + 1)]/GtmTriggerSelect') -> parts=['*[num:i($SaradcCheckindex + 1)]', 'GtmTriggerSelect']
[DEBUG] DEBUG_XPATH: Navigating segment '*' (axis=child) from 1 nodes
[DEBUG] DEBUG_XPATH:   Current context node: SaradcSent (type=container, path=/Mcu/GtmConfiguration/GtmConfiguration_0/GtmToPeripheral/GtmToPeripheral/SaradcSent, children=['ChannelId', 'GtmTriggerSelect'])
[DEBUG] DEBUG_XPATH: _parse_path('*[num:i($SaradcCheckindexIn + 1)]/ChannelId') -> parts=['*[num:i($SaradcCheckindexIn + 1)]', 'ChannelId']
[DEBUG] DEBUG_XPATH: Navigating segment '*' (axis=child) from 1 nodes
[DEBUG] DEBUG_XPATH:   Current context node: SaradcSent (type=container, path=/Mcu/GtmConfiguration/GtmConfiguration_0/GtmToPeripheral/GtmToPeripheral/SaradcSent, children=['ChannelId', 'GtmTriggerSelect'])
[DEBUG] DEBUG_XPATH: _parse_path('*[num:i($SaradcCheckindex + 1)]/ChannelId') -> parts=['*[num:i($SaradcCheckindex + 1)]', 'ChannelId']
[DEBUG] DEBUG_XPATH: Navigating segment '*' (axis=child) from 1 nodes
[DEBUG] DEBUG_XPATH:   Current context node: SaradcSent (type=container, path=/Mcu/GtmConfiguration/GtmConfiguration_0/GtmToPeripheral/GtmToPeripheral/SaradcSent, children=['ChannelId', 'GtmTriggerSelect'])
[DEBUG] DEBUG: Evaluating condition: $ChidIn = $ChidOut
[DEBUG] DEBUG: Comparison [$ChidIn = $ChidOut] => [None = None] Result: True
[DEBUG] DEBUG: Evaluating condition: $triggIn = $triggOut
[DEBUG] DEBUG: Comparison [$triggIn = $triggOut] => [both empty ''] Result: False
[DEBUG] DEBUG_XPATH: _parse_path('*[num:i($SaradcCheckindexIn + 1)]/GtmTriggerSelect') -> parts=['*[num:i($SaradcCheckindexIn + 1)]', 'GtmTriggerSelect']
[DEBUG] DEBUG_XPATH: Navigating segment '*' (axis=child) from 1 nodes
[DEBUG] DEBUG_XPATH:   Current context node: SaradcSent (type=container, path=/Mcu/GtmConfiguration/GtmConfiguration_0/GtmToPeripheral/GtmToPeripheral/SaradcSent, children=['ChannelId', 'GtmTriggerSelect'])
[DEBUG] DEBUG_XPATH: _parse_path('*[num:i($SaradcCheckindexIn + 1)]/GtmTriggerSelect') -> parts=['*[num:i($SaradcCheckindexIn + 1)]', 'GtmTriggerSelect']
[DEBUG] DEBUG_XPATH: Navigating segment '*' (axis=child) from 1 nodes
[DEBUG] DEBUG_XPATH:   Current context node: SaradcSent (type=container, path=/Mcu/GtmConfiguration/GtmConfiguration_0/GtmToPeripheral/GtmToPeripheral/SaradcSent, children=['ChannelId', 'GtmTriggerSelect'])
[DEBUG] DEBUG_XPATH: _parse_path('*[num:i($SaradcCheckindex + 1)]/GtmTriggerSelect') -> parts=['*[num:i($SaradcCheckindex + 1)]', 'GtmTriggerSelect']
[DEBUG] DEBUG_XPATH: Navigating segment '*' (axis=child) from 1 nodes
[DEBUG] DEBUG_XPATH:   Current context node: SaradcSent (type=container, path=/Mcu/GtmConfiguration/GtmConfiguration_0/GtmToPeripheral/GtmToPeripheral/SaradcSent, children=['ChannelId', 'GtmTriggerSelect'])
[DEBUG] DEBUG_XPATH: _parse_path('*[num:i($SaradcCheckindex + 1)]/GtmTriggerSelect') -> parts=['*[num:i($SaradcCheckindex + 1)]', 'GtmTriggerSelect']
[DEBUG] DEBUG_XPATH: Navigating segment '*' (axis=child) from 1 nodes
[DEBUG] DEBUG_XPATH:   Current context node: SaradcSent (type=container, path=/Mcu/GtmConfiguration/GtmConfiguration_0/GtmToPeripheral/GtmToPeripheral/SaradcSent, children=['ChannelId', 'GtmTriggerSelect'])
[DEBUG] DEBUG_XPATH: _parse_path('*[num:i($SaradcCheckindexIn + 1)]/ChannelId') -> parts=['*[num:i($SaradcCheckindexIn + 1)]', 'ChannelId']
[DEBUG] DEBUG_XPATH: Navigating segment '*' (axis=child) from 1 nodes
[DEBUG] DEBUG_XPATH:   Current context node: SaradcSent (type=container, path=/Mcu/GtmConfiguration/GtmConfiguration_0/GtmToPeripheral/GtmToPeripheral/SaradcSent, children=['ChannelId', 'GtmTriggerSelect'])
[DEBUG] DEBUG_XPATH: _parse_path('*[num:i($SaradcCheckindex + 1)]/ChannelId') -> parts=['*[num:i($SaradcCheckindex + 1)]', 'ChannelId']
[DEBUG] DEBUG_XPATH: Navigating segment '*' (axis=child) from 1 nodes
[DEBUG] DEBUG_XPATH:   Current context node: SaradcSent (type=container, path=/Mcu/GtmConfiguration/GtmConfiguration_0/GtmToPeripheral/GtmToPeripheral/SaradcSent, children=['ChannelId', 'GtmTriggerSelect'])
[DEBUG] DEBUG: Evaluating condition: $ChidIn = $ChidOut
[DEBUG] DEBUG: Comparison [$ChidIn = $ChidOut] => [None = None] Result: True
[DEBUG] DEBUG: Evaluating condition: $triggIn = $triggOut
[DEBUG] DEBUG: Comparison [$triggIn = $triggOut] => [both empty ''] Result: False
[DEBUG] DEBUG_XPATH: _parse_path('*[num:i($SaradcCheckindexIn + 1)]/GtmTriggerSelect') -> parts=['*[num:i($SaradcCheckindexIn + 1)]', 'GtmTriggerSelect']
[DEBUG] DEBUG_XPATH: Navigating segment '*' (axis=child) from 1 nodes
[DEBUG] DEBUG_XPATH:   Current context node: SaradcSent (type=container, path=/Mcu/GtmConfiguration/GtmConfiguration_0/GtmToPeripheral/GtmToPeripheral/SaradcSent, children=['ChannelId', 'GtmTriggerSelect'])
[DEBUG] DEBUG_XPATH: _parse_path('*[num:i($SaradcCheckindexIn + 1)]/GtmTriggerSelect') -> parts=['*[num:i($SaradcCheckindexIn + 1)]', 'GtmTriggerSelect']
[DEBUG] DEBUG_XPATH: Navigating segment '*' (axis=child) from 1 nodes
[DEBUG] DEBUG_XPATH:   Current context node: SaradcSent (type=container, path=/Mcu/GtmConfiguration/GtmConfiguration_0/GtmToPeripheral/GtmToPeripheral/SaradcSent, children=['ChannelId', 'GtmTriggerSelect'])
[DEBUG] DEBUG_XPATH: _parse_path('*[num:i($SaradcCheckindex + 1)]/GtmTriggerSelect') -> parts=['*[num:i($SaradcCheckindex + 1)]', 'GtmTriggerSelect']
[DEBUG] DEBUG_XPATH: Navigating segment '*' (axis=child) from 1 nodes
[DEBUG] DEBUG_XPATH:   Current context node: SaradcSent (type=container, path=/Mcu/GtmConfiguration/GtmConfiguration_0/GtmToPeripheral/GtmToPeripheral/SaradcSent, children=['ChannelId', 'GtmTriggerSelect'])
[DEBUG] DEBUG_XPATH: _parse_path('*[num:i($SaradcCheckindex + 1)]/GtmTriggerSelect') -> parts=['*[num:i($SaradcCheckindex + 1)]', 'GtmTriggerSelect']
[DEBUG] DEBUG_XPATH: Navigating segment '*' (axis=child) from 1 nodes
[DEBUG] DEBUG_XPATH:   Current context node: SaradcSent (type=container, path=/Mcu/GtmConfiguration/GtmConfiguration_0/GtmToPeripheral/GtmToPeripheral/SaradcSent, children=['ChannelId', 'GtmTriggerSelect'])
[DEBUG] DEBUG_XPATH: _parse_path('*[num:i($SaradcCheckindexIn + 1)]/ChannelId') -> parts=['*[num:i($SaradcCheckindexIn + 1)]', 'ChannelId']
[DEBUG] DEBUG_XPATH: Navigating segment '*' (axis=child) from 1 nodes
[DEBUG] DEBUG_XPATH:   Current context node: SaradcSent (type=container, path=/Mcu/GtmConfiguration/GtmConfiguration_0/GtmToPeripheral/GtmToPeripheral/SaradcSent, children=['ChannelId', 'GtmTriggerSelect'])
[DEBUG] DEBUG_XPATH: _parse_path('*[num:i($SaradcCheckindex + 1)]/ChannelId') -> parts=['*[num:i($SaradcCheckindex + 1)]', 'ChannelId']
[DEBUG] DEBUG_XPATH: Navigating segment '*' (axis=child) from 1 nodes
[DEBUG] DEBUG_XPATH:   Current context node: SaradcSent (type=container, path=/Mcu/GtmConfiguration/GtmConfiguration_0/GtmToPeripheral/GtmToPeripheral/SaradcSent, children=['ChannelId', 'GtmTriggerSelect'])
[DEBUG] DEBUG: Evaluating condition: $ChidIn = $ChidOut
[DEBUG] DEBUG: Comparison [$ChidIn = $ChidOut] => [None = None] Result: True
[DEBUG] DEBUG: Evaluating condition: $triggIn = $triggOut
[DEBUG] DEBUG: Comparison [$triggIn = $triggOut] => [both empty ''] Result: False
[DEBUG] DEBUG_XPATH: _parse_path('*[num:i($SaradcCheckindexIn + 1)]/GtmTriggerSelect') -> parts=['*[num:i($SaradcCheckindexIn + 1)]', 'GtmTriggerSelect']
[DEBUG] DEBUG_XPATH: Navigating segment '*' (axis=child) from 1 nodes
[DEBUG] DEBUG_XPATH:   Current context node: SaradcSent (type=container, path=/Mcu/GtmConfiguration/GtmConfiguration_0/GtmToPeripheral/GtmToPeripheral/SaradcSent, children=['ChannelId', 'GtmTriggerSelect'])
[DEBUG] DEBUG_XPATH: _parse_path('*[num:i($SaradcCheckindexIn + 1)]/GtmTriggerSelect') -> parts=['*[num:i($SaradcCheckindexIn + 1)]', 'GtmTriggerSelect']
[DEBUG] DEBUG_XPATH: Navigating segment '*' (axis=child) from 1 nodes
[DEBUG] DEBUG_XPATH:   Current context node: SaradcSent (type=container, path=/Mcu/GtmConfiguration/GtmConfiguration_0/GtmToPeripheral/GtmToPeripheral/SaradcSent, children=['ChannelId', 'GtmTriggerSelect'])
[DEBUG] DEBUG_XPATH: _parse_path('*[num:i($SaradcCheckindex + 1)]/GtmTriggerSelect') -> parts=['*[num:i($SaradcCheckindex + 1)]', 'GtmTriggerSelect']
[DEBUG] DEBUG_XPATH: Navigating segment '*' (axis=child) from 1 nodes
[DEBUG] DEBUG_XPATH:   Current context node: SaradcSent (type=container, path=/Mcu/GtmConfiguration/GtmConfiguration_0/GtmToPeripheral/GtmToPeripheral/SaradcSent, children=['ChannelId', 'GtmTriggerSelect'])
[DEBUG] DEBUG_XPATH: _parse_path('*[num:i($SaradcCheckindex + 1)]/GtmTriggerSelect') -> parts=['*[num:i($SaradcCheckindex + 1)]', 'GtmTriggerSelect']
[DEBUG] DEBUG_XPATH: Navigating segment '*' (axis=child) from 1 nodes
[DEBUG] DEBUG_XPATH:   Current context node: SaradcSent (type=container, path=/Mcu/GtmConfiguration/GtmConfiguration_0/GtmToPeripheral/GtmToPeripheral/SaradcSent, children=['ChannelId', 'GtmTriggerSelect'])
[DEBUG] DEBUG_XPATH: _parse_path('*[num:i($SaradcCheckindexIn + 1)]/ChannelId') -> parts=['*[num:i($SaradcCheckindexIn + 1)]', 'ChannelId']
[DEBUG] DEBUG_XPATH: Navigating segment '*' (axis=child) from 1 nodes
[DEBUG] DEBUG_XPATH:   Current context node: SaradcSent (type=container, path=/Mcu/GtmConfiguration/GtmConfiguration_0/GtmToPeripheral/GtmToPeripheral/SaradcSent, children=['ChannelId', 'GtmTriggerSelect'])
[DEBUG] DEBUG_XPATH: _parse_path('*[num:i($SaradcCheckindex + 1)]/ChannelId') -> parts=['*[num:i($SaradcCheckindex + 1)]', 'ChannelId']
[DEBUG] DEBUG_XPATH: Navigating segment '*' (axis=child) from 1 nodes
[DEBUG] DEBUG_XPATH:   Current context node: SaradcSent (type=container, path=/Mcu/GtmConfiguration/GtmConfiguration_0/GtmToPeripheral/GtmToPeripheral/SaradcSent, children=['ChannelId', 'GtmTriggerSelect'])
[DEBUG] DEBUG: Evaluating condition: $ChidIn = $ChidOut
[DEBUG] DEBUG: Comparison [$ChidIn = $ChidOut] => [None = None] Result: True
[DEBUG] DEBUG: Evaluating condition: $triggIn = $triggOut
[DEBUG] DEBUG: Comparison [$triggIn = $triggOut] => [both empty ''] Result: False
[DEBUG] DEBUG_XPATH: _parse_path('*[num:i($SaradcCheckindexIn + 1)]/GtmTriggerSelect') -> parts=['*[num:i($SaradcCheckindexIn + 1)]', 'GtmTriggerSelect']
[DEBUG] DEBUG_XPATH: Navigating segment '*' (axis=child) from 1 nodes
[DEBUG] DEBUG_XPATH:   Current context node: SaradcSent (type=container, path=/Mcu/GtmConfiguration/GtmConfiguration_0/GtmToPeripheral/GtmToPeripheral/SaradcSent, children=['ChannelId', 'GtmTriggerSelect'])
[DEBUG] DEBUG_XPATH: _parse_path('*[num:i($SaradcCheckindexIn + 1)]/GtmTriggerSelect') -> parts=['*[num:i($SaradcCheckindexIn + 1)]', 'GtmTriggerSelect']
[DEBUG] DEBUG_XPATH: Navigating segment '*' (axis=child) from 1 nodes
[DEBUG] DEBUG_XPATH:   Current context node: SaradcSent (type=container, path=/Mcu/GtmConfiguration/GtmConfiguration_0/GtmToPeripheral/GtmToPeripheral/SaradcSent, children=['ChannelId', 'GtmTriggerSelect'])
[DEBUG] DEBUG_XPATH: _parse_path('*[num:i($SaradcCheckindex + 1)]/GtmTriggerSelect') -> parts=['*[num:i($SaradcCheckindex + 1)]', 'GtmTriggerSelect']
[DEBUG] DEBUG_XPATH: Navigating segment '*' (axis=child) from 1 nodes
[DEBUG] DEBUG_XPATH:   Current context node: SaradcSent (type=container, path=/Mcu/GtmConfiguration/GtmConfiguration_0/GtmToPeripheral/GtmToPeripheral/SaradcSent, children=['ChannelId', 'GtmTriggerSelect'])
[DEBUG] DEBUG_XPATH: _parse_path('*[num:i($SaradcCheckindex + 1)]/GtmTriggerSelect') -> parts=['*[num:i($SaradcCheckindex + 1)]', 'GtmTriggerSelect']
[DEBUG] DEBUG_XPATH: Navigating segment '*' (axis=child) from 1 nodes
[DEBUG] DEBUG_XPATH:   Current context node: SaradcSent (type=container, path=/Mcu/GtmConfiguration/GtmConfiguration_0/GtmToPeripheral/GtmToPeripheral/SaradcSent, children=['ChannelId', 'GtmTriggerSelect'])
[DEBUG] DEBUG_XPATH: _parse_path('*[num:i($SaradcCheckindexIn + 1)]/ChannelId') -> parts=['*[num:i($SaradcCheckindexIn + 1)]', 'ChannelId']
[DEBUG] DEBUG_XPATH: Navigating segment '*' (axis=child) from 1 nodes
[DEBUG] DEBUG_XPATH:   Current context node: SaradcSent (type=container, path=/Mcu/GtmConfiguration/GtmConfiguration_0/GtmToPeripheral/GtmToPeripheral/SaradcSent, children=['ChannelId', 'GtmTriggerSelect'])
[DEBUG] DEBUG_XPATH: _parse_path('*[num:i($SaradcCheckindex + 1)]/ChannelId') -> parts=['*[num:i($SaradcCheckindex + 1)]', 'ChannelId']
[DEBUG] DEBUG_XPATH: Navigating segment '*' (axis=child) from 1 nodes
[DEBUG] DEBUG_XPATH:   Current context node: SaradcSent (type=container, path=/Mcu/GtmConfiguration/GtmConfiguration_0/GtmToPeripheral/GtmToPeripheral/SaradcSent, children=['ChannelId', 'GtmTriggerSelect'])
[DEBUG] DEBUG: Evaluating condition: $ChidIn = $ChidOut
[DEBUG] DEBUG: Comparison [$ChidIn = $ChidOut] => [None = None] Result: True
[DEBUG] DEBUG: Evaluating condition: $triggIn = $triggOut
[DEBUG] DEBUG: Comparison [$triggIn = $triggOut] => [both empty ''] Result: False
[DEBUG] DEBUG_XPATH: _parse_path('*[num:i($SaradcCheckindexIn + 1)]/GtmTriggerSelect') -> parts=['*[num:i($SaradcCheckindexIn + 1)]', 'GtmTriggerSelect']
[DEBUG] DEBUG_XPATH: Navigating segment '*' (axis=child) from 1 nodes
[DEBUG] DEBUG_XPATH:   Current context node: SaradcSent (type=container, path=/Mcu/GtmConfiguration/GtmConfiguration_0/GtmToPeripheral/GtmToPeripheral/SaradcSent, children=['ChannelId', 'GtmTriggerSelect'])
[DEBUG] DEBUG_XPATH: _parse_path('*[num:i($SaradcCheckindexIn + 1)]/GtmTriggerSelect') -> parts=['*[num:i($SaradcCheckindexIn + 1)]', 'GtmTriggerSelect']
[DEBUG] DEBUG_XPATH: Navigating segment '*' (axis=child) from 1 nodes
[DEBUG] DEBUG_XPATH:   Current context node: SaradcSent (type=container, path=/Mcu/GtmConfiguration/GtmConfiguration_0/GtmToPeripheral/GtmToPeripheral/SaradcSent, children=['ChannelId', 'GtmTriggerSelect'])
[DEBUG] DEBUG_XPATH: _parse_path('*[num:i($SaradcCheckindex + 1)]/GtmTriggerSelect') -> parts=['*[num:i($SaradcCheckindex + 1)]', 'GtmTriggerSelect']
[DEBUG] DEBUG_XPATH: Navigating segment '*' (axis=child) from 1 nodes
[DEBUG] DEBUG_XPATH:   Current context node: SaradcSent (type=container, path=/Mcu/GtmConfiguration/GtmConfiguration_0/GtmToPeripheral/GtmToPeripheral/SaradcSent, children=['ChannelId', 'GtmTriggerSelect'])
[DEBUG] DEBUG_XPATH: _parse_path('*[num:i($SaradcCheckindex + 1)]/GtmTriggerSelect') -> parts=['*[num:i($SaradcCheckindex + 1)]', 'GtmTriggerSelect']
[DEBUG] DEBUG_XPATH: Navigating segment '*' (axis=child) from 1 nodes
[DEBUG] DEBUG_XPATH:   Current context node: SaradcSent (type=container, path=/Mcu/GtmConfiguration/GtmConfiguration_0/GtmToPeripheral/GtmToPeripheral/SaradcSent, children=['ChannelId', 'GtmTriggerSelect'])
[DEBUG] DEBUG_XPATH: _parse_path('*[num:i($SaradcCheckindexIn + 1)]/ChannelId') -> parts=['*[num:i($SaradcCheckindexIn + 1)]', 'ChannelId']
[DEBUG] DEBUG_XPATH: Navigating segment '*' (axis=child) from 1 nodes
[DEBUG] DEBUG_XPATH:   Current context node: SaradcSent (type=container, path=/Mcu/GtmConfiguration/GtmConfiguration_0/GtmToPeripheral/GtmToPeripheral/SaradcSent, children=['ChannelId', 'GtmTriggerSelect'])
[DEBUG] DEBUG_XPATH: _parse_path('*[num:i($SaradcCheckindex + 1)]/ChannelId') -> parts=['*[num:i($SaradcCheckindex + 1)]', 'ChannelId']
[DEBUG] DEBUG_XPATH: Navigating segment '*' (axis=child) from 1 nodes
[DEBUG] DEBUG_XPATH:   Current context node: SaradcSent (type=container, path=/Mcu/GtmConfiguration/GtmConfiguration_0/GtmToPeripheral/GtmToPeripheral/SaradcSent, children=['ChannelId', 'GtmTriggerSelect'])
[DEBUG] DEBUG: Evaluating condition: $ChidIn = $ChidOut
[DEBUG] DEBUG: Comparison [$ChidIn = $ChidOut] => [None = None] Result: True
[DEBUG] DEBUG: Evaluating condition: $triggIn = $triggOut
[DEBUG] DEBUG: Comparison [$triggIn = $triggOut] => [both empty ''] Result: False
[DEBUG] DEBUG_XPATH: _parse_path('*[num:i($SaradcCheckindexIn + 1)]/GtmTriggerSelect') -> parts=['*[num:i($SaradcCheckindexIn + 1)]', 'GtmTriggerSelect']
[DEBUG] DEBUG_XPATH: Navigating segment '*' (axis=child) from 1 nodes
[DEBUG] DEBUG_XPATH:   Current context node: SaradcSent (type=container, path=/Mcu/GtmConfiguration/GtmConfiguration_0/GtmToPeripheral/GtmToPeripheral/SaradcSent, children=['ChannelId', 'GtmTriggerSelect'])
[DEBUG] DEBUG_XPATH: _parse_path('*[num:i($SaradcCheckindexIn + 1)]/GtmTriggerSelect') -> parts=['*[num:i($SaradcCheckindexIn + 1)]', 'GtmTriggerSelect']
[DEBUG] DEBUG_XPATH: Navigating segment '*' (axis=child) from 1 nodes
[DEBUG] DEBUG_XPATH:   Current context node: SaradcSent (type=container, path=/Mcu/GtmConfiguration/GtmConfiguration_0/GtmToPeripheral/GtmToPeripheral/SaradcSent, children=['ChannelId', 'GtmTriggerSelect'])
[DEBUG] DEBUG_XPATH: _parse_path('*[num:i($SaradcCheckindex + 1)]/GtmTriggerSelect') -> parts=['*[num:i($SaradcCheckindex + 1)]', 'GtmTriggerSelect']
[DEBUG] DEBUG_XPATH: Navigating segment '*' (axis=child) from 1 nodes
[DEBUG] DEBUG_XPATH:   Current context node: SaradcSent (type=container, path=/Mcu/GtmConfiguration/GtmConfiguration_0/GtmToPeripheral/GtmToPeripheral/SaradcSent, children=['ChannelId', 'GtmTriggerSelect'])
[DEBUG] DEBUG_XPATH: _parse_path('*[num:i($SaradcCheckindex + 1)]/GtmTriggerSelect') -> parts=['*[num:i($SaradcCheckindex + 1)]', 'GtmTriggerSelect']
[DEBUG] DEBUG_XPATH: Navigating segment '*' (axis=child) from 1 nodes
[DEBUG] DEBUG_XPATH:   Current context node: SaradcSent (type=container, path=/Mcu/GtmConfiguration/GtmConfiguration_0/GtmToPeripheral/GtmToPeripheral/SaradcSent, children=['ChannelId', 'GtmTriggerSelect'])
[DEBUG] DEBUG_XPATH: _parse_path('*[num:i($SaradcCheckindexIn + 1)]/ChannelId') -> parts=['*[num:i($SaradcCheckindexIn + 1)]', 'ChannelId']
[DEBUG] DEBUG_XPATH: Navigating segment '*' (axis=child) from 1 nodes
[DEBUG] DEBUG_XPATH:   Current context node: SaradcSent (type=container, path=/Mcu/GtmConfiguration/GtmConfiguration_0/GtmToPeripheral/GtmToPeripheral/SaradcSent, children=['ChannelId', 'GtmTriggerSelect'])
[DEBUG] DEBUG_XPATH: _parse_path('*[num:i($SaradcCheckindex + 1)]/ChannelId') -> parts=['*[num:i($SaradcCheckindex + 1)]', 'ChannelId']
[DEBUG] DEBUG_XPATH: Navigating segment '*' (axis=child) from 1 nodes
[DEBUG] DEBUG_XPATH:   Current context node: SaradcSent (type=container, path=/Mcu/GtmConfiguration/GtmConfiguration_0/GtmToPeripheral/GtmToPeripheral/SaradcSent, children=['ChannelId', 'GtmTriggerSelect'])
[DEBUG] DEBUG: Evaluating condition: $ChidIn = $ChidOut
[DEBUG] DEBUG: Comparison [$ChidIn = $ChidOut] => [None = None] Result: True
[DEBUG] DEBUG: Evaluating condition: $triggIn = $triggOut
[DEBUG] DEBUG: Comparison [$triggIn = $triggOut] => [both empty ''] Result: False
[DEBUG] DEBUG_XPATH: _parse_path('*[num:i($SaradcCheckindexIn + 1)]/GtmTriggerSelect') -> parts=['*[num:i($SaradcCheckindexIn + 1)]', 'GtmTriggerSelect']
[DEBUG] DEBUG_XPATH: Navigating segment '*' (axis=child) from 1 nodes
[DEBUG] DEBUG_XPATH:   Current context node: SaradcSent (type=container, path=/Mcu/GtmConfiguration/GtmConfiguration_0/GtmToPeripheral/GtmToPeripheral/SaradcSent, children=['ChannelId', 'GtmTriggerSelect'])
[DEBUG] DEBUG_XPATH: _parse_path('*[num:i($SaradcCheckindexIn + 1)]/GtmTriggerSelect') -> parts=['*[num:i($SaradcCheckindexIn + 1)]', 'GtmTriggerSelect']
[DEBUG] DEBUG_XPATH: Navigating segment '*' (axis=child) from 1 nodes
[DEBUG] DEBUG_XPATH:   Current context node: SaradcSent (type=container, path=/Mcu/GtmConfiguration/GtmConfiguration_0/GtmToPeripheral/GtmToPeripheral/SaradcSent, children=['ChannelId', 'GtmTriggerSelect'])
[DEBUG] DEBUG_XPATH: _parse_path('*[num:i($SaradcCheckindex + 1)]/GtmTriggerSelect') -> parts=['*[num:i($SaradcCheckindex + 1)]', 'GtmTriggerSelect']
[DEBUG] DEBUG_XPATH: Navigating segment '*' (axis=child) from 1 nodes
[DEBUG] DEBUG_XPATH:   Current context node: SaradcSent (type=container, path=/Mcu/GtmConfiguration/GtmConfiguration_0/GtmToPeripheral/GtmToPeripheral/SaradcSent, children=['ChannelId', 'GtmTriggerSelect'])
[DEBUG] DEBUG_XPATH: _parse_path('*[num:i($SaradcCheckindex + 1)]/GtmTriggerSelect') -> parts=['*[num:i($SaradcCheckindex + 1)]', 'GtmTriggerSelect']
[DEBUG] DEBUG_XPATH: Navigating segment '*' (axis=child) from 1 nodes
[DEBUG] DEBUG_XPATH:   Current context node: SaradcSent (type=container, path=/Mcu/GtmConfiguration/GtmConfiguration_0/GtmToPeripheral/GtmToPeripheral/SaradcSent, children=['ChannelId', 'GtmTriggerSelect'])
[DEBUG] DEBUG_XPATH: _parse_path('*[num:i($SaradcCheckindexIn + 1)]/ChannelId') -> parts=['*[num:i($SaradcCheckindexIn + 1)]', 'ChannelId']
[DEBUG] DEBUG_XPATH: Navigating segment '*' (axis=child) from 1 nodes
[DEBUG] DEBUG_XPATH:   Current context node: SaradcSent (type=container, path=/Mcu/GtmConfiguration/GtmConfiguration_0/GtmToPeripheral/GtmToPeripheral/SaradcSent, children=['ChannelId', 'GtmTriggerSelect'])
[DEBUG] DEBUG_XPATH: _parse_path('*[num:i($SaradcCheckindex + 1)]/ChannelId') -> parts=['*[num:i($SaradcCheckindex + 1)]', 'ChannelId']
[DEBUG] DEBUG_XPATH: Navigating segment '*' (axis=child) from 1 nodes
[DEBUG] DEBUG_XPATH:   Current context node: SaradcSent (type=container, path=/Mcu/GtmConfiguration/GtmConfiguration_0/GtmToPeripheral/GtmToPeripheral/SaradcSent, children=['ChannelId', 'GtmTriggerSelect'])
[DEBUG] DEBUG: Evaluating condition: $ChidIn = $ChidOut
[DEBUG] DEBUG: Comparison [$ChidIn = $ChidOut] => [None = None] Result: True
[DEBUG] DEBUG: Evaluating condition: $triggIn = $triggOut
[DEBUG] DEBUG: Comparison [$triggIn = $triggOut] => [both empty ''] Result: False
[DEBUG] DEBUG_XPATH: _parse_path('*[num:i($SaradcCheckindexIn + 1)]/GtmTriggerSelect') -> parts=['*[num:i($SaradcCheckindexIn + 1)]', 'GtmTriggerSelect']
[DEBUG] DEBUG_XPATH: Navigating segment '*' (axis=child) from 1 nodes
[DEBUG] DEBUG_XPATH:   Current context node: SaradcSent (type=container, path=/Mcu/GtmConfiguration/GtmConfiguration_0/GtmToPeripheral/GtmToPeripheral/SaradcSent, children=['ChannelId', 'GtmTriggerSelect'])
[DEBUG] DEBUG_XPATH: _parse_path('*[num:i($SaradcCheckindexIn + 1)]/GtmTriggerSelect') -> parts=['*[num:i($SaradcCheckindexIn + 1)]', 'GtmTriggerSelect']
[DEBUG] DEBUG_XPATH: Navigating segment '*' (axis=child) from 1 nodes
[DEBUG] DEBUG_XPATH:   Current context node: SaradcSent (type=container, path=/Mcu/GtmConfiguration/GtmConfiguration_0/GtmToPeripheral/GtmToPeripheral/SaradcSent, children=['ChannelId', 'GtmTriggerSelect'])
[DEBUG] DEBUG_XPATH: _parse_path('*[num:i($SaradcCheckindex + 1)]/GtmTriggerSelect') -> parts=['*[num:i($SaradcCheckindex + 1)]', 'GtmTriggerSelect']
[DEBUG] DEBUG_XPATH: Navigating segment '*' (axis=child) from 1 nodes
[DEBUG] DEBUG_XPATH:   Current context node: SaradcSent (type=container, path=/Mcu/GtmConfiguration/GtmConfiguration_0/GtmToPeripheral/GtmToPeripheral/SaradcSent, children=['ChannelId', 'GtmTriggerSelect'])
[DEBUG] DEBUG_XPATH: _parse_path('*[num:i($SaradcCheckindex + 1)]/GtmTriggerSelect') -> parts=['*[num:i($SaradcCheckindex + 1)]', 'GtmTriggerSelect']
[DEBUG] DEBUG_XPATH: Navigating segment '*' (axis=child) from 1 nodes
[DEBUG] DEBUG_XPATH:   Current context node: SaradcSent (type=container, path=/Mcu/GtmConfiguration/GtmConfiguration_0/GtmToPeripheral/GtmToPeripheral/SaradcSent, children=['ChannelId', 'GtmTriggerSelect'])
[DEBUG] DEBUG_XPATH: _parse_path('*[num:i($SaradcCheckindexIn + 1)]/ChannelId') -> parts=['*[num:i($SaradcCheckindexIn + 1)]', 'ChannelId']
[DEBUG] DEBUG_XPATH: Navigating segment '*' (axis=child) from 1 nodes
[DEBUG] DEBUG_XPATH:   Current context node: SaradcSent (type=container, path=/Mcu/GtmConfiguration/GtmConfiguration_0/GtmToPeripheral/GtmToPeripheral/SaradcSent, children=['ChannelId', 'GtmTriggerSelect'])
[DEBUG] DEBUG_XPATH: _parse_path('*[num:i($SaradcCheckindex + 1)]/ChannelId') -> parts=['*[num:i($SaradcCheckindex + 1)]', 'ChannelId']
[DEBUG] DEBUG_XPATH: Navigating segment '*' (axis=child) from 1 nodes
[DEBUG] DEBUG_XPATH:   Current context node: SaradcSent (type=container, path=/Mcu/GtmConfiguration/GtmConfiguration_0/GtmToPeripheral/GtmToPeripheral/SaradcSent, children=['ChannelId', 'GtmTriggerSelect'])
[DEBUG] DEBUG: Evaluating condition: $ChidIn = $ChidOut
[DEBUG] DEBUG: Comparison [$ChidIn = $ChidOut] => [None = None] Result: True
[DEBUG] DEBUG: Evaluating condition: $triggIn = $triggOut
[DEBUG] DEBUG: Comparison [$triggIn = $triggOut] => [both empty ''] Result: False
[DEBUG] DEBUG_XPATH: _parse_path('*[num:i($SaradcCheckindexIn + 1)]/GtmTriggerSelect') -> parts=['*[num:i($SaradcCheckindexIn + 1)]', 'GtmTriggerSelect']
[DEBUG] DEBUG_XPATH: Navigating segment '*' (axis=child) from 1 nodes
[DEBUG] DEBUG_XPATH:   Current context node: SaradcSent (type=container, path=/Mcu/GtmConfiguration/GtmConfiguration_0/GtmToPeripheral/GtmToPeripheral/SaradcSent, children=['ChannelId', 'GtmTriggerSelect'])
[DEBUG] DEBUG_XPATH: _parse_path('*[num:i($SaradcCheckindexIn + 1)]/GtmTriggerSelect') -> parts=['*[num:i($SaradcCheckindexIn + 1)]', 'GtmTriggerSelect']
[DEBUG] DEBUG_XPATH: Navigating segment '*' (axis=child) from 1 nodes
[DEBUG] DEBUG_XPATH:   Current context node: SaradcSent (type=container, path=/Mcu/GtmConfiguration/GtmConfiguration_0/GtmToPeripheral/GtmToPeripheral/SaradcSent, children=['ChannelId', 'GtmTriggerSelect'])
[DEBUG] DEBUG_XPATH: _parse_path('*[num:i($SaradcCheckindex + 1)]/GtmTriggerSelect') -> parts=['*[num:i($SaradcCheckindex + 1)]', 'GtmTriggerSelect']
[DEBUG] DEBUG_XPATH: Navigating segment '*' (axis=child) from 1 nodes
[DEBUG] DEBUG_XPATH:   Current context node: SaradcSent (type=container, path=/Mcu/GtmConfiguration/GtmConfiguration_0/GtmToPeripheral/GtmToPeripheral/SaradcSent, children=['ChannelId', 'GtmTriggerSelect'])
[DEBUG] DEBUG_XPATH: _parse_path('*[num:i($SaradcCheckindex + 1)]/GtmTriggerSelect') -> parts=['*[num:i($SaradcCheckindex + 1)]', 'GtmTriggerSelect']
[DEBUG] DEBUG_XPATH: Navigating segment '*' (axis=child) from 1 nodes
[DEBUG] DEBUG_XPATH:   Current context node: SaradcSent (type=container, path=/Mcu/GtmConfiguration/GtmConfiguration_0/GtmToPeripheral/GtmToPeripheral/SaradcSent, children=['ChannelId', 'GtmTriggerSelect'])
[DEBUG] DEBUG_XPATH: _parse_path('*[num:i($SaradcCheckindexIn + 1)]/ChannelId') -> parts=['*[num:i($SaradcCheckindexIn + 1)]', 'ChannelId']
[DEBUG] DEBUG_XPATH: Navigating segment '*' (axis=child) from 1 nodes
[DEBUG] DEBUG_XPATH:   Current context node: SaradcSent (type=container, path=/Mcu/GtmConfiguration/GtmConfiguration_0/GtmToPeripheral/GtmToPeripheral/SaradcSent, children=['ChannelId', 'GtmTriggerSelect'])
[DEBUG] DEBUG_XPATH: _parse_path('*[num:i($SaradcCheckindex + 1)]/ChannelId') -> parts=['*[num:i($SaradcCheckindex + 1)]', 'ChannelId']
[DEBUG] DEBUG_XPATH: Navigating segment '*' (axis=child) from 1 nodes
[DEBUG] DEBUG_XPATH:   Current context node: SaradcSent (type=container, path=/Mcu/GtmConfiguration/GtmConfiguration_0/GtmToPeripheral/GtmToPeripheral/SaradcSent, children=['ChannelId', 'GtmTriggerSelect'])
[DEBUG] DEBUG: Evaluating condition: $ChidIn = $ChidOut
[DEBUG] DEBUG: Comparison [$ChidIn = $ChidOut] => [None = None] Result: True
[DEBUG] DEBUG: Evaluating condition: $triggIn = $triggOut
[DEBUG] DEBUG: Comparison [$triggIn = $triggOut] => [both empty ''] Result: False
[DEBUG] DEBUG_XPATH: _parse_path('*[num:i($SaradcCheckindexIn + 1)]/GtmTriggerSelect') -> parts=['*[num:i($SaradcCheckindexIn + 1)]', 'GtmTriggerSelect']
[DEBUG] DEBUG_XPATH: Navigating segment '*' (axis=child) from 1 nodes
[DEBUG] DEBUG_XPATH:   Current context node: SaradcSent (type=container, path=/Mcu/GtmConfiguration/GtmConfiguration_0/GtmToPeripheral/GtmToPeripheral/SaradcSent, children=['ChannelId', 'GtmTriggerSelect'])
[DEBUG] DEBUG_XPATH: _parse_path('*[num:i($SaradcCheckindexIn + 1)]/GtmTriggerSelect') -> parts=['*[num:i($SaradcCheckindexIn + 1)]', 'GtmTriggerSelect']
[DEBUG] DEBUG_XPATH: Navigating segment '*' (axis=child) from 1 nodes
[DEBUG] DEBUG_XPATH:   Current context node: SaradcSent (type=container, path=/Mcu/GtmConfiguration/GtmConfiguration_0/GtmToPeripheral/GtmToPeripheral/SaradcSent, children=['ChannelId', 'GtmTriggerSelect'])
[DEBUG] DEBUG_XPATH: _parse_path('*[num:i($SaradcCheckindex + 1)]/GtmTriggerSelect') -> parts=['*[num:i($SaradcCheckindex + 1)]', 'GtmTriggerSelect']
[DEBUG] DEBUG_XPATH: Navigating segment '*' (axis=child) from 1 nodes
[DEBUG] DEBUG_XPATH:   Current context node: SaradcSent (type=container, path=/Mcu/GtmConfiguration/GtmConfiguration_0/GtmToPeripheral/GtmToPeripheral/SaradcSent, children=['ChannelId', 'GtmTriggerSelect'])
[DEBUG] DEBUG_XPATH: _parse_path('*[num:i($SaradcCheckindex + 1)]/GtmTriggerSelect') -> parts=['*[num:i($SaradcCheckindex + 1)]', 'GtmTriggerSelect']
[DEBUG] DEBUG_XPATH: Navigating segment '*' (axis=child) from 1 nodes
[DEBUG] DEBUG_XPATH:   Current context node: SaradcSent (type=container, path=/Mcu/GtmConfiguration/GtmConfiguration_0/GtmToPeripheral/GtmToPeripheral/SaradcSent, children=['ChannelId', 'GtmTriggerSelect'])
[DEBUG] DEBUG_XPATH: _parse_path('*[num:i($SaradcCheckindexIn + 1)]/ChannelId') -> parts=['*[num:i($SaradcCheckindexIn + 1)]', 'ChannelId']
[DEBUG] DEBUG_XPATH: Navigating segment '*' (axis=child) from 1 nodes
[DEBUG] DEBUG_XPATH:   Current context node: SaradcSent (type=container, path=/Mcu/GtmConfiguration/GtmConfiguration_0/GtmToPeripheral/GtmToPeripheral/SaradcSent, children=['ChannelId', 'GtmTriggerSelect'])
[DEBUG] DEBUG_XPATH: _parse_path('*[num:i($SaradcCheckindex + 1)]/ChannelId') -> parts=['*[num:i($SaradcCheckindex + 1)]', 'ChannelId']
[DEBUG] DEBUG_XPATH: Navigating segment '*' (axis=child) from 1 nodes
[DEBUG] DEBUG_XPATH:   Current context node: SaradcSent (type=container, path=/Mcu/GtmConfiguration/GtmConfiguration_0/GtmToPeripheral/GtmToPeripheral/SaradcSent, children=['ChannelId', 'GtmTriggerSelect'])
[DEBUG] DEBUG: Evaluating condition: $ChidIn = $ChidOut
[DEBUG] DEBUG: Comparison [$ChidIn = $ChidOut] => [None = None] Result: True
[DEBUG] DEBUG: Evaluating condition: $triggIn = $triggOut
[DEBUG] DEBUG: Comparison [$triggIn = $triggOut] => [both empty ''] Result: False
[DEBUG] DEBUG_XPATH: _parse_path('*[num:i($SaradcCheckindexIn + 1)]/GtmTriggerSelect') -> parts=['*[num:i($SaradcCheckindexIn + 1)]', 'GtmTriggerSelect']
[DEBUG] DEBUG_XPATH: Navigating segment '*' (axis=child) from 1 nodes
[DEBUG] DEBUG_XPATH:   Current context node: SaradcSent (type=container, path=/Mcu/GtmConfiguration/GtmConfiguration_0/GtmToPeripheral/GtmToPeripheral/SaradcSent, children=['ChannelId', 'GtmTriggerSelect'])
[DEBUG] DEBUG_XPATH: _parse_path('*[num:i($SaradcCheckindexIn + 1)]/GtmTriggerSelect') -> parts=['*[num:i($SaradcCheckindexIn + 1)]', 'GtmTriggerSelect']
[DEBUG] DEBUG_XPATH: Navigating segment '*' (axis=child) from 1 nodes
[DEBUG] DEBUG_XPATH:   Current context node: SaradcSent (type=container, path=/Mcu/GtmConfiguration/GtmConfiguration_0/GtmToPeripheral/GtmToPeripheral/SaradcSent, children=['ChannelId', 'GtmTriggerSelect'])
[DEBUG] DEBUG_XPATH: _parse_path('*[num:i($SaradcCheckindex + 1)]/GtmTriggerSelect') -> parts=['*[num:i($SaradcCheckindex + 1)]', 'GtmTriggerSelect']
[DEBUG] DEBUG_XPATH: Navigating segment '*' (axis=child) from 1 nodes
[DEBUG] DEBUG_XPATH:   Current context node: SaradcSent (type=container, path=/Mcu/GtmConfiguration/GtmConfiguration_0/GtmToPeripheral/GtmToPeripheral/SaradcSent, children=['ChannelId', 'GtmTriggerSelect'])
[DEBUG] DEBUG_XPATH: _parse_path('*[num:i($SaradcCheckindex + 1)]/GtmTriggerSelect') -> parts=['*[num:i($SaradcCheckindex + 1)]', 'GtmTriggerSelect']
[DEBUG] DEBUG_XPATH: Navigating segment '*' (axis=child) from 1 nodes
[DEBUG] DEBUG_XPATH:   Current context node: SaradcSent (type=container, path=/Mcu/GtmConfiguration/GtmConfiguration_0/GtmToPeripheral/GtmToPeripheral/SaradcSent, children=['ChannelId', 'GtmTriggerSelect'])
[DEBUG] DEBUG_XPATH: _parse_path('*[num:i($SaradcCheckindexIn + 1)]/ChannelId') -> parts=['*[num:i($SaradcCheckindexIn + 1)]', 'ChannelId']
[DEBUG] DEBUG_XPATH: Navigating segment '*' (axis=child) from 1 nodes
[DEBUG] DEBUG_XPATH:   Current context node: SaradcSent (type=container, path=/Mcu/GtmConfiguration/GtmConfiguration_0/GtmToPeripheral/GtmToPeripheral/SaradcSent, children=['ChannelId', 'GtmTriggerSelect'])
[DEBUG] DEBUG_XPATH: _parse_path('*[num:i($SaradcCheckindex + 1)]/ChannelId') -> parts=['*[num:i($SaradcCheckindex + 1)]', 'ChannelId']
[DEBUG] DEBUG_XPATH: Navigating segment '*' (axis=child) from 1 nodes
[DEBUG] DEBUG_XPATH:   Current context node: SaradcSent (type=container, path=/Mcu/GtmConfiguration/GtmConfiguration_0/GtmToPeripheral/GtmToPeripheral/SaradcSent, children=['ChannelId', 'GtmTriggerSelect'])
[DEBUG] DEBUG: Evaluating condition: $ChidIn = $ChidOut
[DEBUG] DEBUG: Comparison [$ChidIn = $ChidOut] => [None = None] Result: True
[DEBUG] DEBUG: Evaluating condition: $triggIn = $triggOut
[DEBUG] DEBUG: Comparison [$triggIn = $triggOut] => [both empty ''] Result: False
[DEBUG] DEBUG_XPATH: _parse_path('*[num:i($SaradcCheckindexIn + 1)]/GtmTriggerSelect') -> parts=['*[num:i($SaradcCheckindexIn + 1)]', 'GtmTriggerSelect']
[DEBUG] DEBUG_XPATH: Navigating segment '*' (axis=child) from 1 nodes
[DEBUG] DEBUG_XPATH:   Current context node: SaradcSent (type=container, path=/Mcu/GtmConfiguration/GtmConfiguration_0/GtmToPeripheral/GtmToPeripheral/SaradcSent, children=['ChannelId', 'GtmTriggerSelect'])
[DEBUG] DEBUG_XPATH: _parse_path('*[num:i($SaradcCheckindexIn + 1)]/GtmTriggerSelect') -> parts=['*[num:i($SaradcCheckindexIn + 1)]', 'GtmTriggerSelect']
[DEBUG] DEBUG_XPATH: Navigating segment '*' (axis=child) from 1 nodes
[DEBUG] DEBUG_XPATH:   Current context node: SaradcSent (type=container, path=/Mcu/GtmConfiguration/GtmConfiguration_0/GtmToPeripheral/GtmToPeripheral/SaradcSent, children=['ChannelId', 'GtmTriggerSelect'])
[DEBUG] DEBUG_XPATH: _parse_path('*[num:i($SaradcCheckindex + 1)]/GtmTriggerSelect') -> parts=['*[num:i($SaradcCheckindex + 1)]', 'GtmTriggerSelect']
[DEBUG] DEBUG_XPATH: Navigating segment '*' (axis=child) from 1 nodes
[DEBUG] DEBUG_XPATH:   Current context node: SaradcSent (type=container, path=/Mcu/GtmConfiguration/GtmConfiguration_0/GtmToPeripheral/GtmToPeripheral/SaradcSent, children=['ChannelId', 'GtmTriggerSelect'])
[DEBUG] DEBUG_XPATH: _parse_path('*[num:i($SaradcCheckindex + 1)]/GtmTriggerSelect') -> parts=['*[num:i($SaradcCheckindex + 1)]', 'GtmTriggerSelect']
[DEBUG] DEBUG_XPATH: Navigating segment '*' (axis=child) from 1 nodes
[DEBUG] DEBUG_XPATH:   Current context node: SaradcSent (type=container, path=/Mcu/GtmConfiguration/GtmConfiguration_0/GtmToPeripheral/GtmToPeripheral/SaradcSent, children=['ChannelId', 'GtmTriggerSelect'])
[DEBUG] DEBUG_XPATH: _parse_path('*[num:i($SaradcCheckindexIn + 1)]/ChannelId') -> parts=['*[num:i($SaradcCheckindexIn + 1)]', 'ChannelId']
[DEBUG] DEBUG_XPATH: Navigating segment '*' (axis=child) from 1 nodes
[DEBUG] DEBUG_XPATH:   Current context node: SaradcSent (type=container, path=/Mcu/GtmConfiguration/GtmConfiguration_0/GtmToPeripheral/GtmToPeripheral/SaradcSent, children=['ChannelId', 'GtmTriggerSelect'])
[DEBUG] DEBUG_XPATH: _parse_path('*[num:i($SaradcCheckindex + 1)]/ChannelId') -> parts=['*[num:i($SaradcCheckindex + 1)]', 'ChannelId']
[DEBUG] DEBUG_XPATH: Navigating segment '*' (axis=child) from 1 nodes
[DEBUG] DEBUG_XPATH:   Current context node: SaradcSent (type=container, path=/Mcu/GtmConfiguration/GtmConfiguration_0/GtmToPeripheral/GtmToPeripheral/SaradcSent, children=['ChannelId', 'GtmTriggerSelect'])
[DEBUG] DEBUG: Evaluating condition: $ChidIn = $ChidOut
[DEBUG] DEBUG: Comparison [$ChidIn = $ChidOut] => [None = None] Result: True
[DEBUG] DEBUG: Evaluating condition: $triggIn = $triggOut
[DEBUG] DEBUG: Comparison [$triggIn = $triggOut] => [both empty ''] Result: False
[DEBUG] DEBUG_XPATH: _parse_path('*[num:i($SaradcCheckindexIn + 1)]/GtmTriggerSelect') -> parts=['*[num:i($SaradcCheckindexIn + 1)]', 'GtmTriggerSelect']
[DEBUG] DEBUG_XPATH: Navigating segment '*' (axis=child) from 1 nodes
[DEBUG] DEBUG_XPATH:   Current context node: SaradcSent (type=container, path=/Mcu/GtmConfiguration/GtmConfiguration_0/GtmToPeripheral/GtmToPeripheral/SaradcSent, children=['ChannelId', 'GtmTriggerSelect'])
[DEBUG] DEBUG_XPATH: _parse_path('*[num:i($SaradcCheckindexIn + 1)]/GtmTriggerSelect') -> parts=['*[num:i($SaradcCheckindexIn + 1)]', 'GtmTriggerSelect']
[DEBUG] DEBUG_XPATH: Navigating segment '*' (axis=child) from 1 nodes
[DEBUG] DEBUG_XPATH:   Current context node: SaradcSent (type=container, path=/Mcu/GtmConfiguration/GtmConfiguration_0/GtmToPeripheral/GtmToPeripheral/SaradcSent, children=['ChannelId', 'GtmTriggerSelect'])
[DEBUG] DEBUG_XPATH: _parse_path('*[num:i($SaradcCheckindex + 1)]/GtmTriggerSelect') -> parts=['*[num:i($SaradcCheckindex + 1)]', 'GtmTriggerSelect']
[DEBUG] DEBUG_XPATH: Navigating segment '*' (axis=child) from 1 nodes
[DEBUG] DEBUG_XPATH:   Current context node: SaradcSent (type=container, path=/Mcu/GtmConfiguration/GtmConfiguration_0/GtmToPeripheral/GtmToPeripheral/SaradcSent, children=['ChannelId', 'GtmTriggerSelect'])
[DEBUG] DEBUG_XPATH: _parse_path('*[num:i($SaradcCheckindex + 1)]/GtmTriggerSelect') -> parts=['*[num:i($SaradcCheckindex + 1)]', 'GtmTriggerSelect']
[DEBUG] DEBUG_XPATH: Navigating segment '*' (axis=child) from 1 nodes
[DEBUG] DEBUG_XPATH:   Current context node: SaradcSent (type=container, path=/Mcu/GtmConfiguration/GtmConfiguration_0/GtmToPeripheral/GtmToPeripheral/SaradcSent, children=['ChannelId', 'GtmTriggerSelect'])
[DEBUG] DEBUG_XPATH: _parse_path('*[num:i($SaradcCheckindexIn + 1)]/ChannelId') -> parts=['*[num:i($SaradcCheckindexIn + 1)]', 'ChannelId']
[DEBUG] DEBUG_XPATH: Navigating segment '*' (axis=child) from 1 nodes
[DEBUG] DEBUG_XPATH:   Current context node: SaradcSent (type=container, path=/Mcu/GtmConfiguration/GtmConfiguration_0/GtmToPeripheral/GtmToPeripheral/SaradcSent, children=['ChannelId', 'GtmTriggerSelect'])
[DEBUG] DEBUG_XPATH: _parse_path('*[num:i($SaradcCheckindex + 1)]/ChannelId') -> parts=['*[num:i($SaradcCheckindex + 1)]', 'ChannelId']
[DEBUG] DEBUG_XPATH: Navigating segment '*' (axis=child) from 1 nodes
[DEBUG] DEBUG_XPATH:   Current context node: SaradcSent (type=container, path=/Mcu/GtmConfiguration/GtmConfiguration_0/GtmToPeripheral/GtmToPeripheral/SaradcSent, children=['ChannelId', 'GtmTriggerSelect'])
[DEBUG] DEBUG: Evaluating condition: $ChidIn = $ChidOut
[DEBUG] DEBUG: Comparison [$ChidIn = $ChidOut] => [None = None] Result: True
[DEBUG] DEBUG: Evaluating condition: $triggIn = $triggOut
[DEBUG] DEBUG: Comparison [$triggIn = $triggOut] => [both empty ''] Result: False
[DEBUG] DEBUG_XPATH: _parse_path('*[num:i($SaradcCheckindexIn + 1)]/GtmTriggerSelect') -> parts=['*[num:i($SaradcCheckindexIn + 1)]', 'GtmTriggerSelect']
[DEBUG] DEBUG_XPATH: Navigating segment '*' (axis=child) from 1 nodes
[DEBUG] DEBUG_XPATH:   Current context node: SaradcSent (type=container, path=/Mcu/GtmConfiguration/GtmConfiguration_0/GtmToPeripheral/GtmToPeripheral/SaradcSent, children=['ChannelId', 'GtmTriggerSelect'])
[DEBUG] DEBUG_XPATH: _parse_path('*[num:i($SaradcCheckindexIn + 1)]/GtmTriggerSelect') -> parts=['*[num:i($SaradcCheckindexIn + 1)]', 'GtmTriggerSelect']
[DEBUG] DEBUG_XPATH: Navigating segment '*' (axis=child) from 1 nodes
[DEBUG] DEBUG_XPATH:   Current context node: SaradcSent (type=container, path=/Mcu/GtmConfiguration/GtmConfiguration_0/GtmToPeripheral/GtmToPeripheral/SaradcSent, children=['ChannelId', 'GtmTriggerSelect'])
[DEBUG] DEBUG_XPATH: _parse_path('*[num:i($SaradcCheckindex + 1)]/GtmTriggerSelect') -> parts=['*[num:i($SaradcCheckindex + 1)]', 'GtmTriggerSelect']
[DEBUG] DEBUG_XPATH: Navigating segment '*' (axis=child) from 1 nodes
[DEBUG] DEBUG_XPATH:   Current context node: SaradcSent (type=container, path=/Mcu/GtmConfiguration/GtmConfiguration_0/GtmToPeripheral/GtmToPeripheral/SaradcSent, children=['ChannelId', 'GtmTriggerSelect'])
[DEBUG] DEBUG_XPATH: _parse_path('*[num:i($SaradcCheckindex + 1)]/GtmTriggerSelect') -> parts=['*[num:i($SaradcCheckindex + 1)]', 'GtmTriggerSelect']
[DEBUG] DEBUG_XPATH: Navigating segment '*' (axis=child) from 1 nodes
[DEBUG] DEBUG_XPATH:   Current context node: SaradcSent (type=container, path=/Mcu/GtmConfiguration/GtmConfiguration_0/GtmToPeripheral/GtmToPeripheral/SaradcSent, children=['ChannelId', 'GtmTriggerSelect'])
[DEBUG] DEBUG_XPATH: _parse_path('*[num:i($SaradcCheckindexIn + 1)]/ChannelId') -> parts=['*[num:i($SaradcCheckindexIn + 1)]', 'ChannelId']
[DEBUG] DEBUG_XPATH: Navigating segment '*' (axis=child) from 1 nodes
[DEBUG] DEBUG_XPATH:   Current context node: SaradcSent (type=container, path=/Mcu/GtmConfiguration/GtmConfiguration_0/GtmToPeripheral/GtmToPeripheral/SaradcSent, children=['ChannelId', 'GtmTriggerSelect'])
[DEBUG] DEBUG_XPATH: _parse_path('*[num:i($SaradcCheckindex + 1)]/ChannelId') -> parts=['*[num:i($SaradcCheckindex + 1)]', 'ChannelId']
[DEBUG] DEBUG_XPATH: Navigating segment '*' (axis=child) from 1 nodes
[DEBUG] DEBUG_XPATH:   Current context node: SaradcSent (type=container, path=/Mcu/GtmConfiguration/GtmConfiguration_0/GtmToPeripheral/GtmToPeripheral/SaradcSent, children=['ChannelId', 'GtmTriggerSelect'])
[DEBUG] DEBUG: Evaluating condition: $ChidIn = $ChidOut
[DEBUG] DEBUG: Comparison [$ChidIn = $ChidOut] => [None = None] Result: True
[DEBUG] DEBUG: Evaluating condition: $triggIn = $triggOut
[DEBUG] DEBUG: Comparison [$triggIn = $triggOut] => [both empty ''] Result: False
[DEBUG] DEBUG_XPATH: _parse_path('*[num:i($SaradcCheckindexIn + 1)]/GtmTriggerSelect') -> parts=['*[num:i($SaradcCheckindexIn + 1)]', 'GtmTriggerSelect']
[DEBUG] DEBUG_XPATH: Navigating segment '*' (axis=child) from 1 nodes
[DEBUG] DEBUG_XPATH:   Current context node: SaradcSent (type=container, path=/Mcu/GtmConfiguration/GtmConfiguration_0/GtmToPeripheral/GtmToPeripheral/SaradcSent, children=['ChannelId', 'GtmTriggerSelect'])
[DEBUG] DEBUG_XPATH: _parse_path('*[num:i($SaradcCheckindexIn + 1)]/GtmTriggerSelect') -> parts=['*[num:i($SaradcCheckindexIn + 1)]', 'GtmTriggerSelect']
[DEBUG] DEBUG_XPATH: Navigating segment '*' (axis=child) from 1 nodes
[DEBUG] DEBUG_XPATH:   Current context node: SaradcSent (type=container, path=/Mcu/GtmConfiguration/GtmConfiguration_0/GtmToPeripheral/GtmToPeripheral/SaradcSent, children=['ChannelId', 'GtmTriggerSelect'])
[DEBUG] DEBUG_XPATH: _parse_path('*[num:i($SaradcCheckindex + 1)]/GtmTriggerSelect') -> parts=['*[num:i($SaradcCheckindex + 1)]', 'GtmTriggerSelect']
[DEBUG] DEBUG_XPATH: Navigating segment '*' (axis=child) from 1 nodes
[DEBUG] DEBUG_XPATH:   Current context node: SaradcSent (type=container, path=/Mcu/GtmConfiguration/GtmConfiguration_0/GtmToPeripheral/GtmToPeripheral/SaradcSent, children=['ChannelId', 'GtmTriggerSelect'])
[DEBUG] DEBUG_XPATH: _parse_path('*[num:i($SaradcCheckindex + 1)]/GtmTriggerSelect') -> parts=['*[num:i($SaradcCheckindex + 1)]', 'GtmTriggerSelect']
[DEBUG] DEBUG_XPATH: Navigating segment '*' (axis=child) from 1 nodes
[DEBUG] DEBUG_XPATH:   Current context node: SaradcSent (type=container, path=/Mcu/GtmConfiguration/GtmConfiguration_0/GtmToPeripheral/GtmToPeripheral/SaradcSent, children=['ChannelId', 'GtmTriggerSelect'])
[DEBUG] DEBUG_XPATH: _parse_path('*[num:i($SaradcCheckindexIn + 1)]/ChannelId') -> parts=['*[num:i($SaradcCheckindexIn + 1)]', 'ChannelId']
[DEBUG] DEBUG_XPATH: Navigating segment '*' (axis=child) from 1 nodes
[DEBUG] DEBUG_XPATH:   Current context node: SaradcSent (type=container, path=/Mcu/GtmConfiguration/GtmConfiguration_0/GtmToPeripheral/GtmToPeripheral/SaradcSent, children=['ChannelId', 'GtmTriggerSelect'])
[DEBUG] DEBUG_XPATH: _parse_path('*[num:i($SaradcCheckindex + 1)]/ChannelId') -> parts=['*[num:i($SaradcCheckindex + 1)]', 'ChannelId']
[DEBUG] DEBUG_XPATH: Navigating segment '*' (axis=child) from 1 nodes
[DEBUG] DEBUG_XPATH:   Current context node: SaradcSent (type=container, path=/Mcu/GtmConfiguration/GtmConfiguration_0/GtmToPeripheral/GtmToPeripheral/SaradcSent, children=['ChannelId', 'GtmTriggerSelect'])
[DEBUG] DEBUG: Evaluating condition: $ChidIn = $ChidOut
[DEBUG] DEBUG: Comparison [$ChidIn = $ChidOut] => [None = None] Result: True
[DEBUG] DEBUG: Evaluating condition: $triggIn = $triggOut
[DEBUG] DEBUG: Comparison [$triggIn = $triggOut] => [both empty ''] Result: False
[DEBUG] DEBUG_XPATH: _parse_path('*[num:i($SaradcCheckindexIn + 1)]/GtmTriggerSelect') -> parts=['*[num:i($SaradcCheckindexIn + 1)]', 'GtmTriggerSelect']
[DEBUG] DEBUG_XPATH: Navigating segment '*' (axis=child) from 1 nodes
[DEBUG] DEBUG_XPATH:   Current context node: SaradcSent (type=container, path=/Mcu/GtmConfiguration/GtmConfiguration_0/GtmToPeripheral/GtmToPeripheral/SaradcSent, children=['ChannelId', 'GtmTriggerSelect'])
[DEBUG] DEBUG_XPATH: _parse_path('*[num:i($SaradcCheckindexIn + 1)]/GtmTriggerSelect') -> parts=['*[num:i($SaradcCheckindexIn + 1)]', 'GtmTriggerSelect']
[DEBUG] DEBUG_XPATH: Navigating segment '*' (axis=child) from 1 nodes
[DEBUG] DEBUG_XPATH:   Current context node: SaradcSent (type=container, path=/Mcu/GtmConfiguration/GtmConfiguration_0/GtmToPeripheral/GtmToPeripheral/SaradcSent, children=['ChannelId', 'GtmTriggerSelect'])
[DEBUG] DEBUG_XPATH: _parse_path('*[num:i($SaradcCheckindex + 1)]/GtmTriggerSelect') -> parts=['*[num:i($SaradcCheckindex + 1)]', 'GtmTriggerSelect']
[DEBUG] DEBUG_XPATH: Navigating segment '*' (axis=child) from 1 nodes
[DEBUG] DEBUG_XPATH:   Current context node: SaradcSent (type=container, path=/Mcu/GtmConfiguration/GtmConfiguration_0/GtmToPeripheral/GtmToPeripheral/SaradcSent, children=['ChannelId', 'GtmTriggerSelect'])
[DEBUG] DEBUG_XPATH: _parse_path('*[num:i($SaradcCheckindex + 1)]/GtmTriggerSelect') -> parts=['*[num:i($SaradcCheckindex + 1)]', 'GtmTriggerSelect']
[DEBUG] DEBUG_XPATH: Navigating segment '*' (axis=child) from 1 nodes
[DEBUG] DEBUG_XPATH:   Current context node: SaradcSent (type=container, path=/Mcu/GtmConfiguration/GtmConfiguration_0/GtmToPeripheral/GtmToPeripheral/SaradcSent, children=['ChannelId', 'GtmTriggerSelect'])
[DEBUG] DEBUG_XPATH: _parse_path('*[num:i($SaradcCheckindexIn + 1)]/ChannelId') -> parts=['*[num:i($SaradcCheckindexIn + 1)]', 'ChannelId']
[DEBUG] DEBUG_XPATH: Navigating segment '*' (axis=child) from 1 nodes
[DEBUG] DEBUG_XPATH:   Current context node: SaradcSent (type=container, path=/Mcu/GtmConfiguration/GtmConfiguration_0/GtmToPeripheral/GtmToPeripheral/SaradcSent, children=['ChannelId', 'GtmTriggerSelect'])
[DEBUG] DEBUG_XPATH: _parse_path('*[num:i($SaradcCheckindex + 1)]/ChannelId') -> parts=['*[num:i($SaradcCheckindex + 1)]', 'ChannelId']
[DEBUG] DEBUG_XPATH: Navigating segment '*' (axis=child) from 1 nodes
[DEBUG] DEBUG_XPATH:   Current context node: SaradcSent (type=container, path=/Mcu/GtmConfiguration/GtmConfiguration_0/GtmToPeripheral/GtmToPeripheral/SaradcSent, children=['ChannelId', 'GtmTriggerSelect'])
[DEBUG] DEBUG: Evaluating condition: $ChidIn = $ChidOut
[DEBUG] DEBUG: Comparison [$ChidIn = $ChidOut] => [None = None] Result: True
[DEBUG] DEBUG: Evaluating condition: $triggIn = $triggOut
[DEBUG] DEBUG: Comparison [$triggIn = $triggOut] => [both empty ''] Result: False
[DEBUG] DEBUG_XPATH: _parse_path('*[num:i($SaradcCheckindexIn + 1)]/GtmTriggerSelect') -> parts=['*[num:i($SaradcCheckindexIn + 1)]', 'GtmTriggerSelect']
[DEBUG] DEBUG_XPATH: Navigating segment '*' (axis=child) from 1 nodes
[DEBUG] DEBUG_XPATH:   Current context node: SaradcSent (type=container, path=/Mcu/GtmConfiguration/GtmConfiguration_0/GtmToPeripheral/GtmToPeripheral/SaradcSent, children=['ChannelId', 'GtmTriggerSelect'])
[DEBUG] DEBUG_XPATH: _parse_path('*[num:i($SaradcCheckindexIn + 1)]/GtmTriggerSelect') -> parts=['*[num:i($SaradcCheckindexIn + 1)]', 'GtmTriggerSelect']
[DEBUG] DEBUG_XPATH: Navigating segment '*' (axis=child) from 1 nodes
[DEBUG] DEBUG_XPATH:   Current context node: SaradcSent (type=container, path=/Mcu/GtmConfiguration/GtmConfiguration_0/GtmToPeripheral/GtmToPeripheral/SaradcSent, children=['ChannelId', 'GtmTriggerSelect'])
[DEBUG] DEBUG_XPATH: _parse_path('*[num:i($SaradcCheckindex + 1)]/GtmTriggerSelect') -> parts=['*[num:i($SaradcCheckindex + 1)]', 'GtmTriggerSelect']
[DEBUG] DEBUG_XPATH: Navigating segment '*' (axis=child) from 1 nodes
[DEBUG] DEBUG_XPATH:   Current context node: SaradcSent (type=container, path=/Mcu/GtmConfiguration/GtmConfiguration_0/GtmToPeripheral/GtmToPeripheral/SaradcSent, children=['ChannelId', 'GtmTriggerSelect'])
[DEBUG] DEBUG_XPATH: _parse_path('*[num:i($SaradcCheckindex + 1)]/GtmTriggerSelect') -> parts=['*[num:i($SaradcCheckindex + 1)]', 'GtmTriggerSelect']
[DEBUG] DEBUG_XPATH: Navigating segment '*' (axis=child) from 1 nodes
[DEBUG] DEBUG_XPATH:   Current context node: SaradcSent (type=container, path=/Mcu/GtmConfiguration/GtmConfiguration_0/GtmToPeripheral/GtmToPeripheral/SaradcSent, children=['ChannelId', 'GtmTriggerSelect'])
[DEBUG] DEBUG_XPATH: _parse_path('*[num:i($SaradcCheckindexIn + 1)]/ChannelId') -> parts=['*[num:i($SaradcCheckindexIn + 1)]', 'ChannelId']
[DEBUG] DEBUG_XPATH: Navigating segment '*' (axis=child) from 1 nodes
[DEBUG] DEBUG_XPATH:   Current context node: SaradcSent (type=container, path=/Mcu/GtmConfiguration/GtmConfiguration_0/GtmToPeripheral/GtmToPeripheral/SaradcSent, children=['ChannelId', 'GtmTriggerSelect'])
[DEBUG] DEBUG_XPATH: _parse_path('*[num:i($SaradcCheckindex + 1)]/ChannelId') -> parts=['*[num:i($SaradcCheckindex + 1)]', 'ChannelId']
[DEBUG] DEBUG_XPATH: Navigating segment '*' (axis=child) from 1 nodes
[DEBUG] DEBUG_XPATH:   Current context node: SaradcSent (type=container, path=/Mcu/GtmConfiguration/GtmConfiguration_0/GtmToPeripheral/GtmToPeripheral/SaradcSent, children=['ChannelId', 'GtmTriggerSelect'])
[DEBUG] DEBUG: Evaluating condition: $ChidIn = $ChidOut
[DEBUG] DEBUG: Comparison [$ChidIn = $ChidOut] => [None = None] Result: True
[DEBUG] DEBUG: Evaluating condition: $triggIn = $triggOut
[DEBUG] DEBUG: Comparison [$triggIn = $triggOut] => [both empty ''] Result: False
[DEBUG] DEBUG_XPATH: _parse_path('*[num:i($SaradcCheckindexIn + 1)]/GtmTriggerSelect') -> parts=['*[num:i($SaradcCheckindexIn + 1)]', 'GtmTriggerSelect']
[DEBUG] DEBUG_XPATH: Navigating segment '*' (axis=child) from 1 nodes
[DEBUG] DEBUG_XPATH:   Current context node: SaradcSent (type=container, path=/Mcu/GtmConfiguration/GtmConfiguration_0/GtmToPeripheral/GtmToPeripheral/SaradcSent, children=['ChannelId', 'GtmTriggerSelect'])
[DEBUG] DEBUG_XPATH: _parse_path('*[num:i($SaradcCheckindexIn + 1)]/GtmTriggerSelect') -> parts=['*[num:i($SaradcCheckindexIn + 1)]', 'GtmTriggerSelect']
[DEBUG] DEBUG_XPATH: Navigating segment '*' (axis=child) from 1 nodes
[DEBUG] DEBUG_XPATH:   Current context node: SaradcSent (type=container, path=/Mcu/GtmConfiguration/GtmConfiguration_0/GtmToPeripheral/GtmToPeripheral/SaradcSent, children=['ChannelId', 'GtmTriggerSelect'])
[DEBUG] DEBUG_XPATH: _parse_path('*[num:i($SaradcCheckindex + 1)]/GtmTriggerSelect') -> parts=['*[num:i($SaradcCheckindex + 1)]', 'GtmTriggerSelect']
[DEBUG] DEBUG_XPATH: Navigating segment '*' (axis=child) from 1 nodes
[DEBUG] DEBUG_XPATH:   Current context node: SaradcSent (type=container, path=/Mcu/GtmConfiguration/GtmConfiguration_0/GtmToPeripheral/GtmToPeripheral/SaradcSent, children=['ChannelId', 'GtmTriggerSelect'])
[DEBUG] DEBUG_XPATH: _parse_path('*[num:i($SaradcCheckindex + 1)]/GtmTriggerSelect') -> parts=['*[num:i($SaradcCheckindex + 1)]', 'GtmTriggerSelect']
[DEBUG] DEBUG_XPATH: Navigating segment '*' (axis=child) from 1 nodes
[DEBUG] DEBUG_XPATH:   Current context node: SaradcSent (type=container, path=/Mcu/GtmConfiguration/GtmConfiguration_0/GtmToPeripheral/GtmToPeripheral/SaradcSent, children=['ChannelId', 'GtmTriggerSelect'])
[DEBUG] DEBUG_XPATH: _parse_path('*[num:i($SaradcCheckindexIn + 1)]/ChannelId') -> parts=['*[num:i($SaradcCheckindexIn + 1)]', 'ChannelId']
[DEBUG] DEBUG_XPATH: Navigating segment '*' (axis=child) from 1 nodes
[DEBUG] DEBUG_XPATH:   Current context node: SaradcSent (type=container, path=/Mcu/GtmConfiguration/GtmConfiguration_0/GtmToPeripheral/GtmToPeripheral/SaradcSent, children=['ChannelId', 'GtmTriggerSelect'])
[DEBUG] DEBUG_XPATH: _parse_path('*[num:i($SaradcCheckindex + 1)]/ChannelId') -> parts=['*[num:i($SaradcCheckindex + 1)]', 'ChannelId']
[DEBUG] DEBUG_XPATH: Navigating segment '*' (axis=child) from 1 nodes
[DEBUG] DEBUG_XPATH:   Current context node: SaradcSent (type=container, path=/Mcu/GtmConfiguration/GtmConfiguration_0/GtmToPeripheral/GtmToPeripheral/SaradcSent, children=['ChannelId', 'GtmTriggerSelect'])
[DEBUG] DEBUG: Evaluating condition: $ChidIn = $ChidOut
[DEBUG] DEBUG: Comparison [$ChidIn = $ChidOut] => [None = None] Result: True
[DEBUG] DEBUG: Evaluating condition: $triggIn = $triggOut
[DEBUG] DEBUG: Comparison [$triggIn = $triggOut] => [both empty ''] Result: False
[DEBUG] DEBUG_XPATH: _parse_path('*[num:i($SaradcCheckindexIn + 1)]/GtmTriggerSelect') -> parts=['*[num:i($SaradcCheckindexIn + 1)]', 'GtmTriggerSelect']
[DEBUG] DEBUG_XPATH: Navigating segment '*' (axis=child) from 1 nodes
[DEBUG] DEBUG_XPATH:   Current context node: SaradcSent (type=container, path=/Mcu/GtmConfiguration/GtmConfiguration_0/GtmToPeripheral/GtmToPeripheral/SaradcSent, children=['ChannelId', 'GtmTriggerSelect'])
[DEBUG] DEBUG_XPATH: _parse_path('*[num:i($SaradcCheckindexIn + 1)]/GtmTriggerSelect') -> parts=['*[num:i($SaradcCheckindexIn + 1)]', 'GtmTriggerSelect']
[DEBUG] DEBUG_XPATH: Navigating segment '*' (axis=child) from 1 nodes
[DEBUG] DEBUG_XPATH:   Current context node: SaradcSent (type=container, path=/Mcu/GtmConfiguration/GtmConfiguration_0/GtmToPeripheral/GtmToPeripheral/SaradcSent, children=['ChannelId', 'GtmTriggerSelect'])
[DEBUG] DEBUG_XPATH: _parse_path('*[num:i($SaradcCheckindex + 1)]/GtmTriggerSelect') -> parts=['*[num:i($SaradcCheckindex + 1)]', 'GtmTriggerSelect']
[DEBUG] DEBUG_XPATH: Navigating segment '*' (axis=child) from 1 nodes
[DEBUG] DEBUG_XPATH:   Current context node: SaradcSent (type=container, path=/Mcu/GtmConfiguration/GtmConfiguration_0/GtmToPeripheral/GtmToPeripheral/SaradcSent, children=['ChannelId', 'GtmTriggerSelect'])
[DEBUG] DEBUG_XPATH: _parse_path('*[num:i($SaradcCheckindex + 1)]/GtmTriggerSelect') -> parts=['*[num:i($SaradcCheckindex + 1)]', 'GtmTriggerSelect']
[DEBUG] DEBUG_XPATH: Navigating segment '*' (axis=child) from 1 nodes
[DEBUG] DEBUG_XPATH:   Current context node: SaradcSent (type=container, path=/Mcu/GtmConfiguration/GtmConfiguration_0/GtmToPeripheral/GtmToPeripheral/SaradcSent, children=['ChannelId', 'GtmTriggerSelect'])
[DEBUG] DEBUG_XPATH: _parse_path('*[num:i($SaradcCheckindexIn + 1)]/ChannelId') -> parts=['*[num:i($SaradcCheckindexIn + 1)]', 'ChannelId']
[DEBUG] DEBUG_XPATH: Navigating segment '*' (axis=child) from 1 nodes
[DEBUG] DEBUG_XPATH:   Current context node: SaradcSent (type=container, path=/Mcu/GtmConfiguration/GtmConfiguration_0/GtmToPeripheral/GtmToPeripheral/SaradcSent, children=['ChannelId', 'GtmTriggerSelect'])
[DEBUG] DEBUG_XPATH: _parse_path('*[num:i($SaradcCheckindex + 1)]/ChannelId') -> parts=['*[num:i($SaradcCheckindex + 1)]', 'ChannelId']
[DEBUG] DEBUG_XPATH: Navigating segment '*' (axis=child) from 1 nodes
[DEBUG] DEBUG_XPATH:   Current context node: SaradcSent (type=container, path=/Mcu/GtmConfiguration/GtmConfiguration_0/GtmToPeripheral/GtmToPeripheral/SaradcSent, children=['ChannelId', 'GtmTriggerSelect'])
[DEBUG] DEBUG: Evaluating condition: $ChidIn = $ChidOut
[DEBUG] DEBUG: Comparison [$ChidIn = $ChidOut] => [None = None] Result: True
[DEBUG] DEBUG: Evaluating condition: $triggIn = $triggOut
[DEBUG] DEBUG: Comparison [$triggIn = $triggOut] => [both empty ''] Result: False
[DEBUG] DEBUG_XPATH: _parse_path('*[num:i($SaradcCheckindexIn + 1)]/GtmTriggerSelect') -> parts=['*[num:i($SaradcCheckindexIn + 1)]', 'GtmTriggerSelect']
[DEBUG] DEBUG_XPATH: Navigating segment '*' (axis=child) from 1 nodes
[DEBUG] DEBUG_XPATH:   Current context node: SaradcSent (type=container, path=/Mcu/GtmConfiguration/GtmConfiguration_0/GtmToPeripheral/GtmToPeripheral/SaradcSent, children=['ChannelId', 'GtmTriggerSelect'])
[DEBUG] DEBUG_XPATH: _parse_path('*[num:i($SaradcCheckindexIn + 1)]/GtmTriggerSelect') -> parts=['*[num:i($SaradcCheckindexIn + 1)]', 'GtmTriggerSelect']
[DEBUG] DEBUG_XPATH: Navigating segment '*' (axis=child) from 1 nodes
[DEBUG] DEBUG_XPATH:   Current context node: SaradcSent (type=container, path=/Mcu/GtmConfiguration/GtmConfiguration_0/GtmToPeripheral/GtmToPeripheral/SaradcSent, children=['ChannelId', 'GtmTriggerSelect'])
[DEBUG] DEBUG_XPATH: _parse_path('*[num:i($SaradcCheckindex + 1)]/GtmTriggerSelect') -> parts=['*[num:i($SaradcCheckindex + 1)]', 'GtmTriggerSelect']
[DEBUG] DEBUG_XPATH: Navigating segment '*' (axis=child) from 1 nodes
[DEBUG] DEBUG_XPATH:   Current context node: SaradcSent (type=container, path=/Mcu/GtmConfiguration/GtmConfiguration_0/GtmToPeripheral/GtmToPeripheral/SaradcSent, children=['ChannelId', 'GtmTriggerSelect'])
[DEBUG] DEBUG_XPATH: _parse_path('*[num:i($SaradcCheckindex + 1)]/GtmTriggerSelect') -> parts=['*[num:i($SaradcCheckindex + 1)]', 'GtmTriggerSelect']
[DEBUG] DEBUG_XPATH: Navigating segment '*' (axis=child) from 1 nodes
[DEBUG] DEBUG_XPATH:   Current context node: SaradcSent (type=container, path=/Mcu/GtmConfiguration/GtmConfiguration_0/GtmToPeripheral/GtmToPeripheral/SaradcSent, children=['ChannelId', 'GtmTriggerSelect'])
[DEBUG] DEBUG_XPATH: _parse_path('*[num:i($SaradcCheckindexIn + 1)]/ChannelId') -> parts=['*[num:i($SaradcCheckindexIn + 1)]', 'ChannelId']
[DEBUG] DEBUG_XPATH: Navigating segment '*' (axis=child) from 1 nodes
[DEBUG] DEBUG_XPATH:   Current context node: SaradcSent (type=container, path=/Mcu/GtmConfiguration/GtmConfiguration_0/GtmToPeripheral/GtmToPeripheral/SaradcSent, children=['ChannelId', 'GtmTriggerSelect'])
[DEBUG] DEBUG_XPATH: _parse_path('*[num:i($SaradcCheckindex + 1)]/ChannelId') -> parts=['*[num:i($SaradcCheckindex + 1)]', 'ChannelId']
[DEBUG] DEBUG_XPATH: Navigating segment '*' (axis=child) from 1 nodes
[DEBUG] DEBUG_XPATH:   Current context node: SaradcSent (type=container, path=/Mcu/GtmConfiguration/GtmConfiguration_0/GtmToPeripheral/GtmToPeripheral/SaradcSent, children=['ChannelId', 'GtmTriggerSelect'])
[DEBUG] DEBUG: Evaluating condition: $ChidIn = $ChidOut
[DEBUG] DEBUG: Comparison [$ChidIn = $ChidOut] => [None = None] Result: True
[DEBUG] DEBUG: Evaluating condition: $triggIn = $triggOut
[DEBUG] DEBUG: Comparison [$triggIn = $triggOut] => [both empty ''] Result: False
[DEBUG] DEBUG_XPATH: _parse_path('*[num:i($SaradcCheckindexIn + 1)]/GtmTriggerSelect') -> parts=['*[num:i($SaradcCheckindexIn + 1)]', 'GtmTriggerSelect']
[DEBUG] DEBUG_XPATH: Navigating segment '*' (axis=child) from 1 nodes
[DEBUG] DEBUG_XPATH:   Current context node: SaradcSent (type=container, path=/Mcu/GtmConfiguration/GtmConfiguration_0/GtmToPeripheral/GtmToPeripheral/SaradcSent, children=['ChannelId', 'GtmTriggerSelect'])
[DEBUG] DEBUG_XPATH: _parse_path('*[num:i($SaradcCheckindexIn + 1)]/GtmTriggerSelect') -> parts=['*[num:i($SaradcCheckindexIn + 1)]', 'GtmTriggerSelect']
[DEBUG] DEBUG_XPATH: Navigating segment '*' (axis=child) from 1 nodes
[DEBUG] DEBUG_XPATH:   Current context node: SaradcSent (type=container, path=/Mcu/GtmConfiguration/GtmConfiguration_0/GtmToPeripheral/GtmToPeripheral/SaradcSent, children=['ChannelId', 'GtmTriggerSelect'])
[DEBUG] DEBUG_XPATH: _parse_path('*[num:i($SaradcCheckindex + 1)]/GtmTriggerSelect') -> parts=['*[num:i($SaradcCheckindex + 1)]', 'GtmTriggerSelect']
[DEBUG] DEBUG_XPATH: Navigating segment '*' (axis=child) from 1 nodes
[DEBUG] DEBUG_XPATH:   Current context node: SaradcSent (type=container, path=/Mcu/GtmConfiguration/GtmConfiguration_0/GtmToPeripheral/GtmToPeripheral/SaradcSent, children=['ChannelId', 'GtmTriggerSelect'])
[DEBUG] DEBUG_XPATH: _parse_path('*[num:i($SaradcCheckindex + 1)]/GtmTriggerSelect') -> parts=['*[num:i($SaradcCheckindex + 1)]', 'GtmTriggerSelect']
[DEBUG] DEBUG_XPATH: Navigating segment '*' (axis=child) from 1 nodes
[DEBUG] DEBUG_XPATH:   Current context node: SaradcSent (type=container, path=/Mcu/GtmConfiguration/GtmConfiguration_0/GtmToPeripheral/GtmToPeripheral/SaradcSent, children=['ChannelId', 'GtmTriggerSelect'])
[DEBUG] DEBUG_XPATH: _parse_path('*[num:i($SaradcCheckindexIn + 1)]/ChannelId') -> parts=['*[num:i($SaradcCheckindexIn + 1)]', 'ChannelId']
[DEBUG] DEBUG_XPATH: Navigating segment '*' (axis=child) from 1 nodes
[DEBUG] DEBUG_XPATH:   Current context node: SaradcSent (type=container, path=/Mcu/GtmConfiguration/GtmConfiguration_0/GtmToPeripheral/GtmToPeripheral/SaradcSent, children=['ChannelId', 'GtmTriggerSelect'])
[DEBUG] DEBUG_XPATH: _parse_path('*[num:i($SaradcCheckindex + 1)]/ChannelId') -> parts=['*[num:i($SaradcCheckindex + 1)]', 'ChannelId']
[DEBUG] DEBUG_XPATH: Navigating segment '*' (axis=child) from 1 nodes
[DEBUG] DEBUG_XPATH:   Current context node: SaradcSent (type=container, path=/Mcu/GtmConfiguration/GtmConfiguration_0/GtmToPeripheral/GtmToPeripheral/SaradcSent, children=['ChannelId', 'GtmTriggerSelect'])
[DEBUG] DEBUG: Evaluating condition: $ChidIn = $ChidOut
[DEBUG] DEBUG: Comparison [$ChidIn = $ChidOut] => [None = None] Result: True
[DEBUG] DEBUG: Evaluating condition: $triggIn = $triggOut
[DEBUG] DEBUG: Comparison [$triggIn = $triggOut] => [both empty ''] Result: False
[DEBUG] DEBUG_XPATH: _parse_path('*[num:i($SaradcCheckindexIn + 1)]/GtmTriggerSelect') -> parts=['*[num:i($SaradcCheckindexIn + 1)]', 'GtmTriggerSelect']
[DEBUG] DEBUG_XPATH: Navigating segment '*' (axis=child) from 1 nodes
[DEBUG] DEBUG_XPATH:   Current context node: SaradcSent (type=container, path=/Mcu/GtmConfiguration/GtmConfiguration_0/GtmToPeripheral/GtmToPeripheral/SaradcSent, children=['ChannelId', 'GtmTriggerSelect'])
[DEBUG] DEBUG_XPATH: _parse_path('*[num:i($SaradcCheckindexIn + 1)]/GtmTriggerSelect') -> parts=['*[num:i($SaradcCheckindexIn + 1)]', 'GtmTriggerSelect']
[DEBUG] DEBUG_XPATH: Navigating segment '*' (axis=child) from 1 nodes
[DEBUG] DEBUG_XPATH:   Current context node: SaradcSent (type=container, path=/Mcu/GtmConfiguration/GtmConfiguration_0/GtmToPeripheral/GtmToPeripheral/SaradcSent, children=['ChannelId', 'GtmTriggerSelect'])
[DEBUG] DEBUG_XPATH: _parse_path('*[num:i($SaradcCheckindex + 1)]/GtmTriggerSelect') -> parts=['*[num:i($SaradcCheckindex + 1)]', 'GtmTriggerSelect']
[DEBUG] DEBUG_XPATH: Navigating segment '*' (axis=child) from 1 nodes
[DEBUG] DEBUG_XPATH:   Current context node: SaradcSent (type=container, path=/Mcu/GtmConfiguration/GtmConfiguration_0/GtmToPeripheral/GtmToPeripheral/SaradcSent, children=['ChannelId', 'GtmTriggerSelect'])
[DEBUG] DEBUG_XPATH: _parse_path('*[num:i($SaradcCheckindex + 1)]/GtmTriggerSelect') -> parts=['*[num:i($SaradcCheckindex + 1)]', 'GtmTriggerSelect']
[DEBUG] DEBUG_XPATH: Navigating segment '*' (axis=child) from 1 nodes
[DEBUG] DEBUG_XPATH:   Current context node: SaradcSent (type=container, path=/Mcu/GtmConfiguration/GtmConfiguration_0/GtmToPeripheral/GtmToPeripheral/SaradcSent, children=['ChannelId', 'GtmTriggerSelect'])
[DEBUG] DEBUG_XPATH: _parse_path('*[num:i($SaradcCheckindexIn + 1)]/ChannelId') -> parts=['*[num:i($SaradcCheckindexIn + 1)]', 'ChannelId']
[DEBUG] DEBUG_XPATH: Navigating segment '*' (axis=child) from 1 nodes
[DEBUG] DEBUG_XPATH:   Current context node: SaradcSent (type=container, path=/Mcu/GtmConfiguration/GtmConfiguration_0/GtmToPeripheral/GtmToPeripheral/SaradcSent, children=['ChannelId', 'GtmTriggerSelect'])
[DEBUG] DEBUG_XPATH: _parse_path('*[num:i($SaradcCheckindex + 1)]/ChannelId') -> parts=['*[num:i($SaradcCheckindex + 1)]', 'ChannelId']
[DEBUG] DEBUG_XPATH: Navigating segment '*' (axis=child) from 1 nodes
[DEBUG] DEBUG_XPATH:   Current context node: SaradcSent (type=container, path=/Mcu/GtmConfiguration/GtmConfiguration_0/GtmToPeripheral/GtmToPeripheral/SaradcSent, children=['ChannelId', 'GtmTriggerSelect'])
[DEBUG] DEBUG: Evaluating condition: $ChidIn = $ChidOut
[DEBUG] DEBUG: Comparison [$ChidIn = $ChidOut] => [None = None] Result: True
[DEBUG] DEBUG: Evaluating condition: $triggIn = $triggOut
[DEBUG] DEBUG: Comparison [$triggIn = $triggOut] => [both empty ''] Result: False
[DEBUG] DEBUG_XPATH: _parse_path('*[num:i($SaradcCheckindexIn + 1)]/GtmTriggerSelect') -> parts=['*[num:i($SaradcCheckindexIn + 1)]', 'GtmTriggerSelect']
[DEBUG] DEBUG_XPATH: Navigating segment '*' (axis=child) from 1 nodes
[DEBUG] DEBUG_XPATH:   Current context node: SaradcSent (type=container, path=/Mcu/GtmConfiguration/GtmConfiguration_0/GtmToPeripheral/GtmToPeripheral/SaradcSent, children=['ChannelId', 'GtmTriggerSelect'])
[DEBUG] DEBUG_XPATH: _parse_path('*[num:i($SaradcCheckindexIn + 1)]/GtmTriggerSelect') -> parts=['*[num:i($SaradcCheckindexIn + 1)]', 'GtmTriggerSelect']
[DEBUG] DEBUG_XPATH: Navigating segment '*' (axis=child) from 1 nodes
[DEBUG] DEBUG_XPATH:   Current context node: SaradcSent (type=container, path=/Mcu/GtmConfiguration/GtmConfiguration_0/GtmToPeripheral/GtmToPeripheral/SaradcSent, children=['ChannelId', 'GtmTriggerSelect'])
[DEBUG] DEBUG_XPATH: _parse_path('*[num:i($SaradcCheckindex + 1)]/GtmTriggerSelect') -> parts=['*[num:i($SaradcCheckindex + 1)]', 'GtmTriggerSelect']
[DEBUG] DEBUG_XPATH: Navigating segment '*' (axis=child) from 1 nodes
[DEBUG] DEBUG_XPATH:   Current context node: SaradcSent (type=container, path=/Mcu/GtmConfiguration/GtmConfiguration_0/GtmToPeripheral/GtmToPeripheral/SaradcSent, children=['ChannelId', 'GtmTriggerSelect'])
[DEBUG] DEBUG_XPATH: _parse_path('*[num:i($SaradcCheckindex + 1)]/GtmTriggerSelect') -> parts=['*[num:i($SaradcCheckindex + 1)]', 'GtmTriggerSelect']
[DEBUG] DEBUG_XPATH: Navigating segment '*' (axis=child) from 1 nodes
[DEBUG] DEBUG_XPATH:   Current context node: SaradcSent (type=container, path=/Mcu/GtmConfiguration/GtmConfiguration_0/GtmToPeripheral/GtmToPeripheral/SaradcSent, children=['ChannelId', 'GtmTriggerSelect'])
[DEBUG] DEBUG_XPATH: _parse_path('*[num:i($SaradcCheckindexIn + 1)]/ChannelId') -> parts=['*[num:i($SaradcCheckindexIn + 1)]', 'ChannelId']
[DEBUG] DEBUG_XPATH: Navigating segment '*' (axis=child) from 1 nodes
[DEBUG] DEBUG_XPATH:   Current context node: SaradcSent (type=container, path=/Mcu/GtmConfiguration/GtmConfiguration_0/GtmToPeripheral/GtmToPeripheral/SaradcSent, children=['ChannelId', 'GtmTriggerSelect'])
[DEBUG] DEBUG_XPATH: _parse_path('*[num:i($SaradcCheckindex + 1)]/ChannelId') -> parts=['*[num:i($SaradcCheckindex + 1)]', 'ChannelId']
[DEBUG] DEBUG_XPATH: Navigating segment '*' (axis=child) from 1 nodes
[DEBUG] DEBUG_XPATH:   Current context node: SaradcSent (type=container, path=/Mcu/GtmConfiguration/GtmConfiguration_0/GtmToPeripheral/GtmToPeripheral/SaradcSent, children=['ChannelId', 'GtmTriggerSelect'])
[DEBUG] DEBUG: Evaluating condition: $ChidIn = $ChidOut
[DEBUG] DEBUG: Comparison [$ChidIn = $ChidOut] => [None = None] Result: True
[DEBUG] DEBUG: Evaluating condition: $triggIn = $triggOut
[DEBUG] DEBUG: Comparison [$triggIn = $triggOut] => [both empty ''] Result: False
[DEBUG] DEBUG_XPATH: _parse_path('*[num:i($SaradcCheckindexIn + 1)]/GtmTriggerSelect') -> parts=['*[num:i($SaradcCheckindexIn + 1)]', 'GtmTriggerSelect']
[DEBUG] DEBUG_XPATH: Navigating segment '*' (axis=child) from 1 nodes
[DEBUG] DEBUG_XPATH:   Current context node: SaradcSent (type=container, path=/Mcu/GtmConfiguration/GtmConfiguration_0/GtmToPeripheral/GtmToPeripheral/SaradcSent, children=['ChannelId', 'GtmTriggerSelect'])
[DEBUG] DEBUG_XPATH: _parse_path('*[num:i($SaradcCheckindexIn + 1)]/GtmTriggerSelect') -> parts=['*[num:i($SaradcCheckindexIn + 1)]', 'GtmTriggerSelect']
[DEBUG] DEBUG_XPATH: Navigating segment '*' (axis=child) from 1 nodes
[DEBUG] DEBUG_XPATH:   Current context node: SaradcSent (type=container, path=/Mcu/GtmConfiguration/GtmConfiguration_0/GtmToPeripheral/GtmToPeripheral/SaradcSent, children=['ChannelId', 'GtmTriggerSelect'])
[DEBUG] DEBUG_XPATH: _parse_path('*[num:i($SaradcCheckindex + 1)]/GtmTriggerSelect') -> parts=['*[num:i($SaradcCheckindex + 1)]', 'GtmTriggerSelect']
[DEBUG] DEBUG_XPATH: Navigating segment '*' (axis=child) from 1 nodes
[DEBUG] DEBUG_XPATH:   Current context node: SaradcSent (type=container, path=/Mcu/GtmConfiguration/GtmConfiguration_0/GtmToPeripheral/GtmToPeripheral/SaradcSent, children=['ChannelId', 'GtmTriggerSelect'])
[DEBUG] DEBUG_XPATH: _parse_path('*[num:i($SaradcCheckindex + 1)]/GtmTriggerSelect') -> parts=['*[num:i($SaradcCheckindex + 1)]', 'GtmTriggerSelect']
[DEBUG] DEBUG_XPATH: Navigating segment '*' (axis=child) from 1 nodes
[DEBUG] DEBUG_XPATH:   Current context node: SaradcSent (type=container, path=/Mcu/GtmConfiguration/GtmConfiguration_0/GtmToPeripheral/GtmToPeripheral/SaradcSent, children=['ChannelId', 'GtmTriggerSelect'])
[DEBUG] DEBUG_XPATH: _parse_path('*[num:i($SaradcCheckindexIn + 1)]/ChannelId') -> parts=['*[num:i($SaradcCheckindexIn + 1)]', 'ChannelId']
[DEBUG] DEBUG_XPATH: Navigating segment '*' (axis=child) from 1 nodes
[DEBUG] DEBUG_XPATH:   Current context node: SaradcSent (type=container, path=/Mcu/GtmConfiguration/GtmConfiguration_0/GtmToPeripheral/GtmToPeripheral/SaradcSent, children=['ChannelId', 'GtmTriggerSelect'])
[DEBUG] DEBUG_XPATH: _parse_path('*[num:i($SaradcCheckindex + 1)]/ChannelId') -> parts=['*[num:i($SaradcCheckindex + 1)]', 'ChannelId']
[DEBUG] DEBUG_XPATH: Navigating segment '*' (axis=child) from 1 nodes
[DEBUG] DEBUG_XPATH:   Current context node: SaradcSent (type=container, path=/Mcu/GtmConfiguration/GtmConfiguration_0/GtmToPeripheral/GtmToPeripheral/SaradcSent, children=['ChannelId', 'GtmTriggerSelect'])
[DEBUG] DEBUG: Evaluating condition: $ChidIn = $ChidOut
[DEBUG] DEBUG: Comparison [$ChidIn = $ChidOut] => [None = None] Result: True
[DEBUG] DEBUG: Evaluating condition: $triggIn = $triggOut
[DEBUG] DEBUG: Comparison [$triggIn = $triggOut] => [both empty ''] Result: False
[DEBUG] DEBUG_XPATH: _parse_path('*[num:i($SaradcCheckindexIn + 1)]/GtmTriggerSelect') -> parts=['*[num:i($SaradcCheckindexIn + 1)]', 'GtmTriggerSelect']
[DEBUG] DEBUG_XPATH: Navigating segment '*' (axis=child) from 1 nodes
[DEBUG] DEBUG_XPATH:   Current context node: SaradcSent (type=container, path=/Mcu/GtmConfiguration/GtmConfiguration_0/GtmToPeripheral/GtmToPeripheral/SaradcSent, children=['ChannelId', 'GtmTriggerSelect'])
[DEBUG] DEBUG_XPATH: _parse_path('*[num:i($SaradcCheckindexIn + 1)]/GtmTriggerSelect') -> parts=['*[num:i($SaradcCheckindexIn + 1)]', 'GtmTriggerSelect']
[DEBUG] DEBUG_XPATH: Navigating segment '*' (axis=child) from 1 nodes
[DEBUG] DEBUG_XPATH:   Current context node: SaradcSent (type=container, path=/Mcu/GtmConfiguration/GtmConfiguration_0/GtmToPeripheral/GtmToPeripheral/SaradcSent, children=['ChannelId', 'GtmTriggerSelect'])
[DEBUG] DEBUG_XPATH: _parse_path('*[num:i($SaradcCheckindex + 1)]/GtmTriggerSelect') -> parts=['*[num:i($SaradcCheckindex + 1)]', 'GtmTriggerSelect']
[DEBUG] DEBUG_XPATH: Navigating segment '*' (axis=child) from 1 nodes
[DEBUG] DEBUG_XPATH:   Current context node: SaradcSent (type=container, path=/Mcu/GtmConfiguration/GtmConfiguration_0/GtmToPeripheral/GtmToPeripheral/SaradcSent, children=['ChannelId', 'GtmTriggerSelect'])
[DEBUG] DEBUG_XPATH: _parse_path('*[num:i($SaradcCheckindex + 1)]/GtmTriggerSelect') -> parts=['*[num:i($SaradcCheckindex + 1)]', 'GtmTriggerSelect']
[DEBUG] DEBUG_XPATH: Navigating segment '*' (axis=child) from 1 nodes
[DEBUG] DEBUG_XPATH:   Current context node: SaradcSent (type=container, path=/Mcu/GtmConfiguration/GtmConfiguration_0/GtmToPeripheral/GtmToPeripheral/SaradcSent, children=['ChannelId', 'GtmTriggerSelect'])
[DEBUG] DEBUG_XPATH: _parse_path('*[num:i($SaradcCheckindexIn + 1)]/ChannelId') -> parts=['*[num:i($SaradcCheckindexIn + 1)]', 'ChannelId']
[DEBUG] DEBUG_XPATH: Navigating segment '*' (axis=child) from 1 nodes
[DEBUG] DEBUG_XPATH:   Current context node: SaradcSent (type=container, path=/Mcu/GtmConfiguration/GtmConfiguration_0/GtmToPeripheral/GtmToPeripheral/SaradcSent, children=['ChannelId', 'GtmTriggerSelect'])
[DEBUG] DEBUG_XPATH: _parse_path('*[num:i($SaradcCheckindex + 1)]/ChannelId') -> parts=['*[num:i($SaradcCheckindex + 1)]', 'ChannelId']
[DEBUG] DEBUG_XPATH: Navigating segment '*' (axis=child) from 1 nodes
[DEBUG] DEBUG_XPATH:   Current context node: SaradcSent (type=container, path=/Mcu/GtmConfiguration/GtmConfiguration_0/GtmToPeripheral/GtmToPeripheral/SaradcSent, children=['ChannelId', 'GtmTriggerSelect'])
[DEBUG] DEBUG: Evaluating condition: $ChidIn = $ChidOut
[DEBUG] DEBUG: Comparison [$ChidIn = $ChidOut] => [None = None] Result: True
[DEBUG] DEBUG: Evaluating condition: $triggIn = $triggOut
[DEBUG] DEBUG: Comparison [$triggIn = $triggOut] => [both empty ''] Result: False
[DEBUG] DEBUG_XPATH: _parse_path('*[num:i($SaradcCheckindexIn + 1)]/GtmTriggerSelect') -> parts=['*[num:i($SaradcCheckindexIn + 1)]', 'GtmTriggerSelect']
[DEBUG] DEBUG_XPATH: Navigating segment '*' (axis=child) from 1 nodes
[DEBUG] DEBUG_XPATH:   Current context node: SaradcSent (type=container, path=/Mcu/GtmConfiguration/GtmConfiguration_0/GtmToPeripheral/GtmToPeripheral/SaradcSent, children=['ChannelId', 'GtmTriggerSelect'])
[DEBUG] DEBUG_XPATH: _parse_path('*[num:i($SaradcCheckindexIn + 1)]/GtmTriggerSelect') -> parts=['*[num:i($SaradcCheckindexIn + 1)]', 'GtmTriggerSelect']
[DEBUG] DEBUG_XPATH: Navigating segment '*' (axis=child) from 1 nodes
[DEBUG] DEBUG_XPATH:   Current context node: SaradcSent (type=container, path=/Mcu/GtmConfiguration/GtmConfiguration_0/GtmToPeripheral/GtmToPeripheral/SaradcSent, children=['ChannelId', 'GtmTriggerSelect'])
[DEBUG] DEBUG_XPATH: _parse_path('*[num:i($SaradcCheckindex + 1)]/GtmTriggerSelect') -> parts=['*[num:i($SaradcCheckindex + 1)]', 'GtmTriggerSelect']
[DEBUG] DEBUG_XPATH: Navigating segment '*' (axis=child) from 1 nodes
[DEBUG] DEBUG_XPATH:   Current context node: SaradcSent (type=container, path=/Mcu/GtmConfiguration/GtmConfiguration_0/GtmToPeripheral/GtmToPeripheral/SaradcSent, children=['ChannelId', 'GtmTriggerSelect'])
[DEBUG] DEBUG_XPATH: _parse_path('*[num:i($SaradcCheckindex + 1)]/GtmTriggerSelect') -> parts=['*[num:i($SaradcCheckindex + 1)]', 'GtmTriggerSelect']
[DEBUG] DEBUG_XPATH: Navigating segment '*' (axis=child) from 1 nodes
[DEBUG] DEBUG_XPATH:   Current context node: SaradcSent (type=container, path=/Mcu/GtmConfiguration/GtmConfiguration_0/GtmToPeripheral/GtmToPeripheral/SaradcSent, children=['ChannelId', 'GtmTriggerSelect'])
[DEBUG] DEBUG_XPATH: _parse_path('*[num:i($SaradcCheckindexIn + 1)]/ChannelId') -> parts=['*[num:i($SaradcCheckindexIn + 1)]', 'ChannelId']
[DEBUG] DEBUG_XPATH: Navigating segment '*' (axis=child) from 1 nodes
[DEBUG] DEBUG_XPATH:   Current context node: SaradcSent (type=container, path=/Mcu/GtmConfiguration/GtmConfiguration_0/GtmToPeripheral/GtmToPeripheral/SaradcSent, children=['ChannelId', 'GtmTriggerSelect'])
[DEBUG] DEBUG_XPATH: _parse_path('*[num:i($SaradcCheckindex + 1)]/ChannelId') -> parts=['*[num:i($SaradcCheckindex + 1)]', 'ChannelId']
[DEBUG] DEBUG_XPATH: Navigating segment '*' (axis=child) from 1 nodes
[DEBUG] DEBUG_XPATH:   Current context node: SaradcSent (type=container, path=/Mcu/GtmConfiguration/GtmConfiguration_0/GtmToPeripheral/GtmToPeripheral/SaradcSent, children=['ChannelId', 'GtmTriggerSelect'])
[DEBUG] DEBUG: Evaluating condition: $ChidIn = $ChidOut
[DEBUG] DEBUG: Comparison [$ChidIn = $ChidOut] => [None = None] Result: True
[DEBUG] DEBUG: Evaluating condition: $triggIn = $triggOut
[DEBUG] DEBUG: Comparison [$triggIn = $triggOut] => [both empty ''] Result: False
[DEBUG] DEBUG_XPATH: _parse_path('*[num:i($SaradcCheckindexIn + 1)]/GtmTriggerSelect') -> parts=['*[num:i($SaradcCheckindexIn + 1)]', 'GtmTriggerSelect']
[DEBUG] DEBUG_XPATH: Navigating segment '*' (axis=child) from 1 nodes
[DEBUG] DEBUG_XPATH:   Current context node: SaradcSent (type=container, path=/Mcu/GtmConfiguration/GtmConfiguration_0/GtmToPeripheral/GtmToPeripheral/SaradcSent, children=['ChannelId', 'GtmTriggerSelect'])
[DEBUG] DEBUG_XPATH: _parse_path('*[num:i($SaradcCheckindexIn + 1)]/GtmTriggerSelect') -> parts=['*[num:i($SaradcCheckindexIn + 1)]', 'GtmTriggerSelect']
[DEBUG] DEBUG_XPATH: Navigating segment '*' (axis=child) from 1 nodes
[DEBUG] DEBUG_XPATH:   Current context node: SaradcSent (type=container, path=/Mcu/GtmConfiguration/GtmConfiguration_0/GtmToPeripheral/GtmToPeripheral/SaradcSent, children=['ChannelId', 'GtmTriggerSelect'])
[DEBUG] DEBUG_XPATH: _parse_path('*[num:i($SaradcCheckindex + 1)]/GtmTriggerSelect') -> parts=['*[num:i($SaradcCheckindex + 1)]', 'GtmTriggerSelect']
[DEBUG] DEBUG_XPATH: Navigating segment '*' (axis=child) from 1 nodes
[DEBUG] DEBUG_XPATH:   Current context node: SaradcSent (type=container, path=/Mcu/GtmConfiguration/GtmConfiguration_0/GtmToPeripheral/GtmToPeripheral/SaradcSent, children=['ChannelId', 'GtmTriggerSelect'])
[DEBUG] DEBUG_XPATH: _parse_path('*[num:i($SaradcCheckindex + 1)]/GtmTriggerSelect') -> parts=['*[num:i($SaradcCheckindex + 1)]', 'GtmTriggerSelect']
[DEBUG] DEBUG_XPATH: Navigating segment '*' (axis=child) from 1 nodes
[DEBUG] DEBUG_XPATH:   Current context node: SaradcSent (type=container, path=/Mcu/GtmConfiguration/GtmConfiguration_0/GtmToPeripheral/GtmToPeripheral/SaradcSent, children=['ChannelId', 'GtmTriggerSelect'])
[DEBUG] DEBUG_XPATH: _parse_path('*[num:i($SaradcCheckindexIn + 1)]/ChannelId') -> parts=['*[num:i($SaradcCheckindexIn + 1)]', 'ChannelId']
[DEBUG] DEBUG_XPATH: Navigating segment '*' (axis=child) from 1 nodes
[DEBUG] DEBUG_XPATH:   Current context node: SaradcSent (type=container, path=/Mcu/GtmConfiguration/GtmConfiguration_0/GtmToPeripheral/GtmToPeripheral/SaradcSent, children=['ChannelId', 'GtmTriggerSelect'])
[DEBUG] DEBUG_XPATH: _parse_path('*[num:i($SaradcCheckindex + 1)]/ChannelId') -> parts=['*[num:i($SaradcCheckindex + 1)]', 'ChannelId']
[DEBUG] DEBUG_XPATH: Navigating segment '*' (axis=child) from 1 nodes
[DEBUG] DEBUG_XPATH:   Current context node: SaradcSent (type=container, path=/Mcu/GtmConfiguration/GtmConfiguration_0/GtmToPeripheral/GtmToPeripheral/SaradcSent, children=['ChannelId', 'GtmTriggerSelect'])
[DEBUG] DEBUG: Evaluating condition: $ChidIn = $ChidOut
[DEBUG] DEBUG: Comparison [$ChidIn = $ChidOut] => [None = None] Result: True
[DEBUG] DEBUG: Evaluating condition: $triggIn = $triggOut
[DEBUG] DEBUG: Comparison [$triggIn = $triggOut] => [both empty ''] Result: False
[DEBUG] DEBUG_XPATH: _parse_path('*[num:i($SaradcCheckindexIn + 1)]/GtmTriggerSelect') -> parts=['*[num:i($SaradcCheckindexIn + 1)]', 'GtmTriggerSelect']
[DEBUG] DEBUG_XPATH: Navigating segment '*' (axis=child) from 1 nodes
[DEBUG] DEBUG_XPATH:   Current context node: SaradcSent (type=container, path=/Mcu/GtmConfiguration/GtmConfiguration_0/GtmToPeripheral/GtmToPeripheral/SaradcSent, children=['ChannelId', 'GtmTriggerSelect'])
[DEBUG] DEBUG_XPATH: _parse_path('*[num:i($SaradcCheckindexIn + 1)]/GtmTriggerSelect') -> parts=['*[num:i($SaradcCheckindexIn + 1)]', 'GtmTriggerSelect']
[DEBUG] DEBUG_XPATH: Navigating segment '*' (axis=child) from 1 nodes
[DEBUG] DEBUG_XPATH:   Current context node: SaradcSent (type=container, path=/Mcu/GtmConfiguration/GtmConfiguration_0/GtmToPeripheral/GtmToPeripheral/SaradcSent, children=['ChannelId', 'GtmTriggerSelect'])
[DEBUG] DEBUG_XPATH: _parse_path('*[num:i($SaradcCheckindex + 1)]/GtmTriggerSelect') -> parts=['*[num:i($SaradcCheckindex + 1)]', 'GtmTriggerSelect']
[DEBUG] DEBUG_XPATH: Navigating segment '*' (axis=child) from 1 nodes
[DEBUG] DEBUG_XPATH:   Current context node: SaradcSent (type=container, path=/Mcu/GtmConfiguration/GtmConfiguration_0/GtmToPeripheral/GtmToPeripheral/SaradcSent, children=['ChannelId', 'GtmTriggerSelect'])
[DEBUG] DEBUG_XPATH: _parse_path('*[num:i($SaradcCheckindex + 1)]/GtmTriggerSelect') -> parts=['*[num:i($SaradcCheckindex + 1)]', 'GtmTriggerSelect']
[DEBUG] DEBUG_XPATH: Navigating segment '*' (axis=child) from 1 nodes
[DEBUG] DEBUG_XPATH:   Current context node: SaradcSent (type=container, path=/Mcu/GtmConfiguration/GtmConfiguration_0/GtmToPeripheral/GtmToPeripheral/SaradcSent, children=['ChannelId', 'GtmTriggerSelect'])
[DEBUG] DEBUG_XPATH: _parse_path('*[num:i($SaradcCheckindexIn + 1)]/ChannelId') -> parts=['*[num:i($SaradcCheckindexIn + 1)]', 'ChannelId']
[DEBUG] DEBUG_XPATH: Navigating segment '*' (axis=child) from 1 nodes
[DEBUG] DEBUG_XPATH:   Current context node: SaradcSent (type=container, path=/Mcu/GtmConfiguration/GtmConfiguration_0/GtmToPeripheral/GtmToPeripheral/SaradcSent, children=['ChannelId', 'GtmTriggerSelect'])
[DEBUG] DEBUG_XPATH: _parse_path('*[num:i($SaradcCheckindex + 1)]/ChannelId') -> parts=['*[num:i($SaradcCheckindex + 1)]', 'ChannelId']
[DEBUG] DEBUG_XPATH: Navigating segment '*' (axis=child) from 1 nodes
[DEBUG] DEBUG_XPATH:   Current context node: SaradcSent (type=container, path=/Mcu/GtmConfiguration/GtmConfiguration_0/GtmToPeripheral/GtmToPeripheral/SaradcSent, children=['ChannelId', 'GtmTriggerSelect'])
[DEBUG] DEBUG: Evaluating condition: $ChidIn = $ChidOut
[DEBUG] DEBUG: Comparison [$ChidIn = $ChidOut] => [None = None] Result: True
[DEBUG] DEBUG: Evaluating condition: $triggIn = $triggOut
[DEBUG] DEBUG: Comparison [$triggIn = $triggOut] => [both empty ''] Result: False
[DEBUG] DEBUG_XPATH: _parse_path('*[num:i($SaradcCheckindexIn + 1)]/GtmTriggerSelect') -> parts=['*[num:i($SaradcCheckindexIn + 1)]', 'GtmTriggerSelect']
[DEBUG] DEBUG_XPATH: Navigating segment '*' (axis=child) from 1 nodes
[DEBUG] DEBUG_XPATH:   Current context node: SaradcSent (type=container, path=/Mcu/GtmConfiguration/GtmConfiguration_0/GtmToPeripheral/GtmToPeripheral/SaradcSent, children=['ChannelId', 'GtmTriggerSelect'])
[DEBUG] DEBUG_XPATH: _parse_path('*[num:i($SaradcCheckindexIn + 1)]/GtmTriggerSelect') -> parts=['*[num:i($SaradcCheckindexIn + 1)]', 'GtmTriggerSelect']
[DEBUG] DEBUG_XPATH: Navigating segment '*' (axis=child) from 1 nodes
[DEBUG] DEBUG_XPATH:   Current context node: SaradcSent (type=container, path=/Mcu/GtmConfiguration/GtmConfiguration_0/GtmToPeripheral/GtmToPeripheral/SaradcSent, children=['ChannelId', 'GtmTriggerSelect'])
[DEBUG] DEBUG_XPATH: _parse_path('*[num:i($SaradcCheckindex + 1)]/GtmTriggerSelect') -> parts=['*[num:i($SaradcCheckindex + 1)]', 'GtmTriggerSelect']
[DEBUG] DEBUG_XPATH: Navigating segment '*' (axis=child) from 1 nodes
[DEBUG] DEBUG_XPATH:   Current context node: SaradcSent (type=container, path=/Mcu/GtmConfiguration/GtmConfiguration_0/GtmToPeripheral/GtmToPeripheral/SaradcSent, children=['ChannelId', 'GtmTriggerSelect'])
[DEBUG] DEBUG_XPATH: _parse_path('*[num:i($SaradcCheckindex + 1)]/GtmTriggerSelect') -> parts=['*[num:i($SaradcCheckindex + 1)]', 'GtmTriggerSelect']
[DEBUG] DEBUG_XPATH: Navigating segment '*' (axis=child) from 1 nodes
[DEBUG] DEBUG_XPATH:   Current context node: SaradcSent (type=container, path=/Mcu/GtmConfiguration/GtmConfiguration_0/GtmToPeripheral/GtmToPeripheral/SaradcSent, children=['ChannelId', 'GtmTriggerSelect'])
[DEBUG] DEBUG_XPATH: _parse_path('*[num:i($SaradcCheckindexIn + 1)]/ChannelId') -> parts=['*[num:i($SaradcCheckindexIn + 1)]', 'ChannelId']
[DEBUG] DEBUG_XPATH: Navigating segment '*' (axis=child) from 1 nodes
[DEBUG] DEBUG_XPATH:   Current context node: SaradcSent (type=container, path=/Mcu/GtmConfiguration/GtmConfiguration_0/GtmToPeripheral/GtmToPeripheral/SaradcSent, children=['ChannelId', 'GtmTriggerSelect'])
[DEBUG] DEBUG_XPATH: _parse_path('*[num:i($SaradcCheckindex + 1)]/ChannelId') -> parts=['*[num:i($SaradcCheckindex + 1)]', 'ChannelId']
[DEBUG] DEBUG_XPATH: Navigating segment '*' (axis=child) from 1 nodes
[DEBUG] DEBUG_XPATH:   Current context node: SaradcSent (type=container, path=/Mcu/GtmConfiguration/GtmConfiguration_0/GtmToPeripheral/GtmToPeripheral/SaradcSent, children=['ChannelId', 'GtmTriggerSelect'])
[DEBUG] DEBUG: Evaluating condition: $ChidIn = $ChidOut
[DEBUG] DEBUG: Comparison [$ChidIn = $ChidOut] => [None = None] Result: True
[DEBUG] DEBUG: Evaluating condition: $triggIn = $triggOut
[DEBUG] DEBUG: Comparison [$triggIn = $triggOut] => [both empty ''] Result: False
[DEBUG] DEBUG_XPATH: _parse_path('*[num:i($SaradcCheckindexIn + 1)]/GtmTriggerSelect') -> parts=['*[num:i($SaradcCheckindexIn + 1)]', 'GtmTriggerSelect']
[DEBUG] DEBUG_XPATH: Navigating segment '*' (axis=child) from 1 nodes
[DEBUG] DEBUG_XPATH:   Current context node: SaradcSent (type=container, path=/Mcu/GtmConfiguration/GtmConfiguration_0/GtmToPeripheral/GtmToPeripheral/SaradcSent, children=['ChannelId', 'GtmTriggerSelect'])
[DEBUG] DEBUG_XPATH: _parse_path('*[num:i($SaradcCheckindexIn + 1)]/GtmTriggerSelect') -> parts=['*[num:i($SaradcCheckindexIn + 1)]', 'GtmTriggerSelect']
[DEBUG] DEBUG_XPATH: Navigating segment '*' (axis=child) from 1 nodes
[DEBUG] DEBUG_XPATH:   Current context node: SaradcSent (type=container, path=/Mcu/GtmConfiguration/GtmConfiguration_0/GtmToPeripheral/GtmToPeripheral/SaradcSent, children=['ChannelId', 'GtmTriggerSelect'])
[DEBUG] DEBUG_XPATH: _parse_path('*[num:i($SaradcCheckindex + 1)]/GtmTriggerSelect') -> parts=['*[num:i($SaradcCheckindex + 1)]', 'GtmTriggerSelect']
[DEBUG] DEBUG_XPATH: Navigating segment '*' (axis=child) from 1 nodes
[DEBUG] DEBUG_XPATH:   Current context node: SaradcSent (type=container, path=/Mcu/GtmConfiguration/GtmConfiguration_0/GtmToPeripheral/GtmToPeripheral/SaradcSent, children=['ChannelId', 'GtmTriggerSelect'])
[DEBUG] DEBUG_XPATH: _parse_path('*[num:i($SaradcCheckindex + 1)]/GtmTriggerSelect') -> parts=['*[num:i($SaradcCheckindex + 1)]', 'GtmTriggerSelect']
[DEBUG] DEBUG_XPATH: Navigating segment '*' (axis=child) from 1 nodes
[DEBUG] DEBUG_XPATH:   Current context node: SaradcSent (type=container, path=/Mcu/GtmConfiguration/GtmConfiguration_0/GtmToPeripheral/GtmToPeripheral/SaradcSent, children=['ChannelId', 'GtmTriggerSelect'])
[DEBUG] DEBUG_XPATH: _parse_path('*[num:i($SaradcCheckindexIn + 1)]/ChannelId') -> parts=['*[num:i($SaradcCheckindexIn + 1)]', 'ChannelId']
[DEBUG] DEBUG_XPATH: Navigating segment '*' (axis=child) from 1 nodes
[DEBUG] DEBUG_XPATH:   Current context node: SaradcSent (type=container, path=/Mcu/GtmConfiguration/GtmConfiguration_0/GtmToPeripheral/GtmToPeripheral/SaradcSent, children=['ChannelId', 'GtmTriggerSelect'])
[DEBUG] DEBUG_XPATH: _parse_path('*[num:i($SaradcCheckindex + 1)]/ChannelId') -> parts=['*[num:i($SaradcCheckindex + 1)]', 'ChannelId']
[DEBUG] DEBUG_XPATH: Navigating segment '*' (axis=child) from 1 nodes
[DEBUG] DEBUG_XPATH:   Current context node: SaradcSent (type=container, path=/Mcu/GtmConfiguration/GtmConfiguration_0/GtmToPeripheral/GtmToPeripheral/SaradcSent, children=['ChannelId', 'GtmTriggerSelect'])
[DEBUG] DEBUG: Evaluating condition: $ChidIn = $ChidOut
[DEBUG] DEBUG: Comparison [$ChidIn = $ChidOut] => [None = None] Result: True
[DEBUG] DEBUG: Evaluating condition: $triggIn = $triggOut
[DEBUG] DEBUG: Comparison [$triggIn = $triggOut] => [both empty ''] Result: False
[DEBUG] DEBUG_XPATH: _parse_path('*[num:i($SaradcCheckindexIn + 1)]/GtmTriggerSelect') -> parts=['*[num:i($SaradcCheckindexIn + 1)]', 'GtmTriggerSelect']
[DEBUG] DEBUG_XPATH: Navigating segment '*' (axis=child) from 1 nodes
[DEBUG] DEBUG_XPATH:   Current context node: SaradcSent (type=container, path=/Mcu/GtmConfiguration/GtmConfiguration_0/GtmToPeripheral/GtmToPeripheral/SaradcSent, children=['ChannelId', 'GtmTriggerSelect'])
[DEBUG] DEBUG_XPATH: _parse_path('*[num:i($SaradcCheckindexIn + 1)]/GtmTriggerSelect') -> parts=['*[num:i($SaradcCheckindexIn + 1)]', 'GtmTriggerSelect']
[DEBUG] DEBUG_XPATH: Navigating segment '*' (axis=child) from 1 nodes
[DEBUG] DEBUG_XPATH:   Current context node: SaradcSent (type=container, path=/Mcu/GtmConfiguration/GtmConfiguration_0/GtmToPeripheral/GtmToPeripheral/SaradcSent, children=['ChannelId', 'GtmTriggerSelect'])
[DEBUG] DEBUG_XPATH: _parse_path('*[num:i($SaradcCheckindex + 1)]/GtmTriggerSelect') -> parts=['*[num:i($SaradcCheckindex + 1)]', 'GtmTriggerSelect']
[DEBUG] DEBUG_XPATH: Navigating segment '*' (axis=child) from 1 nodes
[DEBUG] DEBUG_XPATH:   Current context node: SaradcSent (type=container, path=/Mcu/GtmConfiguration/GtmConfiguration_0/GtmToPeripheral/GtmToPeripheral/SaradcSent, children=['ChannelId', 'GtmTriggerSelect'])
[DEBUG] DEBUG_XPATH: _parse_path('*[num:i($SaradcCheckindex + 1)]/GtmTriggerSelect') -> parts=['*[num:i($SaradcCheckindex + 1)]', 'GtmTriggerSelect']
[DEBUG] DEBUG_XPATH: Navigating segment '*' (axis=child) from 1 nodes
[DEBUG] DEBUG_XPATH:   Current context node: SaradcSent (type=container, path=/Mcu/GtmConfiguration/GtmConfiguration_0/GtmToPeripheral/GtmToPeripheral/SaradcSent, children=['ChannelId', 'GtmTriggerSelect'])
[DEBUG] DEBUG_XPATH: _parse_path('*[num:i($SaradcCheckindexIn + 1)]/ChannelId') -> parts=['*[num:i($SaradcCheckindexIn + 1)]', 'ChannelId']
[DEBUG] DEBUG_XPATH: Navigating segment '*' (axis=child) from 1 nodes
[DEBUG] DEBUG_XPATH:   Current context node: SaradcSent (type=container, path=/Mcu/GtmConfiguration/GtmConfiguration_0/GtmToPeripheral/GtmToPeripheral/SaradcSent, children=['ChannelId', 'GtmTriggerSelect'])
[DEBUG] DEBUG_XPATH: _parse_path('*[num:i($SaradcCheckindex + 1)]/ChannelId') -> parts=['*[num:i($SaradcCheckindex + 1)]', 'ChannelId']
[DEBUG] DEBUG_XPATH: Navigating segment '*' (axis=child) from 1 nodes
[DEBUG] DEBUG_XPATH:   Current context node: SaradcSent (type=container, path=/Mcu/GtmConfiguration/GtmConfiguration_0/GtmToPeripheral/GtmToPeripheral/SaradcSent, children=['ChannelId', 'GtmTriggerSelect'])
[DEBUG] DEBUG: Evaluating condition: $ChidIn = $ChidOut
[DEBUG] DEBUG: Comparison [$ChidIn = $ChidOut] => [None = None] Result: True
[DEBUG] DEBUG: Evaluating condition: $triggIn = $triggOut
[DEBUG] DEBUG: Comparison [$triggIn = $triggOut] => [both empty ''] Result: False
[DEBUG] DEBUG_XPATH: _parse_path('*[num:i($SaradcCheckindexIn + 1)]/GtmTriggerSelect') -> parts=['*[num:i($SaradcCheckindexIn + 1)]', 'GtmTriggerSelect']
[DEBUG] DEBUG_XPATH: Navigating segment '*' (axis=child) from 1 nodes
[DEBUG] DEBUG_XPATH:   Current context node: SaradcSent (type=container, path=/Mcu/GtmConfiguration/GtmConfiguration_0/GtmToPeripheral/GtmToPeripheral/SaradcSent, children=['ChannelId', 'GtmTriggerSelect'])
[DEBUG] DEBUG_XPATH: _parse_path('*[num:i($SaradcCheckindexIn + 1)]/GtmTriggerSelect') -> parts=['*[num:i($SaradcCheckindexIn + 1)]', 'GtmTriggerSelect']
[DEBUG] DEBUG_XPATH: Navigating segment '*' (axis=child) from 1 nodes
[DEBUG] DEBUG_XPATH:   Current context node: SaradcSent (type=container, path=/Mcu/GtmConfiguration/GtmConfiguration_0/GtmToPeripheral/GtmToPeripheral/SaradcSent, children=['ChannelId', 'GtmTriggerSelect'])
[DEBUG] DEBUG_XPATH: _parse_path('*[num:i($SaradcCheckindex + 1)]/GtmTriggerSelect') -> parts=['*[num:i($SaradcCheckindex + 1)]', 'GtmTriggerSelect']
[DEBUG] DEBUG_XPATH: Navigating segment '*' (axis=child) from 1 nodes
[DEBUG] DEBUG_XPATH:   Current context node: SaradcSent (type=container, path=/Mcu/GtmConfiguration/GtmConfiguration_0/GtmToPeripheral/GtmToPeripheral/SaradcSent, children=['ChannelId', 'GtmTriggerSelect'])
[DEBUG] DEBUG_XPATH: _parse_path('*[num:i($SaradcCheckindex + 1)]/GtmTriggerSelect') -> parts=['*[num:i($SaradcCheckindex + 1)]', 'GtmTriggerSelect']
[DEBUG] DEBUG_XPATH: Navigating segment '*' (axis=child) from 1 nodes
[DEBUG] DEBUG_XPATH:   Current context node: SaradcSent (type=container, path=/Mcu/GtmConfiguration/GtmConfiguration_0/GtmToPeripheral/GtmToPeripheral/SaradcSent, children=['ChannelId', 'GtmTriggerSelect'])
[DEBUG] DEBUG_XPATH: _parse_path('*[num:i($SaradcCheckindexIn + 1)]/ChannelId') -> parts=['*[num:i($SaradcCheckindexIn + 1)]', 'ChannelId']
[DEBUG] DEBUG_XPATH: Navigating segment '*' (axis=child) from 1 nodes
[DEBUG] DEBUG_XPATH:   Current context node: SaradcSent (type=container, path=/Mcu/GtmConfiguration/GtmConfiguration_0/GtmToPeripheral/GtmToPeripheral/SaradcSent, children=['ChannelId', 'GtmTriggerSelect'])
[DEBUG] DEBUG_XPATH: _parse_path('*[num:i($SaradcCheckindex + 1)]/ChannelId') -> parts=['*[num:i($SaradcCheckindex + 1)]', 'ChannelId']
[DEBUG] DEBUG_XPATH: Navigating segment '*' (axis=child) from 1 nodes
[DEBUG] DEBUG_XPATH:   Current context node: SaradcSent (type=container, path=/Mcu/GtmConfiguration/GtmConfiguration_0/GtmToPeripheral/GtmToPeripheral/SaradcSent, children=['ChannelId', 'GtmTriggerSelect'])
[DEBUG] DEBUG: Evaluating condition: $ChidIn = $ChidOut
[DEBUG] DEBUG: Comparison [$ChidIn = $ChidOut] => [None = None] Result: True
[DEBUG] DEBUG: Evaluating condition: $triggIn = $triggOut
[DEBUG] DEBUG: Comparison [$triggIn = $triggOut] => [both empty ''] Result: False
[DEBUG] DEBUG_XPATH: _parse_path('*[num:i($SaradcCheckindexIn + 1)]/GtmTriggerSelect') -> parts=['*[num:i($SaradcCheckindexIn + 1)]', 'GtmTriggerSelect']
[DEBUG] DEBUG_XPATH: Navigating segment '*' (axis=child) from 1 nodes
[DEBUG] DEBUG_XPATH:   Current context node: SaradcSent (type=container, path=/Mcu/GtmConfiguration/GtmConfiguration_0/GtmToPeripheral/GtmToPeripheral/SaradcSent, children=['ChannelId', 'GtmTriggerSelect'])
[DEBUG] DEBUG_XPATH: _parse_path('*[num:i($SaradcCheckindexIn + 1)]/GtmTriggerSelect') -> parts=['*[num:i($SaradcCheckindexIn + 1)]', 'GtmTriggerSelect']
[DEBUG] DEBUG_XPATH: Navigating segment '*' (axis=child) from 1 nodes
[DEBUG] DEBUG_XPATH:   Current context node: SaradcSent (type=container, path=/Mcu/GtmConfiguration/GtmConfiguration_0/GtmToPeripheral/GtmToPeripheral/SaradcSent, children=['ChannelId', 'GtmTriggerSelect'])
[DEBUG] DEBUG_XPATH: _parse_path('*[num:i($SaradcCheckindex + 1)]/GtmTriggerSelect') -> parts=['*[num:i($SaradcCheckindex + 1)]', 'GtmTriggerSelect']
[DEBUG] DEBUG_XPATH: Navigating segment '*' (axis=child) from 1 nodes
[DEBUG] DEBUG_XPATH:   Current context node: SaradcSent (type=container, path=/Mcu/GtmConfiguration/GtmConfiguration_0/GtmToPeripheral/GtmToPeripheral/SaradcSent, children=['ChannelId', 'GtmTriggerSelect'])
[DEBUG] DEBUG_XPATH: _parse_path('*[num:i($SaradcCheckindex + 1)]/GtmTriggerSelect') -> parts=['*[num:i($SaradcCheckindex + 1)]', 'GtmTriggerSelect']
[DEBUG] DEBUG_XPATH: Navigating segment '*' (axis=child) from 1 nodes
[DEBUG] DEBUG_XPATH:   Current context node: SaradcSent (type=container, path=/Mcu/GtmConfiguration/GtmConfiguration_0/GtmToPeripheral/GtmToPeripheral/SaradcSent, children=['ChannelId', 'GtmTriggerSelect'])
[DEBUG] DEBUG_XPATH: _parse_path('*[num:i($SaradcCheckindexIn + 1)]/ChannelId') -> parts=['*[num:i($SaradcCheckindexIn + 1)]', 'ChannelId']
[DEBUG] DEBUG_XPATH: Navigating segment '*' (axis=child) from 1 nodes
[DEBUG] DEBUG_XPATH:   Current context node: SaradcSent (type=container, path=/Mcu/GtmConfiguration/GtmConfiguration_0/GtmToPeripheral/GtmToPeripheral/SaradcSent, children=['ChannelId', 'GtmTriggerSelect'])
[DEBUG] DEBUG_XPATH: _parse_path('*[num:i($SaradcCheckindex + 1)]/ChannelId') -> parts=['*[num:i($SaradcCheckindex + 1)]', 'ChannelId']
[DEBUG] DEBUG_XPATH: Navigating segment '*' (axis=child) from 1 nodes
[DEBUG] DEBUG_XPATH:   Current context node: SaradcSent (type=container, path=/Mcu/GtmConfiguration/GtmConfiguration_0/GtmToPeripheral/GtmToPeripheral/SaradcSent, children=['ChannelId', 'GtmTriggerSelect'])
[DEBUG] DEBUG: Evaluating condition: $ChidIn = $ChidOut
[DEBUG] DEBUG: Comparison [$ChidIn = $ChidOut] => [None = None] Result: True
[DEBUG] DEBUG: Evaluating condition: $triggIn = $triggOut
[DEBUG] DEBUG: Comparison [$triggIn = $triggOut] => [both empty ''] Result: False
[DEBUG] DEBUG_XPATH: _parse_path('*[num:i($SaradcCheckindexIn + 1)]/GtmTriggerSelect') -> parts=['*[num:i($SaradcCheckindexIn + 1)]', 'GtmTriggerSelect']
[DEBUG] DEBUG_XPATH: Navigating segment '*' (axis=child) from 1 nodes
[DEBUG] DEBUG_XPATH:   Current context node: SaradcSent (type=container, path=/Mcu/GtmConfiguration/GtmConfiguration_0/GtmToPeripheral/GtmToPeripheral/SaradcSent, children=['ChannelId', 'GtmTriggerSelect'])
[DEBUG] DEBUG_XPATH: _parse_path('*[num:i($SaradcCheckindexIn + 1)]/GtmTriggerSelect') -> parts=['*[num:i($SaradcCheckindexIn + 1)]', 'GtmTriggerSelect']
[DEBUG] DEBUG_XPATH: Navigating segment '*' (axis=child) from 1 nodes
[DEBUG] DEBUG_XPATH:   Current context node: SaradcSent (type=container, path=/Mcu/GtmConfiguration/GtmConfiguration_0/GtmToPeripheral/GtmToPeripheral/SaradcSent, children=['ChannelId', 'GtmTriggerSelect'])
[DEBUG] DEBUG_XPATH: _parse_path('*[num:i($SaradcCheckindex + 1)]/GtmTriggerSelect') -> parts=['*[num:i($SaradcCheckindex + 1)]', 'GtmTriggerSelect']
[DEBUG] DEBUG_XPATH: Navigating segment '*' (axis=child) from 1 nodes
[DEBUG] DEBUG_XPATH:   Current context node: SaradcSent (type=container, path=/Mcu/GtmConfiguration/GtmConfiguration_0/GtmToPeripheral/GtmToPeripheral/SaradcSent, children=['ChannelId', 'GtmTriggerSelect'])
[DEBUG] DEBUG_XPATH: _parse_path('*[num:i($SaradcCheckindex + 1)]/GtmTriggerSelect') -> parts=['*[num:i($SaradcCheckindex + 1)]', 'GtmTriggerSelect']
[DEBUG] DEBUG_XPATH: Navigating segment '*' (axis=child) from 1 nodes
[DEBUG] DEBUG_XPATH:   Current context node: SaradcSent (type=container, path=/Mcu/GtmConfiguration/GtmConfiguration_0/GtmToPeripheral/GtmToPeripheral/SaradcSent, children=['ChannelId', 'GtmTriggerSelect'])
[DEBUG] DEBUG_XPATH: _parse_path('*[num:i($SaradcCheckindexIn + 1)]/ChannelId') -> parts=['*[num:i($SaradcCheckindexIn + 1)]', 'ChannelId']
[DEBUG] DEBUG_XPATH: Navigating segment '*' (axis=child) from 1 nodes
[DEBUG] DEBUG_XPATH:   Current context node: SaradcSent (type=container, path=/Mcu/GtmConfiguration/GtmConfiguration_0/GtmToPeripheral/GtmToPeripheral/SaradcSent, children=['ChannelId', 'GtmTriggerSelect'])
[DEBUG] DEBUG_XPATH: _parse_path('*[num:i($SaradcCheckindex + 1)]/ChannelId') -> parts=['*[num:i($SaradcCheckindex + 1)]', 'ChannelId']
[DEBUG] DEBUG_XPATH: Navigating segment '*' (axis=child) from 1 nodes
[DEBUG] DEBUG_XPATH:   Current context node: SaradcSent (type=container, path=/Mcu/GtmConfiguration/GtmConfiguration_0/GtmToPeripheral/GtmToPeripheral/SaradcSent, children=['ChannelId', 'GtmTriggerSelect'])
[DEBUG] DEBUG: Evaluating condition: $ChidIn = $ChidOut
[DEBUG] DEBUG: Comparison [$ChidIn = $ChidOut] => [None = None] Result: True
[DEBUG] DEBUG: Evaluating condition: $triggIn = $triggOut
[DEBUG] DEBUG: Comparison [$triggIn = $triggOut] => [both empty ''] Result: False
[DEBUG] DEBUG_XPATH: _parse_path('*[num:i($SaradcCheckindexIn + 1)]/GtmTriggerSelect') -> parts=['*[num:i($SaradcCheckindexIn + 1)]', 'GtmTriggerSelect']
[DEBUG] DEBUG_XPATH: Navigating segment '*' (axis=child) from 1 nodes
[DEBUG] DEBUG_XPATH:   Current context node: SaradcSent (type=container, path=/Mcu/GtmConfiguration/GtmConfiguration_0/GtmToPeripheral/GtmToPeripheral/SaradcSent, children=['ChannelId', 'GtmTriggerSelect'])
[DEBUG] DEBUG_XPATH: _parse_path('*[num:i($SaradcCheckindexIn + 1)]/GtmTriggerSelect') -> parts=['*[num:i($SaradcCheckindexIn + 1)]', 'GtmTriggerSelect']
[DEBUG] DEBUG_XPATH: Navigating segment '*' (axis=child) from 1 nodes
[DEBUG] DEBUG_XPATH:   Current context node: SaradcSent (type=container, path=/Mcu/GtmConfiguration/GtmConfiguration_0/GtmToPeripheral/GtmToPeripheral/SaradcSent, children=['ChannelId', 'GtmTriggerSelect'])
[DEBUG] DEBUG_XPATH: _parse_path('*[num:i($SaradcCheckindex + 1)]/GtmTriggerSelect') -> parts=['*[num:i($SaradcCheckindex + 1)]', 'GtmTriggerSelect']
[DEBUG] DEBUG_XPATH: Navigating segment '*' (axis=child) from 1 nodes
[DEBUG] DEBUG_XPATH:   Current context node: SaradcSent (type=container, path=/Mcu/GtmConfiguration/GtmConfiguration_0/GtmToPeripheral/GtmToPeripheral/SaradcSent, children=['ChannelId', 'GtmTriggerSelect'])
[DEBUG] DEBUG_XPATH: _parse_path('*[num:i($SaradcCheckindex + 1)]/GtmTriggerSelect') -> parts=['*[num:i($SaradcCheckindex + 1)]', 'GtmTriggerSelect']
[DEBUG] DEBUG_XPATH: Navigating segment '*' (axis=child) from 1 nodes
[DEBUG] DEBUG_XPATH:   Current context node: SaradcSent (type=container, path=/Mcu/GtmConfiguration/GtmConfiguration_0/GtmToPeripheral/GtmToPeripheral/SaradcSent, children=['ChannelId', 'GtmTriggerSelect'])
[DEBUG] DEBUG_XPATH: _parse_path('*[num:i($SaradcCheckindexIn + 1)]/ChannelId') -> parts=['*[num:i($SaradcCheckindexIn + 1)]', 'ChannelId']
[DEBUG] DEBUG_XPATH: Navigating segment '*' (axis=child) from 1 nodes
[DEBUG] DEBUG_XPATH:   Current context node: SaradcSent (type=container, path=/Mcu/GtmConfiguration/GtmConfiguration_0/GtmToPeripheral/GtmToPeripheral/SaradcSent, children=['ChannelId', 'GtmTriggerSelect'])
[DEBUG] DEBUG_XPATH: _parse_path('*[num:i($SaradcCheckindex + 1)]/ChannelId') -> parts=['*[num:i($SaradcCheckindex + 1)]', 'ChannelId']
[DEBUG] DEBUG_XPATH: Navigating segment '*' (axis=child) from 1 nodes
[DEBUG] DEBUG_XPATH:   Current context node: SaradcSent (type=container, path=/Mcu/GtmConfiguration/GtmConfiguration_0/GtmToPeripheral/GtmToPeripheral/SaradcSent, children=['ChannelId', 'GtmTriggerSelect'])
[DEBUG] DEBUG: Evaluating condition: $ChidIn = $ChidOut
[DEBUG] DEBUG: Comparison [$ChidIn = $ChidOut] => [None = None] Result: True
[DEBUG] DEBUG: Evaluating condition: $triggIn = $triggOut
[DEBUG] DEBUG: Comparison [$triggIn = $triggOut] => [both empty ''] Result: False
[DEBUG] DEBUG_XPATH: _parse_path('*[num:i($SaradcCheckindexIn + 1)]/GtmTriggerSelect') -> parts=['*[num:i($SaradcCheckindexIn + 1)]', 'GtmTriggerSelect']
[DEBUG] DEBUG_XPATH: Navigating segment '*' (axis=child) from 1 nodes
[DEBUG] DEBUG_XPATH:   Current context node: SaradcSent (type=container, path=/Mcu/GtmConfiguration/GtmConfiguration_0/GtmToPeripheral/GtmToPeripheral/SaradcSent, children=['ChannelId', 'GtmTriggerSelect'])
[DEBUG] DEBUG_XPATH: _parse_path('*[num:i($SaradcCheckindexIn + 1)]/GtmTriggerSelect') -> parts=['*[num:i($SaradcCheckindexIn + 1)]', 'GtmTriggerSelect']
[DEBUG] DEBUG_XPATH: Navigating segment '*' (axis=child) from 1 nodes
[DEBUG] DEBUG_XPATH:   Current context node: SaradcSent (type=container, path=/Mcu/GtmConfiguration/GtmConfiguration_0/GtmToPeripheral/GtmToPeripheral/SaradcSent, children=['ChannelId', 'GtmTriggerSelect'])
[DEBUG] DEBUG_XPATH: _parse_path('*[num:i($SaradcCheckindex + 1)]/GtmTriggerSelect') -> parts=['*[num:i($SaradcCheckindex + 1)]', 'GtmTriggerSelect']
[DEBUG] DEBUG_XPATH: Navigating segment '*' (axis=child) from 1 nodes
[DEBUG] DEBUG_XPATH:   Current context node: SaradcSent (type=container, path=/Mcu/GtmConfiguration/GtmConfiguration_0/GtmToPeripheral/GtmToPeripheral/SaradcSent, children=['ChannelId', 'GtmTriggerSelect'])
[DEBUG] DEBUG_XPATH: _parse_path('*[num:i($SaradcCheckindex + 1)]/GtmTriggerSelect') -> parts=['*[num:i($SaradcCheckindex + 1)]', 'GtmTriggerSelect']
[DEBUG] DEBUG_XPATH: Navigating segment '*' (axis=child) from 1 nodes
[DEBUG] DEBUG_XPATH:   Current context node: SaradcSent (type=container, path=/Mcu/GtmConfiguration/GtmConfiguration_0/GtmToPeripheral/GtmToPeripheral/SaradcSent, children=['ChannelId', 'GtmTriggerSelect'])
[DEBUG] DEBUG_XPATH: _parse_path('*[num:i($SaradcCheckindexIn + 1)]/ChannelId') -> parts=['*[num:i($SaradcCheckindexIn + 1)]', 'ChannelId']
[DEBUG] DEBUG_XPATH: Navigating segment '*' (axis=child) from 1 nodes
[DEBUG] DEBUG_XPATH:   Current context node: SaradcSent (type=container, path=/Mcu/GtmConfiguration/GtmConfiguration_0/GtmToPeripheral/GtmToPeripheral/SaradcSent, children=['ChannelId', 'GtmTriggerSelect'])
[DEBUG] DEBUG_XPATH: _parse_path('*[num:i($SaradcCheckindex + 1)]/ChannelId') -> parts=['*[num:i($SaradcCheckindex + 1)]', 'ChannelId']
[DEBUG] DEBUG_XPATH: Navigating segment '*' (axis=child) from 1 nodes
[DEBUG] DEBUG_XPATH:   Current context node: SaradcSent (type=container, path=/Mcu/GtmConfiguration/GtmConfiguration_0/GtmToPeripheral/GtmToPeripheral/SaradcSent, children=['ChannelId', 'GtmTriggerSelect'])
[DEBUG] DEBUG: Evaluating condition: $ChidIn = $ChidOut
[DEBUG] DEBUG: Comparison [$ChidIn = $ChidOut] => [None = None] Result: True
[DEBUG] DEBUG: Evaluating condition: $triggIn = $triggOut
[DEBUG] DEBUG: Comparison [$triggIn = $triggOut] => [both empty ''] Result: False
[DEBUG] DEBUG_XPATH: _parse_path('*[num:i($SaradcCheckindexIn + 1)]/GtmTriggerSelect') -> parts=['*[num:i($SaradcCheckindexIn + 1)]', 'GtmTriggerSelect']
[DEBUG] DEBUG_XPATH: Navigating segment '*' (axis=child) from 1 nodes
[DEBUG] DEBUG_XPATH:   Current context node: SaradcSent (type=container, path=/Mcu/GtmConfiguration/GtmConfiguration_0/GtmToPeripheral/GtmToPeripheral/SaradcSent, children=['ChannelId', 'GtmTriggerSelect'])
[DEBUG] DEBUG_XPATH: _parse_path('*[num:i($SaradcCheckindexIn + 1)]/GtmTriggerSelect') -> parts=['*[num:i($SaradcCheckindexIn + 1)]', 'GtmTriggerSelect']
[DEBUG] DEBUG_XPATH: Navigating segment '*' (axis=child) from 1 nodes
[DEBUG] DEBUG_XPATH:   Current context node: SaradcSent (type=container, path=/Mcu/GtmConfiguration/GtmConfiguration_0/GtmToPeripheral/GtmToPeripheral/SaradcSent, children=['ChannelId', 'GtmTriggerSelect'])
[DEBUG] DEBUG_XPATH: _parse_path('*[num:i($SaradcCheckindex + 1)]/GtmTriggerSelect') -> parts=['*[num:i($SaradcCheckindex + 1)]', 'GtmTriggerSelect']
[DEBUG] DEBUG_XPATH: Navigating segment '*' (axis=child) from 1 nodes
[DEBUG] DEBUG_XPATH:   Current context node: SaradcSent (type=container, path=/Mcu/GtmConfiguration/GtmConfiguration_0/GtmToPeripheral/GtmToPeripheral/SaradcSent, children=['ChannelId', 'GtmTriggerSelect'])
[DEBUG] DEBUG_XPATH: _parse_path('*[num:i($SaradcCheckindex + 1)]/GtmTriggerSelect') -> parts=['*[num:i($SaradcCheckindex + 1)]', 'GtmTriggerSelect']
[DEBUG] DEBUG_XPATH: Navigating segment '*' (axis=child) from 1 nodes
[DEBUG] DEBUG_XPATH:   Current context node: SaradcSent (type=container, path=/Mcu/GtmConfiguration/GtmConfiguration_0/GtmToPeripheral/GtmToPeripheral/SaradcSent, children=['ChannelId', 'GtmTriggerSelect'])
[DEBUG] DEBUG_XPATH: _parse_path('*[num:i($SaradcCheckindexIn + 1)]/ChannelId') -> parts=['*[num:i($SaradcCheckindexIn + 1)]', 'ChannelId']
[DEBUG] DEBUG_XPATH: Navigating segment '*' (axis=child) from 1 nodes
[DEBUG] DEBUG_XPATH:   Current context node: SaradcSent (type=container, path=/Mcu/GtmConfiguration/GtmConfiguration_0/GtmToPeripheral/GtmToPeripheral/SaradcSent, children=['ChannelId', 'GtmTriggerSelect'])
[DEBUG] DEBUG_XPATH: _parse_path('*[num:i($SaradcCheckindex + 1)]/ChannelId') -> parts=['*[num:i($SaradcCheckindex + 1)]', 'ChannelId']
[DEBUG] DEBUG_XPATH: Navigating segment '*' (axis=child) from 1 nodes
[DEBUG] DEBUG_XPATH:   Current context node: SaradcSent (type=container, path=/Mcu/GtmConfiguration/GtmConfiguration_0/GtmToPeripheral/GtmToPeripheral/SaradcSent, children=['ChannelId', 'GtmTriggerSelect'])
[DEBUG] DEBUG: Evaluating condition: $ChidIn = $ChidOut
[DEBUG] DEBUG: Comparison [$ChidIn = $ChidOut] => [None = None] Result: True
[DEBUG] DEBUG: Evaluating condition: $triggIn = $triggOut
[DEBUG] DEBUG: Comparison [$triggIn = $triggOut] => [both empty ''] Result: False
[DEBUG] DEBUG_XPATH: _parse_path('*[num:i($SaradcCheckindexIn + 1)]/GtmTriggerSelect') -> parts=['*[num:i($SaradcCheckindexIn + 1)]', 'GtmTriggerSelect']
[DEBUG] DEBUG_XPATH: Navigating segment '*' (axis=child) from 1 nodes
[DEBUG] DEBUG_XPATH:   Current context node: SaradcSent (type=container, path=/Mcu/GtmConfiguration/GtmConfiguration_0/GtmToPeripheral/GtmToPeripheral/SaradcSent, children=['ChannelId', 'GtmTriggerSelect'])
[DEBUG] DEBUG_XPATH: _parse_path('*[num:i($SaradcCheckindexIn + 1)]/GtmTriggerSelect') -> parts=['*[num:i($SaradcCheckindexIn + 1)]', 'GtmTriggerSelect']
[DEBUG] DEBUG_XPATH: Navigating segment '*' (axis=child) from 1 nodes
[DEBUG] DEBUG_XPATH:   Current context node: SaradcSent (type=container, path=/Mcu/GtmConfiguration/GtmConfiguration_0/GtmToPeripheral/GtmToPeripheral/SaradcSent, children=['ChannelId', 'GtmTriggerSelect'])
[DEBUG] DEBUG_XPATH: _parse_path('*[num:i($SaradcCheckindex + 1)]/GtmTriggerSelect') -> parts=['*[num:i($SaradcCheckindex + 1)]', 'GtmTriggerSelect']
[DEBUG] DEBUG_XPATH: Navigating segment '*' (axis=child) from 1 nodes
[DEBUG] DEBUG_XPATH:   Current context node: SaradcSent (type=container, path=/Mcu/GtmConfiguration/GtmConfiguration_0/GtmToPeripheral/GtmToPeripheral/SaradcSent, children=['ChannelId', 'GtmTriggerSelect'])
[DEBUG] DEBUG_XPATH: _parse_path('*[num:i($SaradcCheckindex + 1)]/GtmTriggerSelect') -> parts=['*[num:i($SaradcCheckindex + 1)]', 'GtmTriggerSelect']
[DEBUG] DEBUG_XPATH: Navigating segment '*' (axis=child) from 1 nodes
[DEBUG] DEBUG_XPATH:   Current context node: SaradcSent (type=container, path=/Mcu/GtmConfiguration/GtmConfiguration_0/GtmToPeripheral/GtmToPeripheral/SaradcSent, children=['ChannelId', 'GtmTriggerSelect'])
[DEBUG] DEBUG_XPATH: _parse_path('*[num:i($SaradcCheckindexIn + 1)]/ChannelId') -> parts=['*[num:i($SaradcCheckindexIn + 1)]', 'ChannelId']
[DEBUG] DEBUG_XPATH: Navigating segment '*' (axis=child) from 1 nodes
[DEBUG] DEBUG_XPATH:   Current context node: SaradcSent (type=container, path=/Mcu/GtmConfiguration/GtmConfiguration_0/GtmToPeripheral/GtmToPeripheral/SaradcSent, children=['ChannelId', 'GtmTriggerSelect'])
[DEBUG] DEBUG_XPATH: _parse_path('*[num:i($SaradcCheckindex + 1)]/ChannelId') -> parts=['*[num:i($SaradcCheckindex + 1)]', 'ChannelId']
[DEBUG] DEBUG_XPATH: Navigating segment '*' (axis=child) from 1 nodes
[DEBUG] DEBUG_XPATH:   Current context node: SaradcSent (type=container, path=/Mcu/GtmConfiguration/GtmConfiguration_0/GtmToPeripheral/GtmToPeripheral/SaradcSent, children=['ChannelId', 'GtmTriggerSelect'])
[DEBUG] DEBUG: Evaluating condition: $ChidIn = $ChidOut
[DEBUG] DEBUG: Comparison [$ChidIn = $ChidOut] => [None = None] Result: True
[DEBUG] DEBUG: Evaluating condition: $triggIn = $triggOut
[DEBUG] DEBUG: Comparison [$triggIn = $triggOut] => [both empty ''] Result: False
[DEBUG] DEBUG_XPATH: _parse_path('*[num:i($SaradcCheckindexIn + 1)]/GtmTriggerSelect') -> parts=['*[num:i($SaradcCheckindexIn + 1)]', 'GtmTriggerSelect']
[DEBUG] DEBUG_XPATH: Navigating segment '*' (axis=child) from 1 nodes
[DEBUG] DEBUG_XPATH:   Current context node: SaradcSent (type=container, path=/Mcu/GtmConfiguration/GtmConfiguration_0/GtmToPeripheral/GtmToPeripheral/SaradcSent, children=['ChannelId', 'GtmTriggerSelect'])
[DEBUG] DEBUG_XPATH: _parse_path('*[num:i($SaradcCheckindexIn + 1)]/GtmTriggerSelect') -> parts=['*[num:i($SaradcCheckindexIn + 1)]', 'GtmTriggerSelect']
[DEBUG] DEBUG_XPATH: Navigating segment '*' (axis=child) from 1 nodes
[DEBUG] DEBUG_XPATH:   Current context node: SaradcSent (type=container, path=/Mcu/GtmConfiguration/GtmConfiguration_0/GtmToPeripheral/GtmToPeripheral/SaradcSent, children=['ChannelId', 'GtmTriggerSelect'])
[DEBUG] DEBUG_XPATH: _parse_path('*[num:i($SaradcCheckindex + 1)]/GtmTriggerSelect') -> parts=['*[num:i($SaradcCheckindex + 1)]', 'GtmTriggerSelect']
[DEBUG] DEBUG_XPATH: Navigating segment '*' (axis=child) from 1 nodes
[DEBUG] DEBUG_XPATH:   Current context node: SaradcSent (type=container, path=/Mcu/GtmConfiguration/GtmConfiguration_0/GtmToPeripheral/GtmToPeripheral/SaradcSent, children=['ChannelId', 'GtmTriggerSelect'])
[DEBUG] DEBUG_XPATH: _parse_path('*[num:i($SaradcCheckindex + 1)]/GtmTriggerSelect') -> parts=['*[num:i($SaradcCheckindex + 1)]', 'GtmTriggerSelect']
[DEBUG] DEBUG_XPATH: Navigating segment '*' (axis=child) from 1 nodes
[DEBUG] DEBUG_XPATH:   Current context node: SaradcSent (type=container, path=/Mcu/GtmConfiguration/GtmConfiguration_0/GtmToPeripheral/GtmToPeripheral/SaradcSent, children=['ChannelId', 'GtmTriggerSelect'])
[DEBUG] DEBUG_XPATH: _parse_path('*[num:i($SaradcCheckindexIn + 1)]/ChannelId') -> parts=['*[num:i($SaradcCheckindexIn + 1)]', 'ChannelId']
[DEBUG] DEBUG_XPATH: Navigating segment '*' (axis=child) from 1 nodes
[DEBUG] DEBUG_XPATH:   Current context node: SaradcSent (type=container, path=/Mcu/GtmConfiguration/GtmConfiguration_0/GtmToPeripheral/GtmToPeripheral/SaradcSent, children=['ChannelId', 'GtmTriggerSelect'])
[DEBUG] DEBUG_XPATH: _parse_path('*[num:i($SaradcCheckindex + 1)]/ChannelId') -> parts=['*[num:i($SaradcCheckindex + 1)]', 'ChannelId']
[DEBUG] DEBUG_XPATH: Navigating segment '*' (axis=child) from 1 nodes
[DEBUG] DEBUG_XPATH:   Current context node: SaradcSent (type=container, path=/Mcu/GtmConfiguration/GtmConfiguration_0/GtmToPeripheral/GtmToPeripheral/SaradcSent, children=['ChannelId', 'GtmTriggerSelect'])
[DEBUG] DEBUG: Evaluating condition: $ChidIn = $ChidOut
[DEBUG] DEBUG: Comparison [$ChidIn = $ChidOut] => [None = None] Result: True
[DEBUG] DEBUG: Evaluating condition: $triggIn = $triggOut
[DEBUG] DEBUG: Comparison [$triggIn = $triggOut] => [both empty ''] Result: False
[DEBUG] DEBUG_XPATH: _parse_path('*[num:i($SaradcCheckindexIn + 1)]/GtmTriggerSelect') -> parts=['*[num:i($SaradcCheckindexIn + 1)]', 'GtmTriggerSelect']
[DEBUG] DEBUG_XPATH: Navigating segment '*' (axis=child) from 1 nodes
[DEBUG] DEBUG_XPATH:   Current context node: SaradcSent (type=container, path=/Mcu/GtmConfiguration/GtmConfiguration_0/GtmToPeripheral/GtmToPeripheral/SaradcSent, children=['ChannelId', 'GtmTriggerSelect'])
[DEBUG] DEBUG_XPATH: _parse_path('*[num:i($SaradcCheckindexIn + 1)]/GtmTriggerSelect') -> parts=['*[num:i($SaradcCheckindexIn + 1)]', 'GtmTriggerSelect']
[DEBUG] DEBUG_XPATH: Navigating segment '*' (axis=child) from 1 nodes
[DEBUG] DEBUG_XPATH:   Current context node: SaradcSent (type=container, path=/Mcu/GtmConfiguration/GtmConfiguration_0/GtmToPeripheral/GtmToPeripheral/SaradcSent, children=['ChannelId', 'GtmTriggerSelect'])
[DEBUG] DEBUG_XPATH: _parse_path('*[num:i($SaradcCheckindex + 1)]/GtmTriggerSelect') -> parts=['*[num:i($SaradcCheckindex + 1)]', 'GtmTriggerSelect']
[DEBUG] DEBUG_XPATH: Navigating segment '*' (axis=child) from 1 nodes
[DEBUG] DEBUG_XPATH:   Current context node: SaradcSent (type=container, path=/Mcu/GtmConfiguration/GtmConfiguration_0/GtmToPeripheral/GtmToPeripheral/SaradcSent, children=['ChannelId', 'GtmTriggerSelect'])
[DEBUG] DEBUG_XPATH: _parse_path('*[num:i($SaradcCheckindex + 1)]/GtmTriggerSelect') -> parts=['*[num:i($SaradcCheckindex + 1)]', 'GtmTriggerSelect']
[DEBUG] DEBUG_XPATH: Navigating segment '*' (axis=child) from 1 nodes
[DEBUG] DEBUG_XPATH:   Current context node: SaradcSent (type=container, path=/Mcu/GtmConfiguration/GtmConfiguration_0/GtmToPeripheral/GtmToPeripheral/SaradcSent, children=['ChannelId', 'GtmTriggerSelect'])
[DEBUG] DEBUG_XPATH: _parse_path('*[num:i($SaradcCheckindexIn + 1)]/ChannelId') -> parts=['*[num:i($SaradcCheckindexIn + 1)]', 'ChannelId']
[DEBUG] DEBUG_XPATH: Navigating segment '*' (axis=child) from 1 nodes
[DEBUG] DEBUG_XPATH:   Current context node: SaradcSent (type=container, path=/Mcu/GtmConfiguration/GtmConfiguration_0/GtmToPeripheral/GtmToPeripheral/SaradcSent, children=['ChannelId', 'GtmTriggerSelect'])
[DEBUG] DEBUG_XPATH: _parse_path('*[num:i($SaradcCheckindex + 1)]/ChannelId') -> parts=['*[num:i($SaradcCheckindex + 1)]', 'ChannelId']
[DEBUG] DEBUG_XPATH: Navigating segment '*' (axis=child) from 1 nodes
[DEBUG] DEBUG_XPATH:   Current context node: SaradcSent (type=container, path=/Mcu/GtmConfiguration/GtmConfiguration_0/GtmToPeripheral/GtmToPeripheral/SaradcSent, children=['ChannelId', 'GtmTriggerSelect'])
[DEBUG] DEBUG: Evaluating condition: $ChidIn = $ChidOut
[DEBUG] DEBUG: Comparison [$ChidIn = $ChidOut] => [None = None] Result: True
[DEBUG] DEBUG: Evaluating condition: $triggIn = $triggOut
[DEBUG] DEBUG: Comparison [$triggIn = $triggOut] => [both empty ''] Result: False
[DEBUG] DEBUG_XPATH: _parse_path('*[num:i($SaradcCheckindexIn + 1)]/GtmTriggerSelect') -> parts=['*[num:i($SaradcCheckindexIn + 1)]', 'GtmTriggerSelect']
[DEBUG] DEBUG_XPATH: Navigating segment '*' (axis=child) from 1 nodes
[DEBUG] DEBUG_XPATH:   Current context node: SaradcSent (type=container, path=/Mcu/GtmConfiguration/GtmConfiguration_0/GtmToPeripheral/GtmToPeripheral/SaradcSent, children=['ChannelId', 'GtmTriggerSelect'])
[DEBUG] DEBUG_XPATH: _parse_path('*[num:i($SaradcCheckindexIn + 1)]/GtmTriggerSelect') -> parts=['*[num:i($SaradcCheckindexIn + 1)]', 'GtmTriggerSelect']
[DEBUG] DEBUG_XPATH: Navigating segment '*' (axis=child) from 1 nodes
[DEBUG] DEBUG_XPATH:   Current context node: SaradcSent (type=container, path=/Mcu/GtmConfiguration/GtmConfiguration_0/GtmToPeripheral/GtmToPeripheral/SaradcSent, children=['ChannelId', 'GtmTriggerSelect'])
[DEBUG] DEBUG_XPATH: _parse_path('*[num:i($SaradcCheckindex + 1)]/GtmTriggerSelect') -> parts=['*[num:i($SaradcCheckindex + 1)]', 'GtmTriggerSelect']
[DEBUG] DEBUG_XPATH: Navigating segment '*' (axis=child) from 1 nodes
[DEBUG] DEBUG_XPATH:   Current context node: SaradcSent (type=container, path=/Mcu/GtmConfiguration/GtmConfiguration_0/GtmToPeripheral/GtmToPeripheral/SaradcSent, children=['ChannelId', 'GtmTriggerSelect'])
[DEBUG] DEBUG_XPATH: _parse_path('*[num:i($SaradcCheckindex + 1)]/GtmTriggerSelect') -> parts=['*[num:i($SaradcCheckindex + 1)]', 'GtmTriggerSelect']
[DEBUG] DEBUG_XPATH: Navigating segment '*' (axis=child) from 1 nodes
[DEBUG] DEBUG_XPATH:   Current context node: SaradcSent (type=container, path=/Mcu/GtmConfiguration/GtmConfiguration_0/GtmToPeripheral/GtmToPeripheral/SaradcSent, children=['ChannelId', 'GtmTriggerSelect'])
[DEBUG] DEBUG_XPATH: _parse_path('*[num:i($SaradcCheckindexIn + 1)]/ChannelId') -> parts=['*[num:i($SaradcCheckindexIn + 1)]', 'ChannelId']
[DEBUG] DEBUG_XPATH: Navigating segment '*' (axis=child) from 1 nodes
[DEBUG] DEBUG_XPATH:   Current context node: SaradcSent (type=container, path=/Mcu/GtmConfiguration/GtmConfiguration_0/GtmToPeripheral/GtmToPeripheral/SaradcSent, children=['ChannelId', 'GtmTriggerSelect'])
[DEBUG] DEBUG_XPATH: _parse_path('*[num:i($SaradcCheckindex + 1)]/ChannelId') -> parts=['*[num:i($SaradcCheckindex + 1)]', 'ChannelId']
[DEBUG] DEBUG_XPATH: Navigating segment '*' (axis=child) from 1 nodes
[DEBUG] DEBUG_XPATH:   Current context node: SaradcSent (type=container, path=/Mcu/GtmConfiguration/GtmConfiguration_0/GtmToPeripheral/GtmToPeripheral/SaradcSent, children=['ChannelId', 'GtmTriggerSelect'])
[DEBUG] DEBUG: Evaluating condition: $ChidIn = $ChidOut
[DEBUG] DEBUG: Comparison [$ChidIn = $ChidOut] => [None = None] Result: True
[DEBUG] DEBUG: Evaluating condition: $triggIn = $triggOut
[DEBUG] DEBUG: Comparison [$triggIn = $triggOut] => [both empty ''] Result: False
[DEBUG] DEBUG_XPATH: _parse_path('*[num:i($SaradcCheckindexIn + 1)]/GtmTriggerSelect') -> parts=['*[num:i($SaradcCheckindexIn + 1)]', 'GtmTriggerSelect']
[DEBUG] DEBUG_XPATH: Navigating segment '*' (axis=child) from 1 nodes
[DEBUG] DEBUG_XPATH:   Current context node: SaradcSent (type=container, path=/Mcu/GtmConfiguration/GtmConfiguration_0/GtmToPeripheral/GtmToPeripheral/SaradcSent, children=['ChannelId', 'GtmTriggerSelect'])
[DEBUG] DEBUG_XPATH: _parse_path('*[num:i($SaradcCheckindexIn + 1)]/GtmTriggerSelect') -> parts=['*[num:i($SaradcCheckindexIn + 1)]', 'GtmTriggerSelect']
[DEBUG] DEBUG_XPATH: Navigating segment '*' (axis=child) from 1 nodes
[DEBUG] DEBUG_XPATH:   Current context node: SaradcSent (type=container, path=/Mcu/GtmConfiguration/GtmConfiguration_0/GtmToPeripheral/GtmToPeripheral/SaradcSent, children=['ChannelId', 'GtmTriggerSelect'])
[DEBUG] DEBUG_XPATH: _parse_path('*[num:i($SaradcCheckindex + 1)]/GtmTriggerSelect') -> parts=['*[num:i($SaradcCheckindex + 1)]', 'GtmTriggerSelect']
[DEBUG] DEBUG_XPATH: Navigating segment '*' (axis=child) from 1 nodes
[DEBUG] DEBUG_XPATH:   Current context node: SaradcSent (type=container, path=/Mcu/GtmConfiguration/GtmConfiguration_0/GtmToPeripheral/GtmToPeripheral/SaradcSent, children=['ChannelId', 'GtmTriggerSelect'])
[DEBUG] DEBUG_XPATH: _parse_path('*[num:i($SaradcCheckindex + 1)]/GtmTriggerSelect') -> parts=['*[num:i($SaradcCheckindex + 1)]', 'GtmTriggerSelect']
[DEBUG] DEBUG_XPATH: Navigating segment '*' (axis=child) from 1 nodes
[DEBUG] DEBUG_XPATH:   Current context node: SaradcSent (type=container, path=/Mcu/GtmConfiguration/GtmConfiguration_0/GtmToPeripheral/GtmToPeripheral/SaradcSent, children=['ChannelId', 'GtmTriggerSelect'])
[DEBUG] DEBUG_XPATH: _parse_path('*[num:i($SaradcCheckindexIn + 1)]/ChannelId') -> parts=['*[num:i($SaradcCheckindexIn + 1)]', 'ChannelId']
[DEBUG] DEBUG_XPATH: Navigating segment '*' (axis=child) from 1 nodes
[DEBUG] DEBUG_XPATH:   Current context node: SaradcSent (type=container, path=/Mcu/GtmConfiguration/GtmConfiguration_0/GtmToPeripheral/GtmToPeripheral/SaradcSent, children=['ChannelId', 'GtmTriggerSelect'])
[DEBUG] DEBUG_XPATH: _parse_path('*[num:i($SaradcCheckindex + 1)]/ChannelId') -> parts=['*[num:i($SaradcCheckindex + 1)]', 'ChannelId']
[DEBUG] DEBUG_XPATH: Navigating segment '*' (axis=child) from 1 nodes
[DEBUG] DEBUG_XPATH:   Current context node: SaradcSent (type=container, path=/Mcu/GtmConfiguration/GtmConfiguration_0/GtmToPeripheral/GtmToPeripheral/SaradcSent, children=['ChannelId', 'GtmTriggerSelect'])
[DEBUG] DEBUG: Evaluating condition: $ChidIn = $ChidOut
[DEBUG] DEBUG: Comparison [$ChidIn = $ChidOut] => [None = None] Result: True
[DEBUG] DEBUG: Evaluating condition: $triggIn = $triggOut
[DEBUG] DEBUG: Comparison [$triggIn = $triggOut] => [both empty ''] Result: False
[DEBUG] DEBUG_XPATH: _parse_path('*[num:i($SaradcCheckindexIn + 1)]/GtmTriggerSelect') -> parts=['*[num:i($SaradcCheckindexIn + 1)]', 'GtmTriggerSelect']
[DEBUG] DEBUG_XPATH: Navigating segment '*' (axis=child) from 1 nodes
[DEBUG] DEBUG_XPATH:   Current context node: SaradcSent (type=container, path=/Mcu/GtmConfiguration/GtmConfiguration_0/GtmToPeripheral/GtmToPeripheral/SaradcSent, children=['ChannelId', 'GtmTriggerSelect'])
[DEBUG] DEBUG_XPATH: _parse_path('*[num:i($SaradcCheckindexIn + 1)]/GtmTriggerSelect') -> parts=['*[num:i($SaradcCheckindexIn + 1)]', 'GtmTriggerSelect']
[DEBUG] DEBUG_XPATH: Navigating segment '*' (axis=child) from 1 nodes
[DEBUG] DEBUG_XPATH:   Current context node: SaradcSent (type=container, path=/Mcu/GtmConfiguration/GtmConfiguration_0/GtmToPeripheral/GtmToPeripheral/SaradcSent, children=['ChannelId', 'GtmTriggerSelect'])
[DEBUG] DEBUG_XPATH: _parse_path('*[num:i($SaradcCheckindex + 1)]/GtmTriggerSelect') -> parts=['*[num:i($SaradcCheckindex + 1)]', 'GtmTriggerSelect']
[DEBUG] DEBUG_XPATH: Navigating segment '*' (axis=child) from 1 nodes
[DEBUG] DEBUG_XPATH:   Current context node: SaradcSent (type=container, path=/Mcu/GtmConfiguration/GtmConfiguration_0/GtmToPeripheral/GtmToPeripheral/SaradcSent, children=['ChannelId', 'GtmTriggerSelect'])
[DEBUG] DEBUG_XPATH: _parse_path('*[num:i($SaradcCheckindex + 1)]/GtmTriggerSelect') -> parts=['*[num:i($SaradcCheckindex + 1)]', 'GtmTriggerSelect']
[DEBUG] DEBUG_XPATH: Navigating segment '*' (axis=child) from 1 nodes
[DEBUG] DEBUG_XPATH:   Current context node: SaradcSent (type=container, path=/Mcu/GtmConfiguration/GtmConfiguration_0/GtmToPeripheral/GtmToPeripheral/SaradcSent, children=['ChannelId', 'GtmTriggerSelect'])
[DEBUG] DEBUG_XPATH: _parse_path('*[num:i($SaradcCheckindexIn + 1)]/ChannelId') -> parts=['*[num:i($SaradcCheckindexIn + 1)]', 'ChannelId']
[DEBUG] DEBUG_XPATH: Navigating segment '*' (axis=child) from 1 nodes
[DEBUG] DEBUG_XPATH:   Current context node: SaradcSent (type=container, path=/Mcu/GtmConfiguration/GtmConfiguration_0/GtmToPeripheral/GtmToPeripheral/SaradcSent, children=['ChannelId', 'GtmTriggerSelect'])
[DEBUG] DEBUG_XPATH: _parse_path('*[num:i($SaradcCheckindex + 1)]/ChannelId') -> parts=['*[num:i($SaradcCheckindex + 1)]', 'ChannelId']
[DEBUG] DEBUG_XPATH: Navigating segment '*' (axis=child) from 1 nodes
[DEBUG] DEBUG_XPATH:   Current context node: SaradcSent (type=container, path=/Mcu/GtmConfiguration/GtmConfiguration_0/GtmToPeripheral/GtmToPeripheral/SaradcSent, children=['ChannelId', 'GtmTriggerSelect'])
[DEBUG] DEBUG: Evaluating condition: $ChidIn = $ChidOut
[DEBUG] DEBUG: Comparison [$ChidIn = $ChidOut] => [None = None] Result: True
[DEBUG] DEBUG: Evaluating condition: $triggIn = $triggOut
[DEBUG] DEBUG: Comparison [$triggIn = $triggOut] => [both empty ''] Result: False
[DEBUG] DEBUG_XPATH: _parse_path('*[num:i($SaradcCheckindexIn + 1)]/GtmTriggerSelect') -> parts=['*[num:i($SaradcCheckindexIn + 1)]', 'GtmTriggerSelect']
[DEBUG] DEBUG_XPATH: Navigating segment '*' (axis=child) from 1 nodes
[DEBUG] DEBUG_XPATH:   Current context node: SaradcSent (type=container, path=/Mcu/GtmConfiguration/GtmConfiguration_0/GtmToPeripheral/GtmToPeripheral/SaradcSent, children=['ChannelId', 'GtmTriggerSelect'])
[DEBUG] DEBUG_XPATH: _parse_path('*[num:i($SaradcCheckindexIn + 1)]/GtmTriggerSelect') -> parts=['*[num:i($SaradcCheckindexIn + 1)]', 'GtmTriggerSelect']
[DEBUG] DEBUG_XPATH: Navigating segment '*' (axis=child) from 1 nodes
[DEBUG] DEBUG_XPATH:   Current context node: SaradcSent (type=container, path=/Mcu/GtmConfiguration/GtmConfiguration_0/GtmToPeripheral/GtmToPeripheral/SaradcSent, children=['ChannelId', 'GtmTriggerSelect'])
[DEBUG] DEBUG_XPATH: _parse_path('*[num:i($SaradcCheckindex + 1)]/GtmTriggerSelect') -> parts=['*[num:i($SaradcCheckindex + 1)]', 'GtmTriggerSelect']
[DEBUG] DEBUG_XPATH: Navigating segment '*' (axis=child) from 1 nodes
[DEBUG] DEBUG_XPATH:   Current context node: SaradcSent (type=container, path=/Mcu/GtmConfiguration/GtmConfiguration_0/GtmToPeripheral/GtmToPeripheral/SaradcSent, children=['ChannelId', 'GtmTriggerSelect'])
[DEBUG] DEBUG_XPATH: _parse_path('*[num:i($SaradcCheckindex + 1)]/GtmTriggerSelect') -> parts=['*[num:i($SaradcCheckindex + 1)]', 'GtmTriggerSelect']
[DEBUG] DEBUG_XPATH: Navigating segment '*' (axis=child) from 1 nodes
[DEBUG] DEBUG_XPATH:   Current context node: SaradcSent (type=container, path=/Mcu/GtmConfiguration/GtmConfiguration_0/GtmToPeripheral/GtmToPeripheral/SaradcSent, children=['ChannelId', 'GtmTriggerSelect'])
[DEBUG] DEBUG_XPATH: _parse_path('*[num:i($SaradcCheckindexIn + 1)]/ChannelId') -> parts=['*[num:i($SaradcCheckindexIn + 1)]', 'ChannelId']
[DEBUG] DEBUG_XPATH: Navigating segment '*' (axis=child) from 1 nodes
[DEBUG] DEBUG_XPATH:   Current context node: SaradcSent (type=container, path=/Mcu/GtmConfiguration/GtmConfiguration_0/GtmToPeripheral/GtmToPeripheral/SaradcSent, children=['ChannelId', 'GtmTriggerSelect'])
[DEBUG] DEBUG_XPATH: _parse_path('*[num:i($SaradcCheckindex + 1)]/ChannelId') -> parts=['*[num:i($SaradcCheckindex + 1)]', 'ChannelId']
[DEBUG] DEBUG_XPATH: Navigating segment '*' (axis=child) from 1 nodes
[DEBUG] DEBUG_XPATH:   Current context node: SaradcSent (type=container, path=/Mcu/GtmConfiguration/GtmConfiguration_0/GtmToPeripheral/GtmToPeripheral/SaradcSent, children=['ChannelId', 'GtmTriggerSelect'])
[DEBUG] DEBUG: Evaluating condition: $ChidIn = $ChidOut
[DEBUG] DEBUG: Comparison [$ChidIn = $ChidOut] => [None = None] Result: True
[DEBUG] DEBUG: Evaluating condition: $triggIn = $triggOut
[DEBUG] DEBUG: Comparison [$triggIn = $triggOut] => [both empty ''] Result: False
[DEBUG] DEBUG_XPATH: _parse_path('*[num:i($SaradcCheckindexIn + 1)]/GtmTriggerSelect') -> parts=['*[num:i($SaradcCheckindexIn + 1)]', 'GtmTriggerSelect']
[DEBUG] DEBUG_XPATH: Navigating segment '*' (axis=child) from 1 nodes
[DEBUG] DEBUG_XPATH:   Current context node: SaradcSent (type=container, path=/Mcu/GtmConfiguration/GtmConfiguration_0/GtmToPeripheral/GtmToPeripheral/SaradcSent, children=['ChannelId', 'GtmTriggerSelect'])
[DEBUG] DEBUG_XPATH: _parse_path('*[num:i($SaradcCheckindexIn + 1)]/GtmTriggerSelect') -> parts=['*[num:i($SaradcCheckindexIn + 1)]', 'GtmTriggerSelect']
[DEBUG] DEBUG_XPATH: Navigating segment '*' (axis=child) from 1 nodes
[DEBUG] DEBUG_XPATH:   Current context node: SaradcSent (type=container, path=/Mcu/GtmConfiguration/GtmConfiguration_0/GtmToPeripheral/GtmToPeripheral/SaradcSent, children=['ChannelId', 'GtmTriggerSelect'])
[DEBUG] DEBUG_XPATH: _parse_path('*[num:i($SaradcCheckindex + 1)]/GtmTriggerSelect') -> parts=['*[num:i($SaradcCheckindex + 1)]', 'GtmTriggerSelect']
[DEBUG] DEBUG_XPATH: Navigating segment '*' (axis=child) from 1 nodes
[DEBUG] DEBUG_XPATH:   Current context node: SaradcSent (type=container, path=/Mcu/GtmConfiguration/GtmConfiguration_0/GtmToPeripheral/GtmToPeripheral/SaradcSent, children=['ChannelId', 'GtmTriggerSelect'])
[DEBUG] DEBUG_XPATH: _parse_path('*[num:i($SaradcCheckindex + 1)]/GtmTriggerSelect') -> parts=['*[num:i($SaradcCheckindex + 1)]', 'GtmTriggerSelect']
[DEBUG] DEBUG_XPATH: Navigating segment '*' (axis=child) from 1 nodes
[DEBUG] DEBUG_XPATH:   Current context node: SaradcSent (type=container, path=/Mcu/GtmConfiguration/GtmConfiguration_0/GtmToPeripheral/GtmToPeripheral/SaradcSent, children=['ChannelId', 'GtmTriggerSelect'])
[DEBUG] DEBUG_XPATH: _parse_path('*[num:i($SaradcCheckindexIn + 1)]/ChannelId') -> parts=['*[num:i($SaradcCheckindexIn + 1)]', 'ChannelId']
[DEBUG] DEBUG_XPATH: Navigating segment '*' (axis=child) from 1 nodes
[DEBUG] DEBUG_XPATH:   Current context node: SaradcSent (type=container, path=/Mcu/GtmConfiguration/GtmConfiguration_0/GtmToPeripheral/GtmToPeripheral/SaradcSent, children=['ChannelId', 'GtmTriggerSelect'])
[DEBUG] DEBUG_XPATH: _parse_path('*[num:i($SaradcCheckindex + 1)]/ChannelId') -> parts=['*[num:i($SaradcCheckindex + 1)]', 'ChannelId']
[DEBUG] DEBUG_XPATH: Navigating segment '*' (axis=child) from 1 nodes
[DEBUG] DEBUG_XPATH:   Current context node: SaradcSent (type=container, path=/Mcu/GtmConfiguration/GtmConfiguration_0/GtmToPeripheral/GtmToPeripheral/SaradcSent, children=['ChannelId', 'GtmTriggerSelect'])
[DEBUG] DEBUG: Evaluating condition: $ChidIn = $ChidOut
[DEBUG] DEBUG: Comparison [$ChidIn = $ChidOut] => [None = None] Result: True
[DEBUG] DEBUG: Evaluating condition: $triggIn = $triggOut
[DEBUG] DEBUG: Comparison [$triggIn = $triggOut] => [both empty ''] Result: False
[DEBUG] DEBUG_XPATH: _parse_path('*[num:i($SaradcCheckindexIn + 1)]/GtmTriggerSelect') -> parts=['*[num:i($SaradcCheckindexIn + 1)]', 'GtmTriggerSelect']
[DEBUG] DEBUG_XPATH: Navigating segment '*' (axis=child) from 1 nodes
[DEBUG] DEBUG_XPATH:   Current context node: SaradcSent (type=container, path=/Mcu/GtmConfiguration/GtmConfiguration_0/GtmToPeripheral/GtmToPeripheral/SaradcSent, children=['ChannelId', 'GtmTriggerSelect'])
[DEBUG] DEBUG_XPATH: _parse_path('*[num:i($SaradcCheckindexIn + 1)]/GtmTriggerSelect') -> parts=['*[num:i($SaradcCheckindexIn + 1)]', 'GtmTriggerSelect']
[DEBUG] DEBUG_XPATH: Navigating segment '*' (axis=child) from 1 nodes
[DEBUG] DEBUG_XPATH:   Current context node: SaradcSent (type=container, path=/Mcu/GtmConfiguration/GtmConfiguration_0/GtmToPeripheral/GtmToPeripheral/SaradcSent, children=['ChannelId', 'GtmTriggerSelect'])
[DEBUG] DEBUG_XPATH: _parse_path('*[num:i($SaradcCheckindex + 1)]/GtmTriggerSelect') -> parts=['*[num:i($SaradcCheckindex + 1)]', 'GtmTriggerSelect']
[DEBUG] DEBUG_XPATH: Navigating segment '*' (axis=child) from 1 nodes
[DEBUG] DEBUG_XPATH:   Current context node: SaradcSent (type=container, path=/Mcu/GtmConfiguration/GtmConfiguration_0/GtmToPeripheral/GtmToPeripheral/SaradcSent, children=['ChannelId', 'GtmTriggerSelect'])
[DEBUG] DEBUG_XPATH: _parse_path('*[num:i($SaradcCheckindex + 1)]/GtmTriggerSelect') -> parts=['*[num:i($SaradcCheckindex + 1)]', 'GtmTriggerSelect']
[DEBUG] DEBUG_XPATH: Navigating segment '*' (axis=child) from 1 nodes
[DEBUG] DEBUG_XPATH:   Current context node: SaradcSent (type=container, path=/Mcu/GtmConfiguration/GtmConfiguration_0/GtmToPeripheral/GtmToPeripheral/SaradcSent, children=['ChannelId', 'GtmTriggerSelect'])
[DEBUG] DEBUG_XPATH: _parse_path('*[num:i($SaradcCheckindexIn + 1)]/ChannelId') -> parts=['*[num:i($SaradcCheckindexIn + 1)]', 'ChannelId']
[DEBUG] DEBUG_XPATH: Navigating segment '*' (axis=child) from 1 nodes
[DEBUG] DEBUG_XPATH:   Current context node: SaradcSent (type=container, path=/Mcu/GtmConfiguration/GtmConfiguration_0/GtmToPeripheral/GtmToPeripheral/SaradcSent, children=['ChannelId', 'GtmTriggerSelect'])
[DEBUG] DEBUG_XPATH: _parse_path('*[num:i($SaradcCheckindex + 1)]/ChannelId') -> parts=['*[num:i($SaradcCheckindex + 1)]', 'ChannelId']
[DEBUG] DEBUG_XPATH: Navigating segment '*' (axis=child) from 1 nodes
[DEBUG] DEBUG_XPATH:   Current context node: SaradcSent (type=container, path=/Mcu/GtmConfiguration/GtmConfiguration_0/GtmToPeripheral/GtmToPeripheral/SaradcSent, children=['ChannelId', 'GtmTriggerSelect'])
[DEBUG] DEBUG: Evaluating condition: $ChidIn = $ChidOut
[DEBUG] DEBUG: Comparison [$ChidIn = $ChidOut] => [None = None] Result: True
[DEBUG] DEBUG: Evaluating condition: $triggIn = $triggOut
[DEBUG] DEBUG: Comparison [$triggIn = $triggOut] => [both empty ''] Result: False
[DEBUG] DEBUG_XPATH: _parse_path('*[num:i($SaradcCheckindexIn + 1)]/GtmTriggerSelect') -> parts=['*[num:i($SaradcCheckindexIn + 1)]', 'GtmTriggerSelect']
[DEBUG] DEBUG_XPATH: Navigating segment '*' (axis=child) from 1 nodes
[DEBUG] DEBUG_XPATH:   Current context node: SaradcSent (type=container, path=/Mcu/GtmConfiguration/GtmConfiguration_0/GtmToPeripheral/GtmToPeripheral/SaradcSent, children=['ChannelId', 'GtmTriggerSelect'])
[DEBUG] DEBUG_XPATH: _parse_path('*[num:i($SaradcCheckindexIn + 1)]/GtmTriggerSelect') -> parts=['*[num:i($SaradcCheckindexIn + 1)]', 'GtmTriggerSelect']
[DEBUG] DEBUG_XPATH: Navigating segment '*' (axis=child) from 1 nodes
[DEBUG] DEBUG_XPATH:   Current context node: SaradcSent (type=container, path=/Mcu/GtmConfiguration/GtmConfiguration_0/GtmToPeripheral/GtmToPeripheral/SaradcSent, children=['ChannelId', 'GtmTriggerSelect'])
[DEBUG] DEBUG_XPATH: _parse_path('*[num:i($SaradcCheckindex + 1)]/GtmTriggerSelect') -> parts=['*[num:i($SaradcCheckindex + 1)]', 'GtmTriggerSelect']
[DEBUG] DEBUG_XPATH: Navigating segment '*' (axis=child) from 1 nodes
[DEBUG] DEBUG_XPATH:   Current context node: SaradcSent (type=container, path=/Mcu/GtmConfiguration/GtmConfiguration_0/GtmToPeripheral/GtmToPeripheral/SaradcSent, children=['ChannelId', 'GtmTriggerSelect'])
[DEBUG] DEBUG_XPATH: _parse_path('*[num:i($SaradcCheckindex + 1)]/GtmTriggerSelect') -> parts=['*[num:i($SaradcCheckindex + 1)]', 'GtmTriggerSelect']
[DEBUG] DEBUG_XPATH: Navigating segment '*' (axis=child) from 1 nodes
[DEBUG] DEBUG_XPATH:   Current context node: SaradcSent (type=container, path=/Mcu/GtmConfiguration/GtmConfiguration_0/GtmToPeripheral/GtmToPeripheral/SaradcSent, children=['ChannelId', 'GtmTriggerSelect'])
[DEBUG] DEBUG_XPATH: _parse_path('*[num:i($SaradcCheckindexIn + 1)]/ChannelId') -> parts=['*[num:i($SaradcCheckindexIn + 1)]', 'ChannelId']
[DEBUG] DEBUG_XPATH: Navigating segment '*' (axis=child) from 1 nodes
[DEBUG] DEBUG_XPATH:   Current context node: SaradcSent (type=container, path=/Mcu/GtmConfiguration/GtmConfiguration_0/GtmToPeripheral/GtmToPeripheral/SaradcSent, children=['ChannelId', 'GtmTriggerSelect'])
[DEBUG] DEBUG_XPATH: _parse_path('*[num:i($SaradcCheckindex + 1)]/ChannelId') -> parts=['*[num:i($SaradcCheckindex + 1)]', 'ChannelId']
[DEBUG] DEBUG_XPATH: Navigating segment '*' (axis=child) from 1 nodes
[DEBUG] DEBUG_XPATH:   Current context node: SaradcSent (type=container, path=/Mcu/GtmConfiguration/GtmConfiguration_0/GtmToPeripheral/GtmToPeripheral/SaradcSent, children=['ChannelId', 'GtmTriggerSelect'])
[DEBUG] DEBUG: Evaluating condition: $ChidIn = $ChidOut
[DEBUG] DEBUG: Comparison [$ChidIn = $ChidOut] => [None = None] Result: True
[DEBUG] DEBUG: Evaluating condition: $triggIn = $triggOut
[DEBUG] DEBUG: Comparison [$triggIn = $triggOut] => [both empty ''] Result: False
[DEBUG] DEBUG_XPATH: _parse_path('*[num:i($SaradcCheckindexIn + 1)]/GtmTriggerSelect') -> parts=['*[num:i($SaradcCheckindexIn + 1)]', 'GtmTriggerSelect']
[DEBUG] DEBUG_XPATH: Navigating segment '*' (axis=child) from 1 nodes
[DEBUG] DEBUG_XPATH:   Current context node: SaradcSent (type=container, path=/Mcu/GtmConfiguration/GtmConfiguration_0/GtmToPeripheral/GtmToPeripheral/SaradcSent, children=['ChannelId', 'GtmTriggerSelect'])
[DEBUG] DEBUG_XPATH: _parse_path('*[num:i($SaradcCheckindexIn + 1)]/GtmTriggerSelect') -> parts=['*[num:i($SaradcCheckindexIn + 1)]', 'GtmTriggerSelect']
[DEBUG] DEBUG_XPATH: Navigating segment '*' (axis=child) from 1 nodes
[DEBUG] DEBUG_XPATH:   Current context node: SaradcSent (type=container, path=/Mcu/GtmConfiguration/GtmConfiguration_0/GtmToPeripheral/GtmToPeripheral/SaradcSent, children=['ChannelId', 'GtmTriggerSelect'])
[DEBUG] DEBUG_XPATH: _parse_path('*[num:i($SaradcCheckindex + 1)]/GtmTriggerSelect') -> parts=['*[num:i($SaradcCheckindex + 1)]', 'GtmTriggerSelect']
[DEBUG] DEBUG_XPATH: Navigating segment '*' (axis=child) from 1 nodes
[DEBUG] DEBUG_XPATH:   Current context node: SaradcSent (type=container, path=/Mcu/GtmConfiguration/GtmConfiguration_0/GtmToPeripheral/GtmToPeripheral/SaradcSent, children=['ChannelId', 'GtmTriggerSelect'])
[DEBUG] DEBUG_XPATH: _parse_path('*[num:i($SaradcCheckindex + 1)]/GtmTriggerSelect') -> parts=['*[num:i($SaradcCheckindex + 1)]', 'GtmTriggerSelect']
[DEBUG] DEBUG_XPATH: Navigating segment '*' (axis=child) from 1 nodes
[DEBUG] DEBUG_XPATH:   Current context node: SaradcSent (type=container, path=/Mcu/GtmConfiguration/GtmConfiguration_0/GtmToPeripheral/GtmToPeripheral/SaradcSent, children=['ChannelId', 'GtmTriggerSelect'])
[DEBUG] DEBUG_XPATH: _parse_path('*[num:i($SaradcCheckindexIn + 1)]/ChannelId') -> parts=['*[num:i($SaradcCheckindexIn + 1)]', 'ChannelId']
[DEBUG] DEBUG_XPATH: Navigating segment '*' (axis=child) from 1 nodes
[DEBUG] DEBUG_XPATH:   Current context node: SaradcSent (type=container, path=/Mcu/GtmConfiguration/GtmConfiguration_0/GtmToPeripheral/GtmToPeripheral/SaradcSent, children=['ChannelId', 'GtmTriggerSelect'])
[DEBUG] DEBUG_XPATH: _parse_path('*[num:i($SaradcCheckindex + 1)]/ChannelId') -> parts=['*[num:i($SaradcCheckindex + 1)]', 'ChannelId']
[DEBUG] DEBUG_XPATH: Navigating segment '*' (axis=child) from 1 nodes
[DEBUG] DEBUG_XPATH:   Current context node: SaradcSent (type=container, path=/Mcu/GtmConfiguration/GtmConfiguration_0/GtmToPeripheral/GtmToPeripheral/SaradcSent, children=['ChannelId', 'GtmTriggerSelect'])
[DEBUG] DEBUG: Evaluating condition: $ChidIn = $ChidOut
[DEBUG] DEBUG: Comparison [$ChidIn = $ChidOut] => [None = None] Result: True
[DEBUG] DEBUG: Evaluating condition: $triggIn = $triggOut
[DEBUG] DEBUG: Comparison [$triggIn = $triggOut] => [both empty ''] Result: False
[DEBUG] DEBUG_XPATH: _parse_path('*[num:i($SaradcCheckindexIn + 1)]/GtmTriggerSelect') -> parts=['*[num:i($SaradcCheckindexIn + 1)]', 'GtmTriggerSelect']
[DEBUG] DEBUG_XPATH: Navigating segment '*' (axis=child) from 1 nodes
[DEBUG] DEBUG_XPATH:   Current context node: SaradcSent (type=container, path=/Mcu/GtmConfiguration/GtmConfiguration_0/GtmToPeripheral/GtmToPeripheral/SaradcSent, children=['ChannelId', 'GtmTriggerSelect'])
[DEBUG] DEBUG_XPATH: _parse_path('*[num:i($SaradcCheckindexIn + 1)]/GtmTriggerSelect') -> parts=['*[num:i($SaradcCheckindexIn + 1)]', 'GtmTriggerSelect']
[DEBUG] DEBUG_XPATH: Navigating segment '*' (axis=child) from 1 nodes
[DEBUG] DEBUG_XPATH:   Current context node: SaradcSent (type=container, path=/Mcu/GtmConfiguration/GtmConfiguration_0/GtmToPeripheral/GtmToPeripheral/SaradcSent, children=['ChannelId', 'GtmTriggerSelect'])
[DEBUG] DEBUG_XPATH: _parse_path('*[num:i($SaradcCheckindex + 1)]/GtmTriggerSelect') -> parts=['*[num:i($SaradcCheckindex + 1)]', 'GtmTriggerSelect']
[DEBUG] DEBUG_XPATH: Navigating segment '*' (axis=child) from 1 nodes
[DEBUG] DEBUG_XPATH:   Current context node: SaradcSent (type=container, path=/Mcu/GtmConfiguration/GtmConfiguration_0/GtmToPeripheral/GtmToPeripheral/SaradcSent, children=['ChannelId', 'GtmTriggerSelect'])
[DEBUG] DEBUG_XPATH: _parse_path('*[num:i($SaradcCheckindex + 1)]/GtmTriggerSelect') -> parts=['*[num:i($SaradcCheckindex + 1)]', 'GtmTriggerSelect']
[DEBUG] DEBUG_XPATH: Navigating segment '*' (axis=child) from 1 nodes
[DEBUG] DEBUG_XPATH:   Current context node: SaradcSent (type=container, path=/Mcu/GtmConfiguration/GtmConfiguration_0/GtmToPeripheral/GtmToPeripheral/SaradcSent, children=['ChannelId', 'GtmTriggerSelect'])
[DEBUG] DEBUG_XPATH: _parse_path('*[num:i($SaradcCheckindexIn + 1)]/ChannelId') -> parts=['*[num:i($SaradcCheckindexIn + 1)]', 'ChannelId']
[DEBUG] DEBUG_XPATH: Navigating segment '*' (axis=child) from 1 nodes
[DEBUG] DEBUG_XPATH:   Current context node: SaradcSent (type=container, path=/Mcu/GtmConfiguration/GtmConfiguration_0/GtmToPeripheral/GtmToPeripheral/SaradcSent, children=['ChannelId', 'GtmTriggerSelect'])
[DEBUG] DEBUG_XPATH: _parse_path('*[num:i($SaradcCheckindex + 1)]/ChannelId') -> parts=['*[num:i($SaradcCheckindex + 1)]', 'ChannelId']
[DEBUG] DEBUG_XPATH: Navigating segment '*' (axis=child) from 1 nodes
[DEBUG] DEBUG_XPATH:   Current context node: SaradcSent (type=container, path=/Mcu/GtmConfiguration/GtmConfiguration_0/GtmToPeripheral/GtmToPeripheral/SaradcSent, children=['ChannelId', 'GtmTriggerSelect'])
[DEBUG] DEBUG: Evaluating condition: $ChidIn = $ChidOut
[DEBUG] DEBUG: Comparison [$ChidIn = $ChidOut] => [None = None] Result: True
[DEBUG] DEBUG: Evaluating condition: $triggIn = $triggOut
[DEBUG] DEBUG: Comparison [$triggIn = $triggOut] => [both empty ''] Result: False
[DEBUG] DEBUG_XPATH: _parse_path('*[num:i($SaradcCheckindexIn + 1)]/GtmTriggerSelect') -> parts=['*[num:i($SaradcCheckindexIn + 1)]', 'GtmTriggerSelect']
[DEBUG] DEBUG_XPATH: Navigating segment '*' (axis=child) from 1 nodes
[DEBUG] DEBUG_XPATH:   Current context node: SaradcSent (type=container, path=/Mcu/GtmConfiguration/GtmConfiguration_0/GtmToPeripheral/GtmToPeripheral/SaradcSent, children=['ChannelId', 'GtmTriggerSelect'])
[DEBUG] DEBUG_XPATH: _parse_path('*[num:i($SaradcCheckindexIn + 1)]/GtmTriggerSelect') -> parts=['*[num:i($SaradcCheckindexIn + 1)]', 'GtmTriggerSelect']
[DEBUG] DEBUG_XPATH: Navigating segment '*' (axis=child) from 1 nodes
[DEBUG] DEBUG_XPATH:   Current context node: SaradcSent (type=container, path=/Mcu/GtmConfiguration/GtmConfiguration_0/GtmToPeripheral/GtmToPeripheral/SaradcSent, children=['ChannelId', 'GtmTriggerSelect'])
[DEBUG] DEBUG_XPATH: _parse_path('*[num:i($SaradcCheckindex + 1)]/GtmTriggerSelect') -> parts=['*[num:i($SaradcCheckindex + 1)]', 'GtmTriggerSelect']
[DEBUG] DEBUG_XPATH: Navigating segment '*' (axis=child) from 1 nodes
[DEBUG] DEBUG_XPATH:   Current context node: SaradcSent (type=container, path=/Mcu/GtmConfiguration/GtmConfiguration_0/GtmToPeripheral/GtmToPeripheral/SaradcSent, children=['ChannelId', 'GtmTriggerSelect'])
[DEBUG] DEBUG_XPATH: _parse_path('*[num:i($SaradcCheckindex + 1)]/GtmTriggerSelect') -> parts=['*[num:i($SaradcCheckindex + 1)]', 'GtmTriggerSelect']
[DEBUG] DEBUG_XPATH: Navigating segment '*' (axis=child) from 1 nodes
[DEBUG] DEBUG_XPATH:   Current context node: SaradcSent (type=container, path=/Mcu/GtmConfiguration/GtmConfiguration_0/GtmToPeripheral/GtmToPeripheral/SaradcSent, children=['ChannelId', 'GtmTriggerSelect'])
[DEBUG] DEBUG_XPATH: _parse_path('*[num:i($SaradcCheckindexIn + 1)]/ChannelId') -> parts=['*[num:i($SaradcCheckindexIn + 1)]', 'ChannelId']
[DEBUG] DEBUG_XPATH: Navigating segment '*' (axis=child) from 1 nodes
[DEBUG] DEBUG_XPATH:   Current context node: SaradcSent (type=container, path=/Mcu/GtmConfiguration/GtmConfiguration_0/GtmToPeripheral/GtmToPeripheral/SaradcSent, children=['ChannelId', 'GtmTriggerSelect'])
[DEBUG] DEBUG_XPATH: _parse_path('*[num:i($SaradcCheckindex + 1)]/ChannelId') -> parts=['*[num:i($SaradcCheckindex + 1)]', 'ChannelId']
[DEBUG] DEBUG_XPATH: Navigating segment '*' (axis=child) from 1 nodes
[DEBUG] DEBUG_XPATH:   Current context node: SaradcSent (type=container, path=/Mcu/GtmConfiguration/GtmConfiguration_0/GtmToPeripheral/GtmToPeripheral/SaradcSent, children=['ChannelId', 'GtmTriggerSelect'])
[DEBUG] DEBUG: Evaluating condition: $ChidIn = $ChidOut
[DEBUG] DEBUG: Comparison [$ChidIn = $ChidOut] => [None = None] Result: True
[DEBUG] DEBUG: Evaluating condition: $triggIn = $triggOut
[DEBUG] DEBUG: Comparison [$triggIn = $triggOut] => [both empty ''] Result: False
[DEBUG] DEBUG_XPATH: _parse_path('*[num:i($SaradcCheckindexIn + 1)]/GtmTriggerSelect') -> parts=['*[num:i($SaradcCheckindexIn + 1)]', 'GtmTriggerSelect']
[DEBUG] DEBUG_XPATH: Navigating segment '*' (axis=child) from 1 nodes
[DEBUG] DEBUG_XPATH:   Current context node: SaradcSent (type=container, path=/Mcu/GtmConfiguration/GtmConfiguration_0/GtmToPeripheral/GtmToPeripheral/SaradcSent, children=['ChannelId', 'GtmTriggerSelect'])
[DEBUG] DEBUG_XPATH: _parse_path('*[num:i($SaradcCheckindexIn + 1)]/GtmTriggerSelect') -> parts=['*[num:i($SaradcCheckindexIn + 1)]', 'GtmTriggerSelect']
[DEBUG] DEBUG_XPATH: Navigating segment '*' (axis=child) from 1 nodes
[DEBUG] DEBUG_XPATH:   Current context node: SaradcSent (type=container, path=/Mcu/GtmConfiguration/GtmConfiguration_0/GtmToPeripheral/GtmToPeripheral/SaradcSent, children=['ChannelId', 'GtmTriggerSelect'])
[DEBUG] DEBUG_XPATH: _parse_path('*[num:i($SaradcCheckindex + 1)]/GtmTriggerSelect') -> parts=['*[num:i($SaradcCheckindex + 1)]', 'GtmTriggerSelect']
[DEBUG] DEBUG_XPATH: Navigating segment '*' (axis=child) from 1 nodes
[DEBUG] DEBUG_XPATH:   Current context node: SaradcSent (type=container, path=/Mcu/GtmConfiguration/GtmConfiguration_0/GtmToPeripheral/GtmToPeripheral/SaradcSent, children=['ChannelId', 'GtmTriggerSelect'])
[DEBUG] DEBUG_XPATH: _parse_path('*[num:i($SaradcCheckindex + 1)]/GtmTriggerSelect') -> parts=['*[num:i($SaradcCheckindex + 1)]', 'GtmTriggerSelect']
[DEBUG] DEBUG_XPATH: Navigating segment '*' (axis=child) from 1 nodes
[DEBUG] DEBUG_XPATH:   Current context node: SaradcSent (type=container, path=/Mcu/GtmConfiguration/GtmConfiguration_0/GtmToPeripheral/GtmToPeripheral/SaradcSent, children=['ChannelId', 'GtmTriggerSelect'])
[DEBUG] DEBUG_XPATH: _parse_path('*[num:i($SaradcCheckindexIn + 1)]/ChannelId') -> parts=['*[num:i($SaradcCheckindexIn + 1)]', 'ChannelId']
[DEBUG] DEBUG_XPATH: Navigating segment '*' (axis=child) from 1 nodes
[DEBUG] DEBUG_XPATH:   Current context node: SaradcSent (type=container, path=/Mcu/GtmConfiguration/GtmConfiguration_0/GtmToPeripheral/GtmToPeripheral/SaradcSent, children=['ChannelId', 'GtmTriggerSelect'])
[DEBUG] DEBUG_XPATH: _parse_path('*[num:i($SaradcCheckindex + 1)]/ChannelId') -> parts=['*[num:i($SaradcCheckindex + 1)]', 'ChannelId']
[DEBUG] DEBUG_XPATH: Navigating segment '*' (axis=child) from 1 nodes
[DEBUG] DEBUG_XPATH:   Current context node: SaradcSent (type=container, path=/Mcu/GtmConfiguration/GtmConfiguration_0/GtmToPeripheral/GtmToPeripheral/SaradcSent, children=['ChannelId', 'GtmTriggerSelect'])
[DEBUG] DEBUG: Evaluating condition: $ChidIn = $ChidOut
[DEBUG] DEBUG: Comparison [$ChidIn = $ChidOut] => [None = None] Result: True
[DEBUG] DEBUG: Evaluating condition: $triggIn = $triggOut
[DEBUG] DEBUG: Comparison [$triggIn = $triggOut] => [both empty ''] Result: False
[DEBUG] DEBUG_XPATH: _parse_path('*[num:i($SaradcCheckindexIn + 1)]/GtmTriggerSelect') -> parts=['*[num:i($SaradcCheckindexIn + 1)]', 'GtmTriggerSelect']
[DEBUG] DEBUG_XPATH: Navigating segment '*' (axis=child) from 1 nodes
[DEBUG] DEBUG_XPATH:   Current context node: SaradcSent (type=container, path=/Mcu/GtmConfiguration/GtmConfiguration_0/GtmToPeripheral/GtmToPeripheral/SaradcSent, children=['ChannelId', 'GtmTriggerSelect'])
[DEBUG] DEBUG_XPATH: _parse_path('*[num:i($SaradcCheckindexIn + 1)]/GtmTriggerSelect') -> parts=['*[num:i($SaradcCheckindexIn + 1)]', 'GtmTriggerSelect']
[DEBUG] DEBUG_XPATH: Navigating segment '*' (axis=child) from 1 nodes
[DEBUG] DEBUG_XPATH:   Current context node: SaradcSent (type=container, path=/Mcu/GtmConfiguration/GtmConfiguration_0/GtmToPeripheral/GtmToPeripheral/SaradcSent, children=['ChannelId', 'GtmTriggerSelect'])
[DEBUG] DEBUG_XPATH: _parse_path('*[num:i($SaradcCheckindex + 1)]/GtmTriggerSelect') -> parts=['*[num:i($SaradcCheckindex + 1)]', 'GtmTriggerSelect']
[DEBUG] DEBUG_XPATH: Navigating segment '*' (axis=child) from 1 nodes
[DEBUG] DEBUG_XPATH:   Current context node: SaradcSent (type=container, path=/Mcu/GtmConfiguration/GtmConfiguration_0/GtmToPeripheral/GtmToPeripheral/SaradcSent, children=['ChannelId', 'GtmTriggerSelect'])
[DEBUG] DEBUG_XPATH: _parse_path('*[num:i($SaradcCheckindex + 1)]/GtmTriggerSelect') -> parts=['*[num:i($SaradcCheckindex + 1)]', 'GtmTriggerSelect']
[DEBUG] DEBUG_XPATH: Navigating segment '*' (axis=child) from 1 nodes
[DEBUG] DEBUG_XPATH:   Current context node: SaradcSent (type=container, path=/Mcu/GtmConfiguration/GtmConfiguration_0/GtmToPeripheral/GtmToPeripheral/SaradcSent, children=['ChannelId', 'GtmTriggerSelect'])
[DEBUG] DEBUG_XPATH: _parse_path('*[num:i($SaradcCheckindexIn + 1)]/ChannelId') -> parts=['*[num:i($SaradcCheckindexIn + 1)]', 'ChannelId']
[DEBUG] DEBUG_XPATH: Navigating segment '*' (axis=child) from 1 nodes
[DEBUG] DEBUG_XPATH:   Current context node: SaradcSent (type=container, path=/Mcu/GtmConfiguration/GtmConfiguration_0/GtmToPeripheral/GtmToPeripheral/SaradcSent, children=['ChannelId', 'GtmTriggerSelect'])
[DEBUG] DEBUG_XPATH: _parse_path('*[num:i($SaradcCheckindex + 1)]/ChannelId') -> parts=['*[num:i($SaradcCheckindex + 1)]', 'ChannelId']
[DEBUG] DEBUG_XPATH: Navigating segment '*' (axis=child) from 1 nodes
[DEBUG] DEBUG_XPATH:   Current context node: SaradcSent (type=container, path=/Mcu/GtmConfiguration/GtmConfiguration_0/GtmToPeripheral/GtmToPeripheral/SaradcSent, children=['ChannelId', 'GtmTriggerSelect'])
[DEBUG] DEBUG: Evaluating condition: $ChidIn = $ChidOut
[DEBUG] DEBUG: Comparison [$ChidIn = $ChidOut] => [None = None] Result: True
[DEBUG] DEBUG: Evaluating condition: $triggIn = $triggOut
[DEBUG] DEBUG: Comparison [$triggIn = $triggOut] => [both empty ''] Result: False
[DEBUG] DEBUG_XPATH: _parse_path('*[num:i($SaradcCheckindexIn + 1)]/GtmTriggerSelect') -> parts=['*[num:i($SaradcCheckindexIn + 1)]', 'GtmTriggerSelect']
[DEBUG] DEBUG_XPATH: Navigating segment '*' (axis=child) from 1 nodes
[DEBUG] DEBUG_XPATH:   Current context node: SaradcSent (type=container, path=/Mcu/GtmConfiguration/GtmConfiguration_0/GtmToPeripheral/GtmToPeripheral/SaradcSent, children=['ChannelId', 'GtmTriggerSelect'])
[DEBUG] DEBUG_XPATH: _parse_path('*[num:i($SaradcCheckindexIn + 1)]/GtmTriggerSelect') -> parts=['*[num:i($SaradcCheckindexIn + 1)]', 'GtmTriggerSelect']
[DEBUG] DEBUG_XPATH: Navigating segment '*' (axis=child) from 1 nodes
[DEBUG] DEBUG_XPATH:   Current context node: SaradcSent (type=container, path=/Mcu/GtmConfiguration/GtmConfiguration_0/GtmToPeripheral/GtmToPeripheral/SaradcSent, children=['ChannelId', 'GtmTriggerSelect'])
[DEBUG] DEBUG_XPATH: _parse_path('*[num:i($SaradcCheckindex + 1)]/GtmTriggerSelect') -> parts=['*[num:i($SaradcCheckindex + 1)]', 'GtmTriggerSelect']
[DEBUG] DEBUG_XPATH: Navigating segment '*' (axis=child) from 1 nodes
[DEBUG] DEBUG_XPATH:   Current context node: SaradcSent (type=container, path=/Mcu/GtmConfiguration/GtmConfiguration_0/GtmToPeripheral/GtmToPeripheral/SaradcSent, children=['ChannelId', 'GtmTriggerSelect'])
[DEBUG] DEBUG_XPATH: _parse_path('*[num:i($SaradcCheckindex + 1)]/GtmTriggerSelect') -> parts=['*[num:i($SaradcCheckindex + 1)]', 'GtmTriggerSelect']
[DEBUG] DEBUG_XPATH: Navigating segment '*' (axis=child) from 1 nodes
[DEBUG] DEBUG_XPATH:   Current context node: SaradcSent (type=container, path=/Mcu/GtmConfiguration/GtmConfiguration_0/GtmToPeripheral/GtmToPeripheral/SaradcSent, children=['ChannelId', 'GtmTriggerSelect'])
[DEBUG] DEBUG_XPATH: _parse_path('*[num:i($SaradcCheckindexIn + 1)]/ChannelId') -> parts=['*[num:i($SaradcCheckindexIn + 1)]', 'ChannelId']
[DEBUG] DEBUG_XPATH: Navigating segment '*' (axis=child) from 1 nodes
[DEBUG] DEBUG_XPATH:   Current context node: SaradcSent (type=container, path=/Mcu/GtmConfiguration/GtmConfiguration_0/GtmToPeripheral/GtmToPeripheral/SaradcSent, children=['ChannelId', 'GtmTriggerSelect'])
[DEBUG] DEBUG_XPATH: _parse_path('*[num:i($SaradcCheckindex + 1)]/ChannelId') -> parts=['*[num:i($SaradcCheckindex + 1)]', 'ChannelId']
[DEBUG] DEBUG_XPATH: Navigating segment '*' (axis=child) from 1 nodes
[DEBUG] DEBUG_XPATH:   Current context node: SaradcSent (type=container, path=/Mcu/GtmConfiguration/GtmConfiguration_0/GtmToPeripheral/GtmToPeripheral/SaradcSent, children=['ChannelId', 'GtmTriggerSelect'])
[DEBUG] DEBUG: Evaluating condition: $ChidIn = $ChidOut
[DEBUG] DEBUG: Comparison [$ChidIn = $ChidOut] => [None = None] Result: True
[DEBUG] DEBUG: Evaluating condition: $triggIn = $triggOut
[DEBUG] DEBUG: Comparison [$triggIn = $triggOut] => [both empty ''] Result: False
[DEBUG] DEBUG_XPATH: _parse_path('*[num:i($SaradcCheckindexIn + 1)]/GtmTriggerSelect') -> parts=['*[num:i($SaradcCheckindexIn + 1)]', 'GtmTriggerSelect']
[DEBUG] DEBUG_XPATH: Navigating segment '*' (axis=child) from 1 nodes
[DEBUG] DEBUG_XPATH:   Current context node: SaradcSent (type=container, path=/Mcu/GtmConfiguration/GtmConfiguration_0/GtmToPeripheral/GtmToPeripheral/SaradcSent, children=['ChannelId', 'GtmTriggerSelect'])
[DEBUG] DEBUG_XPATH: _parse_path('*[num:i($SaradcCheckindexIn + 1)]/GtmTriggerSelect') -> parts=['*[num:i($SaradcCheckindexIn + 1)]', 'GtmTriggerSelect']
[DEBUG] DEBUG_XPATH: Navigating segment '*' (axis=child) from 1 nodes
[DEBUG] DEBUG_XPATH:   Current context node: SaradcSent (type=container, path=/Mcu/GtmConfiguration/GtmConfiguration_0/GtmToPeripheral/GtmToPeripheral/SaradcSent, children=['ChannelId', 'GtmTriggerSelect'])
[DEBUG] DEBUG_XPATH: _parse_path('*[num:i($SaradcCheckindex + 1)]/GtmTriggerSelect') -> parts=['*[num:i($SaradcCheckindex + 1)]', 'GtmTriggerSelect']
[DEBUG] DEBUG_XPATH: Navigating segment '*' (axis=child) from 1 nodes
[DEBUG] DEBUG_XPATH:   Current context node: SaradcSent (type=container, path=/Mcu/GtmConfiguration/GtmConfiguration_0/GtmToPeripheral/GtmToPeripheral/SaradcSent, children=['ChannelId', 'GtmTriggerSelect'])
[DEBUG] DEBUG_XPATH: _parse_path('*[num:i($SaradcCheckindex + 1)]/GtmTriggerSelect') -> parts=['*[num:i($SaradcCheckindex + 1)]', 'GtmTriggerSelect']
[DEBUG] DEBUG_XPATH: Navigating segment '*' (axis=child) from 1 nodes
[DEBUG] DEBUG_XPATH:   Current context node: SaradcSent (type=container, path=/Mcu/GtmConfiguration/GtmConfiguration_0/GtmToPeripheral/GtmToPeripheral/SaradcSent, children=['ChannelId', 'GtmTriggerSelect'])
[DEBUG] DEBUG_XPATH: _parse_path('*[num:i($SaradcCheckindexIn + 1)]/ChannelId') -> parts=['*[num:i($SaradcCheckindexIn + 1)]', 'ChannelId']
[DEBUG] DEBUG_XPATH: Navigating segment '*' (axis=child) from 1 nodes
[DEBUG] DEBUG_XPATH:   Current context node: SaradcSent (type=container, path=/Mcu/GtmConfiguration/GtmConfiguration_0/GtmToPeripheral/GtmToPeripheral/SaradcSent, children=['ChannelId', 'GtmTriggerSelect'])
[DEBUG] DEBUG_XPATH: _parse_path('*[num:i($SaradcCheckindex + 1)]/ChannelId') -> parts=['*[num:i($SaradcCheckindex + 1)]', 'ChannelId']
[DEBUG] DEBUG_XPATH: Navigating segment '*' (axis=child) from 1 nodes
[DEBUG] DEBUG_XPATH:   Current context node: SaradcSent (type=container, path=/Mcu/GtmConfiguration/GtmConfiguration_0/GtmToPeripheral/GtmToPeripheral/SaradcSent, children=['ChannelId', 'GtmTriggerSelect'])
[DEBUG] DEBUG: Evaluating condition: $ChidIn = $ChidOut
[DEBUG] DEBUG: Comparison [$ChidIn = $ChidOut] => [None = None] Result: True
[DEBUG] DEBUG: Evaluating condition: $triggIn = $triggOut
[DEBUG] DEBUG: Comparison [$triggIn = $triggOut] => [both empty ''] Result: False
[DEBUG] DEBUG_XPATH: _parse_path('*[num:i($SaradcCheckindexIn + 1)]/GtmTriggerSelect') -> parts=['*[num:i($SaradcCheckindexIn + 1)]', 'GtmTriggerSelect']
[DEBUG] DEBUG_XPATH: Navigating segment '*' (axis=child) from 1 nodes
[DEBUG] DEBUG_XPATH:   Current context node: SaradcSent (type=container, path=/Mcu/GtmConfiguration/GtmConfiguration_0/GtmToPeripheral/GtmToPeripheral/SaradcSent, children=['ChannelId', 'GtmTriggerSelect'])
[DEBUG] DEBUG_XPATH: _parse_path('*[num:i($SaradcCheckindexIn + 1)]/GtmTriggerSelect') -> parts=['*[num:i($SaradcCheckindexIn + 1)]', 'GtmTriggerSelect']
[DEBUG] DEBUG_XPATH: Navigating segment '*' (axis=child) from 1 nodes
[DEBUG] DEBUG_XPATH:   Current context node: SaradcSent (type=container, path=/Mcu/GtmConfiguration/GtmConfiguration_0/GtmToPeripheral/GtmToPeripheral/SaradcSent, children=['ChannelId', 'GtmTriggerSelect'])
[DEBUG] DEBUG_XPATH: _parse_path('*[num:i($SaradcCheckindex + 1)]/GtmTriggerSelect') -> parts=['*[num:i($SaradcCheckindex + 1)]', 'GtmTriggerSelect']
[DEBUG] DEBUG_XPATH: Navigating segment '*' (axis=child) from 1 nodes
[DEBUG] DEBUG_XPATH:   Current context node: SaradcSent (type=container, path=/Mcu/GtmConfiguration/GtmConfiguration_0/GtmToPeripheral/GtmToPeripheral/SaradcSent, children=['ChannelId', 'GtmTriggerSelect'])
[DEBUG] DEBUG_XPATH: _parse_path('*[num:i($SaradcCheckindex + 1)]/GtmTriggerSelect') -> parts=['*[num:i($SaradcCheckindex + 1)]', 'GtmTriggerSelect']
[DEBUG] DEBUG_XPATH: Navigating segment '*' (axis=child) from 1 nodes
[DEBUG] DEBUG_XPATH:   Current context node: SaradcSent (type=container, path=/Mcu/GtmConfiguration/GtmConfiguration_0/GtmToPeripheral/GtmToPeripheral/SaradcSent, children=['ChannelId', 'GtmTriggerSelect'])
[DEBUG] DEBUG_XPATH: _parse_path('*[num:i($SaradcCheckindexIn + 1)]/ChannelId') -> parts=['*[num:i($SaradcCheckindexIn + 1)]', 'ChannelId']
[DEBUG] DEBUG_XPATH: Navigating segment '*' (axis=child) from 1 nodes
[DEBUG] DEBUG_XPATH:   Current context node: SaradcSent (type=container, path=/Mcu/GtmConfiguration/GtmConfiguration_0/GtmToPeripheral/GtmToPeripheral/SaradcSent, children=['ChannelId', 'GtmTriggerSelect'])
[DEBUG] DEBUG_XPATH: _parse_path('*[num:i($SaradcCheckindex + 1)]/ChannelId') -> parts=['*[num:i($SaradcCheckindex + 1)]', 'ChannelId']
[DEBUG] DEBUG_XPATH: Navigating segment '*' (axis=child) from 1 nodes
[DEBUG] DEBUG_XPATH:   Current context node: SaradcSent (type=container, path=/Mcu/GtmConfiguration/GtmConfiguration_0/GtmToPeripheral/GtmToPeripheral/SaradcSent, children=['ChannelId', 'GtmTriggerSelect'])
[DEBUG] DEBUG: Evaluating condition: $ChidIn = $ChidOut
[DEBUG] DEBUG: Comparison [$ChidIn = $ChidOut] => [None = None] Result: True
[DEBUG] DEBUG: Evaluating condition: $triggIn = $triggOut
[DEBUG] DEBUG: Comparison [$triggIn = $triggOut] => [both empty ''] Result: False
[DEBUG] DEBUG_XPATH: _parse_path('*[num:i($SaradcCheckindexIn + 1)]/GtmTriggerSelect') -> parts=['*[num:i($SaradcCheckindexIn + 1)]', 'GtmTriggerSelect']
[DEBUG] DEBUG_XPATH: Navigating segment '*' (axis=child) from 1 nodes
[DEBUG] DEBUG_XPATH:   Current context node: SaradcSent (type=container, path=/Mcu/GtmConfiguration/GtmConfiguration_0/GtmToPeripheral/GtmToPeripheral/SaradcSent, children=['ChannelId', 'GtmTriggerSelect'])
[DEBUG] DEBUG_XPATH: _parse_path('*[num:i($SaradcCheckindexIn + 1)]/GtmTriggerSelect') -> parts=['*[num:i($SaradcCheckindexIn + 1)]', 'GtmTriggerSelect']
[DEBUG] DEBUG_XPATH: Navigating segment '*' (axis=child) from 1 nodes
[DEBUG] DEBUG_XPATH:   Current context node: SaradcSent (type=container, path=/Mcu/GtmConfiguration/GtmConfiguration_0/GtmToPeripheral/GtmToPeripheral/SaradcSent, children=['ChannelId', 'GtmTriggerSelect'])
[DEBUG] DEBUG_XPATH: _parse_path('*[num:i($SaradcCheckindex + 1)]/GtmTriggerSelect') -> parts=['*[num:i($SaradcCheckindex + 1)]', 'GtmTriggerSelect']
[DEBUG] DEBUG_XPATH: Navigating segment '*' (axis=child) from 1 nodes
[DEBUG] DEBUG_XPATH:   Current context node: SaradcSent (type=container, path=/Mcu/GtmConfiguration/GtmConfiguration_0/GtmToPeripheral/GtmToPeripheral/SaradcSent, children=['ChannelId', 'GtmTriggerSelect'])
[DEBUG] DEBUG_XPATH: _parse_path('*[num:i($SaradcCheckindex + 1)]/GtmTriggerSelect') -> parts=['*[num:i($SaradcCheckindex + 1)]', 'GtmTriggerSelect']
[DEBUG] DEBUG_XPATH: Navigating segment '*' (axis=child) from 1 nodes
[DEBUG] DEBUG_XPATH:   Current context node: SaradcSent (type=container, path=/Mcu/GtmConfiguration/GtmConfiguration_0/GtmToPeripheral/GtmToPeripheral/SaradcSent, children=['ChannelId', 'GtmTriggerSelect'])
[DEBUG] DEBUG_XPATH: _parse_path('*[num:i($SaradcCheckindexIn + 1)]/ChannelId') -> parts=['*[num:i($SaradcCheckindexIn + 1)]', 'ChannelId']
[DEBUG] DEBUG_XPATH: Navigating segment '*' (axis=child) from 1 nodes
[DEBUG] DEBUG_XPATH:   Current context node: SaradcSent (type=container, path=/Mcu/GtmConfiguration/GtmConfiguration_0/GtmToPeripheral/GtmToPeripheral/SaradcSent, children=['ChannelId', 'GtmTriggerSelect'])
[DEBUG] DEBUG_XPATH: _parse_path('*[num:i($SaradcCheckindex + 1)]/ChannelId') -> parts=['*[num:i($SaradcCheckindex + 1)]', 'ChannelId']
[DEBUG] DEBUG_XPATH: Navigating segment '*' (axis=child) from 1 nodes
[DEBUG] DEBUG_XPATH:   Current context node: SaradcSent (type=container, path=/Mcu/GtmConfiguration/GtmConfiguration_0/GtmToPeripheral/GtmToPeripheral/SaradcSent, children=['ChannelId', 'GtmTriggerSelect'])
[DEBUG] DEBUG: Evaluating condition: $ChidIn = $ChidOut
[DEBUG] DEBUG: Comparison [$ChidIn = $ChidOut] => [None = None] Result: True
[DEBUG] DEBUG: Evaluating condition: $triggIn = $triggOut
[DEBUG] DEBUG: Comparison [$triggIn = $triggOut] => [both empty ''] Result: False
[DEBUG] DEBUG_XPATH: _parse_path('*[num:i($SaradcCheckindexIn + 1)]/GtmTriggerSelect') -> parts=['*[num:i($SaradcCheckindexIn + 1)]', 'GtmTriggerSelect']
[DEBUG] DEBUG_XPATH: Navigating segment '*' (axis=child) from 1 nodes
[DEBUG] DEBUG_XPATH:   Current context node: SaradcSent (type=container, path=/Mcu/GtmConfiguration/GtmConfiguration_0/GtmToPeripheral/GtmToPeripheral/SaradcSent, children=['ChannelId', 'GtmTriggerSelect'])
[DEBUG] DEBUG_XPATH: _parse_path('*[num:i($SaradcCheckindexIn + 1)]/GtmTriggerSelect') -> parts=['*[num:i($SaradcCheckindexIn + 1)]', 'GtmTriggerSelect']
[DEBUG] DEBUG_XPATH: Navigating segment '*' (axis=child) from 1 nodes
[DEBUG] DEBUG_XPATH:   Current context node: SaradcSent (type=container, path=/Mcu/GtmConfiguration/GtmConfiguration_0/GtmToPeripheral/GtmToPeripheral/SaradcSent, children=['ChannelId', 'GtmTriggerSelect'])
[DEBUG] DEBUG_XPATH: _parse_path('*[num:i($SaradcCheckindex + 1)]/GtmTriggerSelect') -> parts=['*[num:i($SaradcCheckindex + 1)]', 'GtmTriggerSelect']
[DEBUG] DEBUG_XPATH: Navigating segment '*' (axis=child) from 1 nodes
[DEBUG] DEBUG_XPATH:   Current context node: SaradcSent (type=container, path=/Mcu/GtmConfiguration/GtmConfiguration_0/GtmToPeripheral/GtmToPeripheral/SaradcSent, children=['ChannelId', 'GtmTriggerSelect'])
[DEBUG] DEBUG_XPATH: _parse_path('*[num:i($SaradcCheckindex + 1)]/GtmTriggerSelect') -> parts=['*[num:i($SaradcCheckindex + 1)]', 'GtmTriggerSelect']
[DEBUG] DEBUG_XPATH: Navigating segment '*' (axis=child) from 1 nodes
[DEBUG] DEBUG_XPATH:   Current context node: SaradcSent (type=container, path=/Mcu/GtmConfiguration/GtmConfiguration_0/GtmToPeripheral/GtmToPeripheral/SaradcSent, children=['ChannelId', 'GtmTriggerSelect'])
[DEBUG] DEBUG_XPATH: _parse_path('*[num:i($SaradcCheckindexIn + 1)]/ChannelId') -> parts=['*[num:i($SaradcCheckindexIn + 1)]', 'ChannelId']
[DEBUG] DEBUG_XPATH: Navigating segment '*' (axis=child) from 1 nodes
[DEBUG] DEBUG_XPATH:   Current context node: SaradcSent (type=container, path=/Mcu/GtmConfiguration/GtmConfiguration_0/GtmToPeripheral/GtmToPeripheral/SaradcSent, children=['ChannelId', 'GtmTriggerSelect'])
[DEBUG] DEBUG_XPATH: _parse_path('*[num:i($SaradcCheckindex + 1)]/ChannelId') -> parts=['*[num:i($SaradcCheckindex + 1)]', 'ChannelId']
[DEBUG] DEBUG_XPATH: Navigating segment '*' (axis=child) from 1 nodes
[DEBUG] DEBUG_XPATH:   Current context node: SaradcSent (type=container, path=/Mcu/GtmConfiguration/GtmConfiguration_0/GtmToPeripheral/GtmToPeripheral/SaradcSent, children=['ChannelId', 'GtmTriggerSelect'])
[DEBUG] DEBUG: Evaluating condition: $ChidIn = $ChidOut
[DEBUG] DEBUG: Comparison [$ChidIn = $ChidOut] => [None = None] Result: True
[DEBUG] DEBUG: Evaluating condition: $triggIn = $triggOut
[DEBUG] DEBUG: Comparison [$triggIn = $triggOut] => [both empty ''] Result: False
[DEBUG] DEBUG_XPATH: _parse_path('*[num:i($SaradcCheckindexIn + 1)]/GtmTriggerSelect') -> parts=['*[num:i($SaradcCheckindexIn + 1)]', 'GtmTriggerSelect']
[DEBUG] DEBUG_XPATH: Navigating segment '*' (axis=child) from 1 nodes
[DEBUG] DEBUG_XPATH:   Current context node: SaradcSent (type=container, path=/Mcu/GtmConfiguration/GtmConfiguration_0/GtmToPeripheral/GtmToPeripheral/SaradcSent, children=['ChannelId', 'GtmTriggerSelect'])
[DEBUG] DEBUG_XPATH: _parse_path('*[num:i($SaradcCheckindexIn + 1)]/GtmTriggerSelect') -> parts=['*[num:i($SaradcCheckindexIn + 1)]', 'GtmTriggerSelect']
[DEBUG] DEBUG_XPATH: Navigating segment '*' (axis=child) from 1 nodes
[DEBUG] DEBUG_XPATH:   Current context node: SaradcSent (type=container, path=/Mcu/GtmConfiguration/GtmConfiguration_0/GtmToPeripheral/GtmToPeripheral/SaradcSent, children=['ChannelId', 'GtmTriggerSelect'])
[DEBUG] DEBUG_XPATH: _parse_path('*[num:i($SaradcCheckindex + 1)]/GtmTriggerSelect') -> parts=['*[num:i($SaradcCheckindex + 1)]', 'GtmTriggerSelect']
[DEBUG] DEBUG_XPATH: Navigating segment '*' (axis=child) from 1 nodes
[DEBUG] DEBUG_XPATH:   Current context node: SaradcSent (type=container, path=/Mcu/GtmConfiguration/GtmConfiguration_0/GtmToPeripheral/GtmToPeripheral/SaradcSent, children=['ChannelId', 'GtmTriggerSelect'])
[DEBUG] DEBUG_XPATH: _parse_path('*[num:i($SaradcCheckindex + 1)]/GtmTriggerSelect') -> parts=['*[num:i($SaradcCheckindex + 1)]', 'GtmTriggerSelect']
[DEBUG] DEBUG_XPATH: Navigating segment '*' (axis=child) from 1 nodes
[DEBUG] DEBUG_XPATH:   Current context node: SaradcSent (type=container, path=/Mcu/GtmConfiguration/GtmConfiguration_0/GtmToPeripheral/GtmToPeripheral/SaradcSent, children=['ChannelId', 'GtmTriggerSelect'])
[DEBUG] DEBUG_XPATH: _parse_path('*[num:i($SaradcCheckindexIn + 1)]/ChannelId') -> parts=['*[num:i($SaradcCheckindexIn + 1)]', 'ChannelId']
[DEBUG] DEBUG_XPATH: Navigating segment '*' (axis=child) from 1 nodes
[DEBUG] DEBUG_XPATH:   Current context node: SaradcSent (type=container, path=/Mcu/GtmConfiguration/GtmConfiguration_0/GtmToPeripheral/GtmToPeripheral/SaradcSent, children=['ChannelId', 'GtmTriggerSelect'])
[DEBUG] DEBUG_XPATH: _parse_path('*[num:i($SaradcCheckindex + 1)]/ChannelId') -> parts=['*[num:i($SaradcCheckindex + 1)]', 'ChannelId']
[DEBUG] DEBUG_XPATH: Navigating segment '*' (axis=child) from 1 nodes
[DEBUG] DEBUG_XPATH:   Current context node: SaradcSent (type=container, path=/Mcu/GtmConfiguration/GtmConfiguration_0/GtmToPeripheral/GtmToPeripheral/SaradcSent, children=['ChannelId', 'GtmTriggerSelect'])
[DEBUG] DEBUG: Evaluating condition: $ChidIn = $ChidOut
[DEBUG] DEBUG: Comparison [$ChidIn = $ChidOut] => [None = None] Result: True
[DEBUG] DEBUG: Evaluating condition: $triggIn = $triggOut
[DEBUG] DEBUG: Comparison [$triggIn = $triggOut] => [both empty ''] Result: False
[DEBUG] DEBUG_XPATH: _parse_path('*[num:i($SaradcCheckindexIn + 1)]/GtmTriggerSelect') -> parts=['*[num:i($SaradcCheckindexIn + 1)]', 'GtmTriggerSelect']
[DEBUG] DEBUG_XPATH: Navigating segment '*' (axis=child) from 1 nodes
[DEBUG] DEBUG_XPATH:   Current context node: SaradcSent (type=container, path=/Mcu/GtmConfiguration/GtmConfiguration_0/GtmToPeripheral/GtmToPeripheral/SaradcSent, children=['ChannelId', 'GtmTriggerSelect'])
[DEBUG] DEBUG_XPATH: _parse_path('*[num:i($SaradcCheckindexIn + 1)]/GtmTriggerSelect') -> parts=['*[num:i($SaradcCheckindexIn + 1)]', 'GtmTriggerSelect']
[DEBUG] DEBUG_XPATH: Navigating segment '*' (axis=child) from 1 nodes
[DEBUG] DEBUG_XPATH:   Current context node: SaradcSent (type=container, path=/Mcu/GtmConfiguration/GtmConfiguration_0/GtmToPeripheral/GtmToPeripheral/SaradcSent, children=['ChannelId', 'GtmTriggerSelect'])
[DEBUG] DEBUG_XPATH: _parse_path('*[num:i($SaradcCheckindex + 1)]/GtmTriggerSelect') -> parts=['*[num:i($SaradcCheckindex + 1)]', 'GtmTriggerSelect']
[DEBUG] DEBUG_XPATH: Navigating segment '*' (axis=child) from 1 nodes
[DEBUG] DEBUG_XPATH:   Current context node: SaradcSent (type=container, path=/Mcu/GtmConfiguration/GtmConfiguration_0/GtmToPeripheral/GtmToPeripheral/SaradcSent, children=['ChannelId', 'GtmTriggerSelect'])
[DEBUG] DEBUG_XPATH: _parse_path('*[num:i($SaradcCheckindex + 1)]/GtmTriggerSelect') -> parts=['*[num:i($SaradcCheckindex + 1)]', 'GtmTriggerSelect']
[DEBUG] DEBUG_XPATH: Navigating segment '*' (axis=child) from 1 nodes
[DEBUG] DEBUG_XPATH:   Current context node: SaradcSent (type=container, path=/Mcu/GtmConfiguration/GtmConfiguration_0/GtmToPeripheral/GtmToPeripheral/SaradcSent, children=['ChannelId', 'GtmTriggerSelect'])
[DEBUG] DEBUG_XPATH: _parse_path('*[num:i($SaradcCheckindexIn + 1)]/ChannelId') -> parts=['*[num:i($SaradcCheckindexIn + 1)]', 'ChannelId']
[DEBUG] DEBUG_XPATH: Navigating segment '*' (axis=child) from 1 nodes
[DEBUG] DEBUG_XPATH:   Current context node: SaradcSent (type=container, path=/Mcu/GtmConfiguration/GtmConfiguration_0/GtmToPeripheral/GtmToPeripheral/SaradcSent, children=['ChannelId', 'GtmTriggerSelect'])
[DEBUG] DEBUG_XPATH: _parse_path('*[num:i($SaradcCheckindex + 1)]/ChannelId') -> parts=['*[num:i($SaradcCheckindex + 1)]', 'ChannelId']
[DEBUG] DEBUG_XPATH: Navigating segment '*' (axis=child) from 1 nodes
[DEBUG] DEBUG_XPATH:   Current context node: SaradcSent (type=container, path=/Mcu/GtmConfiguration/GtmConfiguration_0/GtmToPeripheral/GtmToPeripheral/SaradcSent, children=['ChannelId', 'GtmTriggerSelect'])
[DEBUG] DEBUG: Evaluating condition: $ChidIn = $ChidOut
[DEBUG] DEBUG: Comparison [$ChidIn = $ChidOut] => [None = None] Result: True
[DEBUG] DEBUG: Evaluating condition: $triggIn = $triggOut
[DEBUG] DEBUG: Comparison [$triggIn = $triggOut] => [both empty ''] Result: False
[DEBUG] DEBUG_XPATH: _parse_path('*[num:i($SaradcCheckindexIn + 1)]/GtmTriggerSelect') -> parts=['*[num:i($SaradcCheckindexIn + 1)]', 'GtmTriggerSelect']
[DEBUG] DEBUG_XPATH: Navigating segment '*' (axis=child) from 1 nodes
[DEBUG] DEBUG_XPATH:   Current context node: SaradcSent (type=container, path=/Mcu/GtmConfiguration/GtmConfiguration_0/GtmToPeripheral/GtmToPeripheral/SaradcSent, children=['ChannelId', 'GtmTriggerSelect'])
[DEBUG] DEBUG_XPATH: _parse_path('*[num:i($SaradcCheckindexIn + 1)]/GtmTriggerSelect') -> parts=['*[num:i($SaradcCheckindexIn + 1)]', 'GtmTriggerSelect']
[DEBUG] DEBUG_XPATH: Navigating segment '*' (axis=child) from 1 nodes
[DEBUG] DEBUG_XPATH:   Current context node: SaradcSent (type=container, path=/Mcu/GtmConfiguration/GtmConfiguration_0/GtmToPeripheral/GtmToPeripheral/SaradcSent, children=['ChannelId', 'GtmTriggerSelect'])
[DEBUG] DEBUG_XPATH: _parse_path('*[num:i($SaradcCheckindex + 1)]/GtmTriggerSelect') -> parts=['*[num:i($SaradcCheckindex + 1)]', 'GtmTriggerSelect']
[DEBUG] DEBUG_XPATH: Navigating segment '*' (axis=child) from 1 nodes
[DEBUG] DEBUG_XPATH:   Current context node: SaradcSent (type=container, path=/Mcu/GtmConfiguration/GtmConfiguration_0/GtmToPeripheral/GtmToPeripheral/SaradcSent, children=['ChannelId', 'GtmTriggerSelect'])
[DEBUG] DEBUG_XPATH: _parse_path('*[num:i($SaradcCheckindex + 1)]/GtmTriggerSelect') -> parts=['*[num:i($SaradcCheckindex + 1)]', 'GtmTriggerSelect']
[DEBUG] DEBUG_XPATH: Navigating segment '*' (axis=child) from 1 nodes
[DEBUG] DEBUG_XPATH:   Current context node: SaradcSent (type=container, path=/Mcu/GtmConfiguration/GtmConfiguration_0/GtmToPeripheral/GtmToPeripheral/SaradcSent, children=['ChannelId', 'GtmTriggerSelect'])
[DEBUG] DEBUG_XPATH: _parse_path('*[num:i($SaradcCheckindexIn + 1)]/ChannelId') -> parts=['*[num:i($SaradcCheckindexIn + 1)]', 'ChannelId']
[DEBUG] DEBUG_XPATH: Navigating segment '*' (axis=child) from 1 nodes
[DEBUG] DEBUG_XPATH:   Current context node: SaradcSent (type=container, path=/Mcu/GtmConfiguration/GtmConfiguration_0/GtmToPeripheral/GtmToPeripheral/SaradcSent, children=['ChannelId', 'GtmTriggerSelect'])
[DEBUG] DEBUG_XPATH: _parse_path('*[num:i($SaradcCheckindex + 1)]/ChannelId') -> parts=['*[num:i($SaradcCheckindex + 1)]', 'ChannelId']
[DEBUG] DEBUG_XPATH: Navigating segment '*' (axis=child) from 1 nodes
[DEBUG] DEBUG_XPATH:   Current context node: SaradcSent (type=container, path=/Mcu/GtmConfiguration/GtmConfiguration_0/GtmToPeripheral/GtmToPeripheral/SaradcSent, children=['ChannelId', 'GtmTriggerSelect'])
[DEBUG] DEBUG: Evaluating condition: $ChidIn = $ChidOut
[DEBUG] DEBUG: Comparison [$ChidIn = $ChidOut] => [None = None] Result: True
[DEBUG] DEBUG: Evaluating condition: $triggIn = $triggOut
[DEBUG] DEBUG: Comparison [$triggIn = $triggOut] => [both empty ''] Result: False
[DEBUG] DEBUG_XPATH: _parse_path('*[num:i($SaradcCheckindexIn + 1)]/GtmTriggerSelect') -> parts=['*[num:i($SaradcCheckindexIn + 1)]', 'GtmTriggerSelect']
[DEBUG] DEBUG_XPATH: Navigating segment '*' (axis=child) from 1 nodes
[DEBUG] DEBUG_XPATH:   Current context node: SaradcSent (type=container, path=/Mcu/GtmConfiguration/GtmConfiguration_0/GtmToPeripheral/GtmToPeripheral/SaradcSent, children=['ChannelId', 'GtmTriggerSelect'])
[DEBUG] DEBUG_XPATH: _parse_path('*[num:i($SaradcCheckindexIn + 1)]/GtmTriggerSelect') -> parts=['*[num:i($SaradcCheckindexIn + 1)]', 'GtmTriggerSelect']
[DEBUG] DEBUG_XPATH: Navigating segment '*' (axis=child) from 1 nodes
[DEBUG] DEBUG_XPATH:   Current context node: SaradcSent (type=container, path=/Mcu/GtmConfiguration/GtmConfiguration_0/GtmToPeripheral/GtmToPeripheral/SaradcSent, children=['ChannelId', 'GtmTriggerSelect'])
[DEBUG] DEBUG_XPATH: _parse_path('*[num:i($SaradcCheckindex + 1)]/GtmTriggerSelect') -> parts=['*[num:i($SaradcCheckindex + 1)]', 'GtmTriggerSelect']
[DEBUG] DEBUG_XPATH: Navigating segment '*' (axis=child) from 1 nodes
[DEBUG] DEBUG_XPATH:   Current context node: SaradcSent (type=container, path=/Mcu/GtmConfiguration/GtmConfiguration_0/GtmToPeripheral/GtmToPeripheral/SaradcSent, children=['ChannelId', 'GtmTriggerSelect'])
[DEBUG] DEBUG_XPATH: _parse_path('*[num:i($SaradcCheckindex + 1)]/GtmTriggerSelect') -> parts=['*[num:i($SaradcCheckindex + 1)]', 'GtmTriggerSelect']
[DEBUG] DEBUG_XPATH: Navigating segment '*' (axis=child) from 1 nodes
[DEBUG] DEBUG_XPATH:   Current context node: SaradcSent (type=container, path=/Mcu/GtmConfiguration/GtmConfiguration_0/GtmToPeripheral/GtmToPeripheral/SaradcSent, children=['ChannelId', 'GtmTriggerSelect'])
[DEBUG] DEBUG_XPATH: _parse_path('*[num:i($SaradcCheckindexIn + 1)]/ChannelId') -> parts=['*[num:i($SaradcCheckindexIn + 1)]', 'ChannelId']
[DEBUG] DEBUG_XPATH: Navigating segment '*' (axis=child) from 1 nodes
[DEBUG] DEBUG_XPATH:   Current context node: SaradcSent (type=container, path=/Mcu/GtmConfiguration/GtmConfiguration_0/GtmToPeripheral/GtmToPeripheral/SaradcSent, children=['ChannelId', 'GtmTriggerSelect'])
[DEBUG] DEBUG_XPATH: _parse_path('*[num:i($SaradcCheckindex + 1)]/ChannelId') -> parts=['*[num:i($SaradcCheckindex + 1)]', 'ChannelId']
[DEBUG] DEBUG_XPATH: Navigating segment '*' (axis=child) from 1 nodes
[DEBUG] DEBUG_XPATH:   Current context node: SaradcSent (type=container, path=/Mcu/GtmConfiguration/GtmConfiguration_0/GtmToPeripheral/GtmToPeripheral/SaradcSent, children=['ChannelId', 'GtmTriggerSelect'])
[DEBUG] DEBUG: Evaluating condition: $ChidIn = $ChidOut
[DEBUG] DEBUG: Comparison [$ChidIn = $ChidOut] => [None = None] Result: True
[DEBUG] DEBUG: Evaluating condition: $triggIn = $triggOut
[DEBUG] DEBUG: Comparison [$triggIn = $triggOut] => [both empty ''] Result: False
[DEBUG] DEBUG_XPATH: _parse_path('*[num:i($SaradcCheckindexIn + 1)]/GtmTriggerSelect') -> parts=['*[num:i($SaradcCheckindexIn + 1)]', 'GtmTriggerSelect']
[DEBUG] DEBUG_XPATH: Navigating segment '*' (axis=child) from 1 nodes
[DEBUG] DEBUG_XPATH:   Current context node: SaradcSent (type=container, path=/Mcu/GtmConfiguration/GtmConfiguration_0/GtmToPeripheral/GtmToPeripheral/SaradcSent, children=['ChannelId', 'GtmTriggerSelect'])
[DEBUG] DEBUG_XPATH: _parse_path('*[num:i($SaradcCheckindexIn + 1)]/GtmTriggerSelect') -> parts=['*[num:i($SaradcCheckindexIn + 1)]', 'GtmTriggerSelect']
[DEBUG] DEBUG_XPATH: Navigating segment '*' (axis=child) from 1 nodes
[DEBUG] DEBUG_XPATH:   Current context node: SaradcSent (type=container, path=/Mcu/GtmConfiguration/GtmConfiguration_0/GtmToPeripheral/GtmToPeripheral/SaradcSent, children=['ChannelId', 'GtmTriggerSelect'])
[DEBUG] DEBUG_XPATH: _parse_path('*[num:i($SaradcCheckindex + 1)]/GtmTriggerSelect') -> parts=['*[num:i($SaradcCheckindex + 1)]', 'GtmTriggerSelect']
[DEBUG] DEBUG_XPATH: Navigating segment '*' (axis=child) from 1 nodes
[DEBUG] DEBUG_XPATH:   Current context node: SaradcSent (type=container, path=/Mcu/GtmConfiguration/GtmConfiguration_0/GtmToPeripheral/GtmToPeripheral/SaradcSent, children=['ChannelId', 'GtmTriggerSelect'])
[DEBUG] DEBUG_XPATH: _parse_path('*[num:i($SaradcCheckindex + 1)]/GtmTriggerSelect') -> parts=['*[num:i($SaradcCheckindex + 1)]', 'GtmTriggerSelect']
[DEBUG] DEBUG_XPATH: Navigating segment '*' (axis=child) from 1 nodes
[DEBUG] DEBUG_XPATH:   Current context node: SaradcSent (type=container, path=/Mcu/GtmConfiguration/GtmConfiguration_0/GtmToPeripheral/GtmToPeripheral/SaradcSent, children=['ChannelId', 'GtmTriggerSelect'])
[DEBUG] DEBUG_XPATH: _parse_path('*[num:i($SaradcCheckindexIn + 1)]/ChannelId') -> parts=['*[num:i($SaradcCheckindexIn + 1)]', 'ChannelId']
[DEBUG] DEBUG_XPATH: Navigating segment '*' (axis=child) from 1 nodes
[DEBUG] DEBUG_XPATH:   Current context node: SaradcSent (type=container, path=/Mcu/GtmConfiguration/GtmConfiguration_0/GtmToPeripheral/GtmToPeripheral/SaradcSent, children=['ChannelId', 'GtmTriggerSelect'])
[DEBUG] DEBUG_XPATH: _parse_path('*[num:i($SaradcCheckindex + 1)]/ChannelId') -> parts=['*[num:i($SaradcCheckindex + 1)]', 'ChannelId']
[DEBUG] DEBUG_XPATH: Navigating segment '*' (axis=child) from 1 nodes
[DEBUG] DEBUG_XPATH:   Current context node: SaradcSent (type=container, path=/Mcu/GtmConfiguration/GtmConfiguration_0/GtmToPeripheral/GtmToPeripheral/SaradcSent, children=['ChannelId', 'GtmTriggerSelect'])
[DEBUG] DEBUG: Evaluating condition: $ChidIn = $ChidOut
[DEBUG] DEBUG: Comparison [$ChidIn = $ChidOut] => [None = None] Result: True
[DEBUG] DEBUG: Evaluating condition: $triggIn = $triggOut
[DEBUG] DEBUG: Comparison [$triggIn = $triggOut] => [both empty ''] Result: False
[DEBUG] DEBUG_XPATH: _parse_path('*[num:i($SaradcCheckindexIn + 1)]/GtmTriggerSelect') -> parts=['*[num:i($SaradcCheckindexIn + 1)]', 'GtmTriggerSelect']
[DEBUG] DEBUG_XPATH: Navigating segment '*' (axis=child) from 1 nodes
[DEBUG] DEBUG_XPATH:   Current context node: SaradcSent (type=container, path=/Mcu/GtmConfiguration/GtmConfiguration_0/GtmToPeripheral/GtmToPeripheral/SaradcSent, children=['ChannelId', 'GtmTriggerSelect'])
[DEBUG] DEBUG_XPATH: _parse_path('*[num:i($SaradcCheckindexIn + 1)]/GtmTriggerSelect') -> parts=['*[num:i($SaradcCheckindexIn + 1)]', 'GtmTriggerSelect']
[DEBUG] DEBUG_XPATH: Navigating segment '*' (axis=child) from 1 nodes
[DEBUG] DEBUG_XPATH:   Current context node: SaradcSent (type=container, path=/Mcu/GtmConfiguration/GtmConfiguration_0/GtmToPeripheral/GtmToPeripheral/SaradcSent, children=['ChannelId', 'GtmTriggerSelect'])
[DEBUG] DEBUG_XPATH: _parse_path('*[num:i($SaradcCheckindex + 1)]/GtmTriggerSelect') -> parts=['*[num:i($SaradcCheckindex + 1)]', 'GtmTriggerSelect']
[DEBUG] DEBUG_XPATH: Navigating segment '*' (axis=child) from 1 nodes
[DEBUG] DEBUG_XPATH:   Current context node: SaradcSent (type=container, path=/Mcu/GtmConfiguration/GtmConfiguration_0/GtmToPeripheral/GtmToPeripheral/SaradcSent, children=['ChannelId', 'GtmTriggerSelect'])
[DEBUG] DEBUG_XPATH: _parse_path('*[num:i($SaradcCheckindex + 1)]/GtmTriggerSelect') -> parts=['*[num:i($SaradcCheckindex + 1)]', 'GtmTriggerSelect']
[DEBUG] DEBUG_XPATH: Navigating segment '*' (axis=child) from 1 nodes
[DEBUG] DEBUG_XPATH:   Current context node: SaradcSent (type=container, path=/Mcu/GtmConfiguration/GtmConfiguration_0/GtmToPeripheral/GtmToPeripheral/SaradcSent, children=['ChannelId', 'GtmTriggerSelect'])
[DEBUG] DEBUG_XPATH: _parse_path('*[num:i($SaradcCheckindexIn + 1)]/ChannelId') -> parts=['*[num:i($SaradcCheckindexIn + 1)]', 'ChannelId']
[DEBUG] DEBUG_XPATH: Navigating segment '*' (axis=child) from 1 nodes
[DEBUG] DEBUG_XPATH:   Current context node: SaradcSent (type=container, path=/Mcu/GtmConfiguration/GtmConfiguration_0/GtmToPeripheral/GtmToPeripheral/SaradcSent, children=['ChannelId', 'GtmTriggerSelect'])
[DEBUG] DEBUG_XPATH: _parse_path('*[num:i($SaradcCheckindex + 1)]/ChannelId') -> parts=['*[num:i($SaradcCheckindex + 1)]', 'ChannelId']
[DEBUG] DEBUG_XPATH: Navigating segment '*' (axis=child) from 1 nodes
[DEBUG] DEBUG_XPATH:   Current context node: SaradcSent (type=container, path=/Mcu/GtmConfiguration/GtmConfiguration_0/GtmToPeripheral/GtmToPeripheral/SaradcSent, children=['ChannelId', 'GtmTriggerSelect'])
[DEBUG] DEBUG: Evaluating condition: $ChidIn = $ChidOut
[DEBUG] DEBUG: Comparison [$ChidIn = $ChidOut] => [None = None] Result: True
[DEBUG] DEBUG: Evaluating condition: $triggIn = $triggOut
[DEBUG] DEBUG: Comparison [$triggIn = $triggOut] => [both empty ''] Result: False
[DEBUG] DEBUG_XPATH: _parse_path('*[num:i($SaradcCheckindexIn + 1)]/GtmTriggerSelect') -> parts=['*[num:i($SaradcCheckindexIn + 1)]', 'GtmTriggerSelect']
[DEBUG] DEBUG_XPATH: Navigating segment '*' (axis=child) from 1 nodes
[DEBUG] DEBUG_XPATH:   Current context node: SaradcSent (type=container, path=/Mcu/GtmConfiguration/GtmConfiguration_0/GtmToPeripheral/GtmToPeripheral/SaradcSent, children=['ChannelId', 'GtmTriggerSelect'])
[DEBUG] DEBUG_XPATH: _parse_path('*[num:i($SaradcCheckindexIn + 1)]/GtmTriggerSelect') -> parts=['*[num:i($SaradcCheckindexIn + 1)]', 'GtmTriggerSelect']
[DEBUG] DEBUG_XPATH: Navigating segment '*' (axis=child) from 1 nodes
[DEBUG] DEBUG_XPATH:   Current context node: SaradcSent (type=container, path=/Mcu/GtmConfiguration/GtmConfiguration_0/GtmToPeripheral/GtmToPeripheral/SaradcSent, children=['ChannelId', 'GtmTriggerSelect'])
[DEBUG] DEBUG_XPATH: _parse_path('*[num:i($SaradcCheckindex + 1)]/GtmTriggerSelect') -> parts=['*[num:i($SaradcCheckindex + 1)]', 'GtmTriggerSelect']
[DEBUG] DEBUG_XPATH: Navigating segment '*' (axis=child) from 1 nodes
[DEBUG] DEBUG_XPATH:   Current context node: SaradcSent (type=container, path=/Mcu/GtmConfiguration/GtmConfiguration_0/GtmToPeripheral/GtmToPeripheral/SaradcSent, children=['ChannelId', 'GtmTriggerSelect'])
[DEBUG] DEBUG_XPATH: _parse_path('*[num:i($SaradcCheckindex + 1)]/GtmTriggerSelect') -> parts=['*[num:i($SaradcCheckindex + 1)]', 'GtmTriggerSelect']
[DEBUG] DEBUG_XPATH: Navigating segment '*' (axis=child) from 1 nodes
[DEBUG] DEBUG_XPATH:   Current context node: SaradcSent (type=container, path=/Mcu/GtmConfiguration/GtmConfiguration_0/GtmToPeripheral/GtmToPeripheral/SaradcSent, children=['ChannelId', 'GtmTriggerSelect'])
[DEBUG] DEBUG_XPATH: _parse_path('*[num:i($SaradcCheckindexIn + 1)]/ChannelId') -> parts=['*[num:i($SaradcCheckindexIn + 1)]', 'ChannelId']
[DEBUG] DEBUG_XPATH: Navigating segment '*' (axis=child) from 1 nodes
[DEBUG] DEBUG_XPATH:   Current context node: SaradcSent (type=container, path=/Mcu/GtmConfiguration/GtmConfiguration_0/GtmToPeripheral/GtmToPeripheral/SaradcSent, children=['ChannelId', 'GtmTriggerSelect'])
[DEBUG] DEBUG_XPATH: _parse_path('*[num:i($SaradcCheckindex + 1)]/ChannelId') -> parts=['*[num:i($SaradcCheckindex + 1)]', 'ChannelId']
[DEBUG] DEBUG_XPATH: Navigating segment '*' (axis=child) from 1 nodes
[DEBUG] DEBUG_XPATH:   Current context node: SaradcSent (type=container, path=/Mcu/GtmConfiguration/GtmConfiguration_0/GtmToPeripheral/GtmToPeripheral/SaradcSent, children=['ChannelId', 'GtmTriggerSelect'])
[DEBUG] DEBUG: Evaluating condition: $ChidIn = $ChidOut
[DEBUG] DEBUG: Comparison [$ChidIn = $ChidOut] => [None = None] Result: True
[DEBUG] DEBUG: Evaluating condition: $triggIn = $triggOut
[DEBUG] DEBUG: Comparison [$triggIn = $triggOut] => [both empty ''] Result: False
[DEBUG] DEBUG_XPATH: _parse_path('*[num:i($SaradcCheckindexIn + 1)]/GtmTriggerSelect') -> parts=['*[num:i($SaradcCheckindexIn + 1)]', 'GtmTriggerSelect']
[DEBUG] DEBUG_XPATH: Navigating segment '*' (axis=child) from 1 nodes
[DEBUG] DEBUG_XPATH:   Current context node: SaradcSent (type=container, path=/Mcu/GtmConfiguration/GtmConfiguration_0/GtmToPeripheral/GtmToPeripheral/SaradcSent, children=['ChannelId', 'GtmTriggerSelect'])
[DEBUG] DEBUG_XPATH: _parse_path('*[num:i($SaradcCheckindexIn + 1)]/GtmTriggerSelect') -> parts=['*[num:i($SaradcCheckindexIn + 1)]', 'GtmTriggerSelect']
[DEBUG] DEBUG_XPATH: Navigating segment '*' (axis=child) from 1 nodes
[DEBUG] DEBUG_XPATH:   Current context node: SaradcSent (type=container, path=/Mcu/GtmConfiguration/GtmConfiguration_0/GtmToPeripheral/GtmToPeripheral/SaradcSent, children=['ChannelId', 'GtmTriggerSelect'])
[DEBUG] DEBUG_XPATH: _parse_path('*[num:i($SaradcCheckindex + 1)]/GtmTriggerSelect') -> parts=['*[num:i($SaradcCheckindex + 1)]', 'GtmTriggerSelect']
[DEBUG] DEBUG_XPATH: Navigating segment '*' (axis=child) from 1 nodes
[DEBUG] DEBUG_XPATH:   Current context node: SaradcSent (type=container, path=/Mcu/GtmConfiguration/GtmConfiguration_0/GtmToPeripheral/GtmToPeripheral/SaradcSent, children=['ChannelId', 'GtmTriggerSelect'])
[DEBUG] DEBUG_XPATH: _parse_path('*[num:i($SaradcCheckindex + 1)]/GtmTriggerSelect') -> parts=['*[num:i($SaradcCheckindex + 1)]', 'GtmTriggerSelect']
[DEBUG] DEBUG_XPATH: Navigating segment '*' (axis=child) from 1 nodes
[DEBUG] DEBUG_XPATH:   Current context node: SaradcSent (type=container, path=/Mcu/GtmConfiguration/GtmConfiguration_0/GtmToPeripheral/GtmToPeripheral/SaradcSent, children=['ChannelId', 'GtmTriggerSelect'])
[DEBUG] DEBUG_XPATH: _parse_path('*[num:i($SaradcCheckindexIn + 1)]/ChannelId') -> parts=['*[num:i($SaradcCheckindexIn + 1)]', 'ChannelId']
[DEBUG] DEBUG_XPATH: Navigating segment '*' (axis=child) from 1 nodes
[DEBUG] DEBUG_XPATH:   Current context node: SaradcSent (type=container, path=/Mcu/GtmConfiguration/GtmConfiguration_0/GtmToPeripheral/GtmToPeripheral/SaradcSent, children=['ChannelId', 'GtmTriggerSelect'])
[DEBUG] DEBUG_XPATH: _parse_path('*[num:i($SaradcCheckindex + 1)]/ChannelId') -> parts=['*[num:i($SaradcCheckindex + 1)]', 'ChannelId']
[DEBUG] DEBUG_XPATH: Navigating segment '*' (axis=child) from 1 nodes
[DEBUG] DEBUG_XPATH:   Current context node: SaradcSent (type=container, path=/Mcu/GtmConfiguration/GtmConfiguration_0/GtmToPeripheral/GtmToPeripheral/SaradcSent, children=['ChannelId', 'GtmTriggerSelect'])
[DEBUG] DEBUG: Evaluating condition: $ChidIn = $ChidOut
[DEBUG] DEBUG: Comparison [$ChidIn = $ChidOut] => [None = None] Result: True
[DEBUG] DEBUG: Evaluating condition: $triggIn = $triggOut
[DEBUG] DEBUG: Comparison [$triggIn = $triggOut] => [both empty ''] Result: False
[DEBUG] DEBUG_XPATH: _parse_path('*[num:i($SaradcCheckindexIn + 1)]/GtmTriggerSelect') -> parts=['*[num:i($SaradcCheckindexIn + 1)]', 'GtmTriggerSelect']
[DEBUG] DEBUG_XPATH: Navigating segment '*' (axis=child) from 1 nodes
[DEBUG] DEBUG_XPATH:   Current context node: SaradcSent (type=container, path=/Mcu/GtmConfiguration/GtmConfiguration_0/GtmToPeripheral/GtmToPeripheral/SaradcSent, children=['ChannelId', 'GtmTriggerSelect'])
[DEBUG] DEBUG_XPATH: _parse_path('*[num:i($SaradcCheckindexIn + 1)]/GtmTriggerSelect') -> parts=['*[num:i($SaradcCheckindexIn + 1)]', 'GtmTriggerSelect']
[DEBUG] DEBUG_XPATH: Navigating segment '*' (axis=child) from 1 nodes
[DEBUG] DEBUG_XPATH:   Current context node: SaradcSent (type=container, path=/Mcu/GtmConfiguration/GtmConfiguration_0/GtmToPeripheral/GtmToPeripheral/SaradcSent, children=['ChannelId', 'GtmTriggerSelect'])
[DEBUG] DEBUG_XPATH: _parse_path('*[num:i($SaradcCheckindex + 1)]/GtmTriggerSelect') -> parts=['*[num:i($SaradcCheckindex + 1)]', 'GtmTriggerSelect']
[DEBUG] DEBUG_XPATH: Navigating segment '*' (axis=child) from 1 nodes
[DEBUG] DEBUG_XPATH:   Current context node: SaradcSent (type=container, path=/Mcu/GtmConfiguration/GtmConfiguration_0/GtmToPeripheral/GtmToPeripheral/SaradcSent, children=['ChannelId', 'GtmTriggerSelect'])
[DEBUG] DEBUG_XPATH: _parse_path('*[num:i($SaradcCheckindex + 1)]/GtmTriggerSelect') -> parts=['*[num:i($SaradcCheckindex + 1)]', 'GtmTriggerSelect']
[DEBUG] DEBUG_XPATH: Navigating segment '*' (axis=child) from 1 nodes
[DEBUG] DEBUG_XPATH:   Current context node: SaradcSent (type=container, path=/Mcu/GtmConfiguration/GtmConfiguration_0/GtmToPeripheral/GtmToPeripheral/SaradcSent, children=['ChannelId', 'GtmTriggerSelect'])
[DEBUG] DEBUG_XPATH: _parse_path('*[num:i($SaradcCheckindexIn + 1)]/ChannelId') -> parts=['*[num:i($SaradcCheckindexIn + 1)]', 'ChannelId']
[DEBUG] DEBUG_XPATH: Navigating segment '*' (axis=child) from 1 nodes
[DEBUG] DEBUG_XPATH:   Current context node: SaradcSent (type=container, path=/Mcu/GtmConfiguration/GtmConfiguration_0/GtmToPeripheral/GtmToPeripheral/SaradcSent, children=['ChannelId', 'GtmTriggerSelect'])
[DEBUG] DEBUG_XPATH: _parse_path('*[num:i($SaradcCheckindex + 1)]/ChannelId') -> parts=['*[num:i($SaradcCheckindex + 1)]', 'ChannelId']
[DEBUG] DEBUG_XPATH: Navigating segment '*' (axis=child) from 1 nodes
[DEBUG] DEBUG_XPATH:   Current context node: SaradcSent (type=container, path=/Mcu/GtmConfiguration/GtmConfiguration_0/GtmToPeripheral/GtmToPeripheral/SaradcSent, children=['ChannelId', 'GtmTriggerSelect'])
[DEBUG] DEBUG: Evaluating condition: $ChidIn = $ChidOut
[DEBUG] DEBUG: Comparison [$ChidIn = $ChidOut] => [None = None] Result: True
[DEBUG] DEBUG: Evaluating condition: $triggIn = $triggOut
[DEBUG] DEBUG: Comparison [$triggIn = $triggOut] => [both empty ''] Result: False
[DEBUG] DEBUG_XPATH: _parse_path('*[num:i($SaradcCheckindexIn + 1)]/GtmTriggerSelect') -> parts=['*[num:i($SaradcCheckindexIn + 1)]', 'GtmTriggerSelect']
[DEBUG] DEBUG_XPATH: Navigating segment '*' (axis=child) from 1 nodes
[DEBUG] DEBUG_XPATH:   Current context node: SaradcSent (type=container, path=/Mcu/GtmConfiguration/GtmConfiguration_0/GtmToPeripheral/GtmToPeripheral/SaradcSent, children=['ChannelId', 'GtmTriggerSelect'])
[DEBUG] DEBUG_XPATH: _parse_path('*[num:i($SaradcCheckindexIn + 1)]/GtmTriggerSelect') -> parts=['*[num:i($SaradcCheckindexIn + 1)]', 'GtmTriggerSelect']
[DEBUG] DEBUG_XPATH: Navigating segment '*' (axis=child) from 1 nodes
[DEBUG] DEBUG_XPATH:   Current context node: SaradcSent (type=container, path=/Mcu/GtmConfiguration/GtmConfiguration_0/GtmToPeripheral/GtmToPeripheral/SaradcSent, children=['ChannelId', 'GtmTriggerSelect'])
[DEBUG] DEBUG_XPATH: _parse_path('*[num:i($SaradcCheckindex + 1)]/GtmTriggerSelect') -> parts=['*[num:i($SaradcCheckindex + 1)]', 'GtmTriggerSelect']
[DEBUG] DEBUG_XPATH: Navigating segment '*' (axis=child) from 1 nodes
[DEBUG] DEBUG_XPATH:   Current context node: SaradcSent (type=container, path=/Mcu/GtmConfiguration/GtmConfiguration_0/GtmToPeripheral/GtmToPeripheral/SaradcSent, children=['ChannelId', 'GtmTriggerSelect'])
[DEBUG] DEBUG_XPATH: _parse_path('*[num:i($SaradcCheckindex + 1)]/GtmTriggerSelect') -> parts=['*[num:i($SaradcCheckindex + 1)]', 'GtmTriggerSelect']
[DEBUG] DEBUG_XPATH: Navigating segment '*' (axis=child) from 1 nodes
[DEBUG] DEBUG_XPATH:   Current context node: SaradcSent (type=container, path=/Mcu/GtmConfiguration/GtmConfiguration_0/GtmToPeripheral/GtmToPeripheral/SaradcSent, children=['ChannelId', 'GtmTriggerSelect'])
[DEBUG] DEBUG_XPATH: _parse_path('*[num:i($SaradcCheckindexIn + 1)]/ChannelId') -> parts=['*[num:i($SaradcCheckindexIn + 1)]', 'ChannelId']
[DEBUG] DEBUG_XPATH: Navigating segment '*' (axis=child) from 1 nodes
[DEBUG] DEBUG_XPATH:   Current context node: SaradcSent (type=container, path=/Mcu/GtmConfiguration/GtmConfiguration_0/GtmToPeripheral/GtmToPeripheral/SaradcSent, children=['ChannelId', 'GtmTriggerSelect'])
[DEBUG] DEBUG_XPATH: _parse_path('*[num:i($SaradcCheckindex + 1)]/ChannelId') -> parts=['*[num:i($SaradcCheckindex + 1)]', 'ChannelId']
[DEBUG] DEBUG_XPATH: Navigating segment '*' (axis=child) from 1 nodes
[DEBUG] DEBUG_XPATH:   Current context node: SaradcSent (type=container, path=/Mcu/GtmConfiguration/GtmConfiguration_0/GtmToPeripheral/GtmToPeripheral/SaradcSent, children=['ChannelId', 'GtmTriggerSelect'])
[DEBUG] DEBUG: Evaluating condition: $ChidIn = $ChidOut
[DEBUG] DEBUG: Comparison [$ChidIn = $ChidOut] => [None = None] Result: True
[DEBUG] DEBUG: Evaluating condition: $triggIn = $triggOut
[DEBUG] DEBUG: Comparison [$triggIn = $triggOut] => [both empty ''] Result: False
[DEBUG] DEBUG_XPATH: _parse_path('*[num:i($SaradcCheckindexIn + 1)]/GtmTriggerSelect') -> parts=['*[num:i($SaradcCheckindexIn + 1)]', 'GtmTriggerSelect']
[DEBUG] DEBUG_XPATH: Navigating segment '*' (axis=child) from 1 nodes
[DEBUG] DEBUG_XPATH:   Current context node: SaradcSent (type=container, path=/Mcu/GtmConfiguration/GtmConfiguration_0/GtmToPeripheral/GtmToPeripheral/SaradcSent, children=['ChannelId', 'GtmTriggerSelect'])
[DEBUG] DEBUG_XPATH: _parse_path('*[num:i($SaradcCheckindexIn + 1)]/GtmTriggerSelect') -> parts=['*[num:i($SaradcCheckindexIn + 1)]', 'GtmTriggerSelect']
[DEBUG] DEBUG_XPATH: Navigating segment '*' (axis=child) from 1 nodes
[DEBUG] DEBUG_XPATH:   Current context node: SaradcSent (type=container, path=/Mcu/GtmConfiguration/GtmConfiguration_0/GtmToPeripheral/GtmToPeripheral/SaradcSent, children=['ChannelId', 'GtmTriggerSelect'])
[DEBUG] DEBUG_XPATH: _parse_path('*[num:i($SaradcCheckindex + 1)]/GtmTriggerSelect') -> parts=['*[num:i($SaradcCheckindex + 1)]', 'GtmTriggerSelect']
[DEBUG] DEBUG_XPATH: Navigating segment '*' (axis=child) from 1 nodes
[DEBUG] DEBUG_XPATH:   Current context node: SaradcSent (type=container, path=/Mcu/GtmConfiguration/GtmConfiguration_0/GtmToPeripheral/GtmToPeripheral/SaradcSent, children=['ChannelId', 'GtmTriggerSelect'])
[DEBUG] DEBUG_XPATH: _parse_path('*[num:i($SaradcCheckindex + 1)]/GtmTriggerSelect') -> parts=['*[num:i($SaradcCheckindex + 1)]', 'GtmTriggerSelect']
[DEBUG] DEBUG_XPATH: Navigating segment '*' (axis=child) from 1 nodes
[DEBUG] DEBUG_XPATH:   Current context node: SaradcSent (type=container, path=/Mcu/GtmConfiguration/GtmConfiguration_0/GtmToPeripheral/GtmToPeripheral/SaradcSent, children=['ChannelId', 'GtmTriggerSelect'])
[DEBUG] DEBUG_XPATH: _parse_path('*[num:i($SaradcCheckindexIn + 1)]/ChannelId') -> parts=['*[num:i($SaradcCheckindexIn + 1)]', 'ChannelId']
[DEBUG] DEBUG_XPATH: Navigating segment '*' (axis=child) from 1 nodes
[DEBUG] DEBUG_XPATH:   Current context node: SaradcSent (type=container, path=/Mcu/GtmConfiguration/GtmConfiguration_0/GtmToPeripheral/GtmToPeripheral/SaradcSent, children=['ChannelId', 'GtmTriggerSelect'])
[DEBUG] DEBUG_XPATH: _parse_path('*[num:i($SaradcCheckindex + 1)]/ChannelId') -> parts=['*[num:i($SaradcCheckindex + 1)]', 'ChannelId']
[DEBUG] DEBUG_XPATH: Navigating segment '*' (axis=child) from 1 nodes
[DEBUG] DEBUG_XPATH:   Current context node: SaradcSent (type=container, path=/Mcu/GtmConfiguration/GtmConfiguration_0/GtmToPeripheral/GtmToPeripheral/SaradcSent, children=['ChannelId', 'GtmTriggerSelect'])
[DEBUG] DEBUG: Evaluating condition: $ChidIn = $ChidOut
[DEBUG] DEBUG: Comparison [$ChidIn = $ChidOut] => [None = None] Result: True
[DEBUG] DEBUG: Evaluating condition: $triggIn = $triggOut
[DEBUG] DEBUG: Comparison [$triggIn = $triggOut] => [both empty ''] Result: False
[DEBUG] DEBUG_XPATH: _parse_path('*[num:i($SaradcCheckindexIn + 1)]/GtmTriggerSelect') -> parts=['*[num:i($SaradcCheckindexIn + 1)]', 'GtmTriggerSelect']
[DEBUG] DEBUG_XPATH: Navigating segment '*' (axis=child) from 1 nodes
[DEBUG] DEBUG_XPATH:   Current context node: SaradcSent (type=container, path=/Mcu/GtmConfiguration/GtmConfiguration_0/GtmToPeripheral/GtmToPeripheral/SaradcSent, children=['ChannelId', 'GtmTriggerSelect'])
[DEBUG] DEBUG_XPATH: _parse_path('*[num:i($SaradcCheckindexIn + 1)]/GtmTriggerSelect') -> parts=['*[num:i($SaradcCheckindexIn + 1)]', 'GtmTriggerSelect']
[DEBUG] DEBUG_XPATH: Navigating segment '*' (axis=child) from 1 nodes
[DEBUG] DEBUG_XPATH:   Current context node: SaradcSent (type=container, path=/Mcu/GtmConfiguration/GtmConfiguration_0/GtmToPeripheral/GtmToPeripheral/SaradcSent, children=['ChannelId', 'GtmTriggerSelect'])
[DEBUG] DEBUG_XPATH: _parse_path('*[num:i($SaradcCheckindex + 1)]/GtmTriggerSelect') -> parts=['*[num:i($SaradcCheckindex + 1)]', 'GtmTriggerSelect']
[DEBUG] DEBUG_XPATH: Navigating segment '*' (axis=child) from 1 nodes
[DEBUG] DEBUG_XPATH:   Current context node: SaradcSent (type=container, path=/Mcu/GtmConfiguration/GtmConfiguration_0/GtmToPeripheral/GtmToPeripheral/SaradcSent, children=['ChannelId', 'GtmTriggerSelect'])
[DEBUG] DEBUG_XPATH: _parse_path('*[num:i($SaradcCheckindex + 1)]/GtmTriggerSelect') -> parts=['*[num:i($SaradcCheckindex + 1)]', 'GtmTriggerSelect']
[DEBUG] DEBUG_XPATH: Navigating segment '*' (axis=child) from 1 nodes
[DEBUG] DEBUG_XPATH:   Current context node: SaradcSent (type=container, path=/Mcu/GtmConfiguration/GtmConfiguration_0/GtmToPeripheral/GtmToPeripheral/SaradcSent, children=['ChannelId', 'GtmTriggerSelect'])
[DEBUG] DEBUG_XPATH: _parse_path('*[num:i($SaradcCheckindexIn + 1)]/ChannelId') -> parts=['*[num:i($SaradcCheckindexIn + 1)]', 'ChannelId']
[DEBUG] DEBUG_XPATH: Navigating segment '*' (axis=child) from 1 nodes
[DEBUG] DEBUG_XPATH:   Current context node: SaradcSent (type=container, path=/Mcu/GtmConfiguration/GtmConfiguration_0/GtmToPeripheral/GtmToPeripheral/SaradcSent, children=['ChannelId', 'GtmTriggerSelect'])
[DEBUG] DEBUG_XPATH: _parse_path('*[num:i($SaradcCheckindex + 1)]/ChannelId') -> parts=['*[num:i($SaradcCheckindex + 1)]', 'ChannelId']
[DEBUG] DEBUG_XPATH: Navigating segment '*' (axis=child) from 1 nodes
[DEBUG] DEBUG_XPATH:   Current context node: SaradcSent (type=container, path=/Mcu/GtmConfiguration/GtmConfiguration_0/GtmToPeripheral/GtmToPeripheral/SaradcSent, children=['ChannelId', 'GtmTriggerSelect'])
[DEBUG] DEBUG: Evaluating condition: $ChidIn = $ChidOut
[DEBUG] DEBUG: Comparison [$ChidIn = $ChidOut] => [None = None] Result: True
[DEBUG] DEBUG: Evaluating condition: $triggIn = $triggOut
[DEBUG] DEBUG: Comparison [$triggIn = $triggOut] => [both empty ''] Result: False
[DEBUG] DEBUG_XPATH: _parse_path('*[num:i($SaradcCheckindexIn + 1)]/GtmTriggerSelect') -> parts=['*[num:i($SaradcCheckindexIn + 1)]', 'GtmTriggerSelect']
[DEBUG] DEBUG_XPATH: Navigating segment '*' (axis=child) from 1 nodes
[DEBUG] DEBUG_XPATH:   Current context node: SaradcSent (type=container, path=/Mcu/GtmConfiguration/GtmConfiguration_0/GtmToPeripheral/GtmToPeripheral/SaradcSent, children=['ChannelId', 'GtmTriggerSelect'])
[DEBUG] DEBUG_XPATH: _parse_path('*[num:i($SaradcCheckindexIn + 1)]/GtmTriggerSelect') -> parts=['*[num:i($SaradcCheckindexIn + 1)]', 'GtmTriggerSelect']
[DEBUG] DEBUG_XPATH: Navigating segment '*' (axis=child) from 1 nodes
[DEBUG] DEBUG_XPATH:   Current context node: SaradcSent (type=container, path=/Mcu/GtmConfiguration/GtmConfiguration_0/GtmToPeripheral/GtmToPeripheral/SaradcSent, children=['ChannelId', 'GtmTriggerSelect'])
[DEBUG] DEBUG_XPATH: _parse_path('*[num:i($SaradcCheckindex + 1)]/GtmTriggerSelect') -> parts=['*[num:i($SaradcCheckindex + 1)]', 'GtmTriggerSelect']
[DEBUG] DEBUG_XPATH: Navigating segment '*' (axis=child) from 1 nodes
[DEBUG] DEBUG_XPATH:   Current context node: SaradcSent (type=container, path=/Mcu/GtmConfiguration/GtmConfiguration_0/GtmToPeripheral/GtmToPeripheral/SaradcSent, children=['ChannelId', 'GtmTriggerSelect'])
[DEBUG] DEBUG_XPATH: _parse_path('*[num:i($SaradcCheckindex + 1)]/GtmTriggerSelect') -> parts=['*[num:i($SaradcCheckindex + 1)]', 'GtmTriggerSelect']
[DEBUG] DEBUG_XPATH: Navigating segment '*' (axis=child) from 1 nodes
[DEBUG] DEBUG_XPATH:   Current context node: SaradcSent (type=container, path=/Mcu/GtmConfiguration/GtmConfiguration_0/GtmToPeripheral/GtmToPeripheral/SaradcSent, children=['ChannelId', 'GtmTriggerSelect'])
[DEBUG] DEBUG_XPATH: _parse_path('*[num:i($SaradcCheckindexIn + 1)]/ChannelId') -> parts=['*[num:i($SaradcCheckindexIn + 1)]', 'ChannelId']
[DEBUG] DEBUG_XPATH: Navigating segment '*' (axis=child) from 1 nodes
[DEBUG] DEBUG_XPATH:   Current context node: SaradcSent (type=container, path=/Mcu/GtmConfiguration/GtmConfiguration_0/GtmToPeripheral/GtmToPeripheral/SaradcSent, children=['ChannelId', 'GtmTriggerSelect'])
[DEBUG] DEBUG_XPATH: _parse_path('*[num:i($SaradcCheckindex + 1)]/ChannelId') -> parts=['*[num:i($SaradcCheckindex + 1)]', 'ChannelId']
[DEBUG] DEBUG_XPATH: Navigating segment '*' (axis=child) from 1 nodes
[DEBUG] DEBUG_XPATH:   Current context node: SaradcSent (type=container, path=/Mcu/GtmConfiguration/GtmConfiguration_0/GtmToPeripheral/GtmToPeripheral/SaradcSent, children=['ChannelId', 'GtmTriggerSelect'])
[DEBUG] DEBUG: Evaluating condition: $ChidIn = $ChidOut
[DEBUG] DEBUG: Comparison [$ChidIn = $ChidOut] => [None = None] Result: True
[DEBUG] DEBUG: Evaluating condition: $triggIn = $triggOut
[DEBUG] DEBUG: Comparison [$triggIn = $triggOut] => [both empty ''] Result: False
[DEBUG] DEBUG_XPATH: _parse_path('*[num:i($SaradcCheckindexIn + 1)]/GtmTriggerSelect') -> parts=['*[num:i($SaradcCheckindexIn + 1)]', 'GtmTriggerSelect']
[DEBUG] DEBUG_XPATH: Navigating segment '*' (axis=child) from 1 nodes
[DEBUG] DEBUG_XPATH:   Current context node: SaradcSent (type=container, path=/Mcu/GtmConfiguration/GtmConfiguration_0/GtmToPeripheral/GtmToPeripheral/SaradcSent, children=['ChannelId', 'GtmTriggerSelect'])
[DEBUG] DEBUG_XPATH: _parse_path('*[num:i($SaradcCheckindexIn + 1)]/GtmTriggerSelect') -> parts=['*[num:i($SaradcCheckindexIn + 1)]', 'GtmTriggerSelect']
[DEBUG] DEBUG_XPATH: Navigating segment '*' (axis=child) from 1 nodes
[DEBUG] DEBUG_XPATH:   Current context node: SaradcSent (type=container, path=/Mcu/GtmConfiguration/GtmConfiguration_0/GtmToPeripheral/GtmToPeripheral/SaradcSent, children=['ChannelId', 'GtmTriggerSelect'])
[DEBUG] DEBUG_XPATH: _parse_path('*[num:i($SaradcCheckindex + 1)]/GtmTriggerSelect') -> parts=['*[num:i($SaradcCheckindex + 1)]', 'GtmTriggerSelect']
[DEBUG] DEBUG_XPATH: Navigating segment '*' (axis=child) from 1 nodes
[DEBUG] DEBUG_XPATH:   Current context node: SaradcSent (type=container, path=/Mcu/GtmConfiguration/GtmConfiguration_0/GtmToPeripheral/GtmToPeripheral/SaradcSent, children=['ChannelId', 'GtmTriggerSelect'])
[DEBUG] DEBUG_XPATH: _parse_path('*[num:i($SaradcCheckindex + 1)]/GtmTriggerSelect') -> parts=['*[num:i($SaradcCheckindex + 1)]', 'GtmTriggerSelect']
[DEBUG] DEBUG_XPATH: Navigating segment '*' (axis=child) from 1 nodes
[DEBUG] DEBUG_XPATH:   Current context node: SaradcSent (type=container, path=/Mcu/GtmConfiguration/GtmConfiguration_0/GtmToPeripheral/GtmToPeripheral/SaradcSent, children=['ChannelId', 'GtmTriggerSelect'])
[DEBUG] DEBUG_XPATH: _parse_path('*[num:i($SaradcCheckindexIn + 1)]/ChannelId') -> parts=['*[num:i($SaradcCheckindexIn + 1)]', 'ChannelId']
[DEBUG] DEBUG_XPATH: Navigating segment '*' (axis=child) from 1 nodes
[DEBUG] DEBUG_XPATH:   Current context node: SaradcSent (type=container, path=/Mcu/GtmConfiguration/GtmConfiguration_0/GtmToPeripheral/GtmToPeripheral/SaradcSent, children=['ChannelId', 'GtmTriggerSelect'])
[DEBUG] DEBUG_XPATH: _parse_path('*[num:i($SaradcCheckindex + 1)]/ChannelId') -> parts=['*[num:i($SaradcCheckindex + 1)]', 'ChannelId']
[DEBUG] DEBUG_XPATH: Navigating segment '*' (axis=child) from 1 nodes
[DEBUG] DEBUG_XPATH:   Current context node: SaradcSent (type=container, path=/Mcu/GtmConfiguration/GtmConfiguration_0/GtmToPeripheral/GtmToPeripheral/SaradcSent, children=['ChannelId', 'GtmTriggerSelect'])
[DEBUG] DEBUG: Evaluating condition: $ChidIn = $ChidOut
[DEBUG] DEBUG: Comparison [$ChidIn = $ChidOut] => [None = None] Result: True
[DEBUG] DEBUG: Evaluating condition: $triggIn = $triggOut
[DEBUG] DEBUG: Comparison [$triggIn = $triggOut] => [both empty ''] Result: False
[DEBUG] DEBUG_XPATH: _parse_path('*[num:i($SaradcCheckindexIn + 1)]/GtmTriggerSelect') -> parts=['*[num:i($SaradcCheckindexIn + 1)]', 'GtmTriggerSelect']
[DEBUG] DEBUG_XPATH: Navigating segment '*' (axis=child) from 1 nodes
[DEBUG] DEBUG_XPATH:   Current context node: SaradcSent (type=container, path=/Mcu/GtmConfiguration/GtmConfiguration_0/GtmToPeripheral/GtmToPeripheral/SaradcSent, children=['ChannelId', 'GtmTriggerSelect'])
[DEBUG] DEBUG_XPATH: _parse_path('*[num:i($SaradcCheckindexIn + 1)]/GtmTriggerSelect') -> parts=['*[num:i($SaradcCheckindexIn + 1)]', 'GtmTriggerSelect']
[DEBUG] DEBUG_XPATH: Navigating segment '*' (axis=child) from 1 nodes
[DEBUG] DEBUG_XPATH:   Current context node: SaradcSent (type=container, path=/Mcu/GtmConfiguration/GtmConfiguration_0/GtmToPeripheral/GtmToPeripheral/SaradcSent, children=['ChannelId', 'GtmTriggerSelect'])
[DEBUG] DEBUG_XPATH: _parse_path('*[num:i($SaradcCheckindex + 1)]/GtmTriggerSelect') -> parts=['*[num:i($SaradcCheckindex + 1)]', 'GtmTriggerSelect']
[DEBUG] DEBUG_XPATH: Navigating segment '*' (axis=child) from 1 nodes
[DEBUG] DEBUG_XPATH:   Current context node: SaradcSent (type=container, path=/Mcu/GtmConfiguration/GtmConfiguration_0/GtmToPeripheral/GtmToPeripheral/SaradcSent, children=['ChannelId', 'GtmTriggerSelect'])
[DEBUG] DEBUG_XPATH: _parse_path('*[num:i($SaradcCheckindex + 1)]/GtmTriggerSelect') -> parts=['*[num:i($SaradcCheckindex + 1)]', 'GtmTriggerSelect']
[DEBUG] DEBUG_XPATH: Navigating segment '*' (axis=child) from 1 nodes
[DEBUG] DEBUG_XPATH:   Current context node: SaradcSent (type=container, path=/Mcu/GtmConfiguration/GtmConfiguration_0/GtmToPeripheral/GtmToPeripheral/SaradcSent, children=['ChannelId', 'GtmTriggerSelect'])
[DEBUG] DEBUG_XPATH: _parse_path('*[num:i($SaradcCheckindexIn + 1)]/ChannelId') -> parts=['*[num:i($SaradcCheckindexIn + 1)]', 'ChannelId']
[DEBUG] DEBUG_XPATH: Navigating segment '*' (axis=child) from 1 nodes
[DEBUG] DEBUG_XPATH:   Current context node: SaradcSent (type=container, path=/Mcu/GtmConfiguration/GtmConfiguration_0/GtmToPeripheral/GtmToPeripheral/SaradcSent, children=['ChannelId', 'GtmTriggerSelect'])
[DEBUG] DEBUG_XPATH: _parse_path('*[num:i($SaradcCheckindex + 1)]/ChannelId') -> parts=['*[num:i($SaradcCheckindex + 1)]', 'ChannelId']
[DEBUG] DEBUG_XPATH: Navigating segment '*' (axis=child) from 1 nodes
[DEBUG] DEBUG_XPATH:   Current context node: SaradcSent (type=container, path=/Mcu/GtmConfiguration/GtmConfiguration_0/GtmToPeripheral/GtmToPeripheral/SaradcSent, children=['ChannelId', 'GtmTriggerSelect'])
[DEBUG] DEBUG: Evaluating condition: $ChidIn = $ChidOut
[DEBUG] DEBUG: Comparison [$ChidIn = $ChidOut] => [None = None] Result: True
[DEBUG] DEBUG: Evaluating condition: $triggIn = $triggOut
[DEBUG] DEBUG: Comparison [$triggIn = $triggOut] => [both empty ''] Result: False
[DEBUG] DEBUG_XPATH: _parse_path('*[num:i($SaradcCheckindexIn + 1)]/GtmTriggerSelect') -> parts=['*[num:i($SaradcCheckindexIn + 1)]', 'GtmTriggerSelect']
[DEBUG] DEBUG_XPATH: Navigating segment '*' (axis=child) from 1 nodes
[DEBUG] DEBUG_XPATH:   Current context node: SaradcSent (type=container, path=/Mcu/GtmConfiguration/GtmConfiguration_0/GtmToPeripheral/GtmToPeripheral/SaradcSent, children=['ChannelId', 'GtmTriggerSelect'])
[DEBUG] DEBUG_XPATH: _parse_path('*[num:i($SaradcCheckindexIn + 1)]/GtmTriggerSelect') -> parts=['*[num:i($SaradcCheckindexIn + 1)]', 'GtmTriggerSelect']
[DEBUG] DEBUG_XPATH: Navigating segment '*' (axis=child) from 1 nodes
[DEBUG] DEBUG_XPATH:   Current context node: SaradcSent (type=container, path=/Mcu/GtmConfiguration/GtmConfiguration_0/GtmToPeripheral/GtmToPeripheral/SaradcSent, children=['ChannelId', 'GtmTriggerSelect'])
[DEBUG] DEBUG_XPATH: _parse_path('*[num:i($SaradcCheckindex + 1)]/GtmTriggerSelect') -> parts=['*[num:i($SaradcCheckindex + 1)]', 'GtmTriggerSelect']
[DEBUG] DEBUG_XPATH: Navigating segment '*' (axis=child) from 1 nodes
[DEBUG] DEBUG_XPATH:   Current context node: SaradcSent (type=container, path=/Mcu/GtmConfiguration/GtmConfiguration_0/GtmToPeripheral/GtmToPeripheral/SaradcSent, children=['ChannelId', 'GtmTriggerSelect'])
[DEBUG] DEBUG_XPATH: _parse_path('*[num:i($SaradcCheckindex + 1)]/GtmTriggerSelect') -> parts=['*[num:i($SaradcCheckindex + 1)]', 'GtmTriggerSelect']
[DEBUG] DEBUG_XPATH: Navigating segment '*' (axis=child) from 1 nodes
[DEBUG] DEBUG_XPATH:   Current context node: SaradcSent (type=container, path=/Mcu/GtmConfiguration/GtmConfiguration_0/GtmToPeripheral/GtmToPeripheral/SaradcSent, children=['ChannelId', 'GtmTriggerSelect'])
[DEBUG] DEBUG_XPATH: _parse_path('*[num:i($SaradcCheckindexIn + 1)]/ChannelId') -> parts=['*[num:i($SaradcCheckindexIn + 1)]', 'ChannelId']
[DEBUG] DEBUG_XPATH: Navigating segment '*' (axis=child) from 1 nodes
[DEBUG] DEBUG_XPATH:   Current context node: SaradcSent (type=container, path=/Mcu/GtmConfiguration/GtmConfiguration_0/GtmToPeripheral/GtmToPeripheral/SaradcSent, children=['ChannelId', 'GtmTriggerSelect'])
[DEBUG] DEBUG_XPATH: _parse_path('*[num:i($SaradcCheckindex + 1)]/ChannelId') -> parts=['*[num:i($SaradcCheckindex + 1)]', 'ChannelId']
[DEBUG] DEBUG_XPATH: Navigating segment '*' (axis=child) from 1 nodes
[DEBUG] DEBUG_XPATH:   Current context node: SaradcSent (type=container, path=/Mcu/GtmConfiguration/GtmConfiguration_0/GtmToPeripheral/GtmToPeripheral/SaradcSent, children=['ChannelId', 'GtmTriggerSelect'])
[DEBUG] DEBUG: Evaluating condition: $ChidIn = $ChidOut
[DEBUG] DEBUG: Comparison [$ChidIn = $ChidOut] => [None = None] Result: True
[DEBUG] DEBUG: Evaluating condition: $triggIn = $triggOut
[DEBUG] DEBUG: Comparison [$triggIn = $triggOut] => [both empty ''] Result: False
[DEBUG] DEBUG_XPATH: _parse_path('*[num:i($SaradcCheckindexIn + 1)]/GtmTriggerSelect') -> parts=['*[num:i($SaradcCheckindexIn + 1)]', 'GtmTriggerSelect']
[DEBUG] DEBUG_XPATH: Navigating segment '*' (axis=child) from 1 nodes
[DEBUG] DEBUG_XPATH:   Current context node: SaradcSent (type=container, path=/Mcu/GtmConfiguration/GtmConfiguration_0/GtmToPeripheral/GtmToPeripheral/SaradcSent, children=['ChannelId', 'GtmTriggerSelect'])
[DEBUG] DEBUG_XPATH: _parse_path('*[num:i($SaradcCheckindexIn + 1)]/GtmTriggerSelect') -> parts=['*[num:i($SaradcCheckindexIn + 1)]', 'GtmTriggerSelect']
[DEBUG] DEBUG_XPATH: Navigating segment '*' (axis=child) from 1 nodes
[DEBUG] DEBUG_XPATH:   Current context node: SaradcSent (type=container, path=/Mcu/GtmConfiguration/GtmConfiguration_0/GtmToPeripheral/GtmToPeripheral/SaradcSent, children=['ChannelId', 'GtmTriggerSelect'])
[DEBUG] DEBUG_XPATH: _parse_path('*[num:i($SaradcCheckindex + 1)]/GtmTriggerSelect') -> parts=['*[num:i($SaradcCheckindex + 1)]', 'GtmTriggerSelect']
[DEBUG] DEBUG_XPATH: Navigating segment '*' (axis=child) from 1 nodes
[DEBUG] DEBUG_XPATH:   Current context node: SaradcSent (type=container, path=/Mcu/GtmConfiguration/GtmConfiguration_0/GtmToPeripheral/GtmToPeripheral/SaradcSent, children=['ChannelId', 'GtmTriggerSelect'])
[DEBUG] DEBUG_XPATH: _parse_path('*[num:i($SaradcCheckindex + 1)]/GtmTriggerSelect') -> parts=['*[num:i($SaradcCheckindex + 1)]', 'GtmTriggerSelect']
[DEBUG] DEBUG_XPATH: Navigating segment '*' (axis=child) from 1 nodes
[DEBUG] DEBUG_XPATH:   Current context node: SaradcSent (type=container, path=/Mcu/GtmConfiguration/GtmConfiguration_0/GtmToPeripheral/GtmToPeripheral/SaradcSent, children=['ChannelId', 'GtmTriggerSelect'])
[DEBUG] DEBUG_XPATH: _parse_path('*[num:i($SaradcCheckindexIn + 1)]/ChannelId') -> parts=['*[num:i($SaradcCheckindexIn + 1)]', 'ChannelId']
[DEBUG] DEBUG_XPATH: Navigating segment '*' (axis=child) from 1 nodes
[DEBUG] DEBUG_XPATH:   Current context node: SaradcSent (type=container, path=/Mcu/GtmConfiguration/GtmConfiguration_0/GtmToPeripheral/GtmToPeripheral/SaradcSent, children=['ChannelId', 'GtmTriggerSelect'])
[DEBUG] DEBUG_XPATH: _parse_path('*[num:i($SaradcCheckindex + 1)]/ChannelId') -> parts=['*[num:i($SaradcCheckindex + 1)]', 'ChannelId']
[DEBUG] DEBUG_XPATH: Navigating segment '*' (axis=child) from 1 nodes
[DEBUG] DEBUG_XPATH:   Current context node: SaradcSent (type=container, path=/Mcu/GtmConfiguration/GtmConfiguration_0/GtmToPeripheral/GtmToPeripheral/SaradcSent, children=['ChannelId', 'GtmTriggerSelect'])
[DEBUG] DEBUG: Evaluating condition: $ChidIn = $ChidOut
[DEBUG] DEBUG: Comparison [$ChidIn = $ChidOut] => [None = None] Result: True
[DEBUG] DEBUG: Evaluating condition: $triggIn = $triggOut
[DEBUG] DEBUG: Comparison [$triggIn = $triggOut] => [both empty ''] Result: False
[DEBUG] DEBUG_XPATH: _parse_path('*[num:i($SaradcCheckindexIn + 1)]/GtmTriggerSelect') -> parts=['*[num:i($SaradcCheckindexIn + 1)]', 'GtmTriggerSelect']
[DEBUG] DEBUG_XPATH: Navigating segment '*' (axis=child) from 1 nodes
[DEBUG] DEBUG_XPATH:   Current context node: SaradcSent (type=container, path=/Mcu/GtmConfiguration/GtmConfiguration_0/GtmToPeripheral/GtmToPeripheral/SaradcSent, children=['ChannelId', 'GtmTriggerSelect'])
[DEBUG] DEBUG_XPATH: _parse_path('*[num:i($SaradcCheckindexIn + 1)]/GtmTriggerSelect') -> parts=['*[num:i($SaradcCheckindexIn + 1)]', 'GtmTriggerSelect']
[DEBUG] DEBUG_XPATH: Navigating segment '*' (axis=child) from 1 nodes
[DEBUG] DEBUG_XPATH:   Current context node: SaradcSent (type=container, path=/Mcu/GtmConfiguration/GtmConfiguration_0/GtmToPeripheral/GtmToPeripheral/SaradcSent, children=['ChannelId', 'GtmTriggerSelect'])
[DEBUG] DEBUG_XPATH: _parse_path('*[num:i($SaradcCheckindex + 1)]/GtmTriggerSelect') -> parts=['*[num:i($SaradcCheckindex + 1)]', 'GtmTriggerSelect']
[DEBUG] DEBUG_XPATH: Navigating segment '*' (axis=child) from 1 nodes
[DEBUG] DEBUG_XPATH:   Current context node: SaradcSent (type=container, path=/Mcu/GtmConfiguration/GtmConfiguration_0/GtmToPeripheral/GtmToPeripheral/SaradcSent, children=['ChannelId', 'GtmTriggerSelect'])
[DEBUG] DEBUG_XPATH: _parse_path('*[num:i($SaradcCheckindex + 1)]/GtmTriggerSelect') -> parts=['*[num:i($SaradcCheckindex + 1)]', 'GtmTriggerSelect']
[DEBUG] DEBUG_XPATH: Navigating segment '*' (axis=child) from 1 nodes
[DEBUG] DEBUG_XPATH:   Current context node: SaradcSent (type=container, path=/Mcu/GtmConfiguration/GtmConfiguration_0/GtmToPeripheral/GtmToPeripheral/SaradcSent, children=['ChannelId', 'GtmTriggerSelect'])
[DEBUG] DEBUG_XPATH: _parse_path('*[num:i($SaradcCheckindexIn + 1)]/ChannelId') -> parts=['*[num:i($SaradcCheckindexIn + 1)]', 'ChannelId']
[DEBUG] DEBUG_XPATH: Navigating segment '*' (axis=child) from 1 nodes
[DEBUG] DEBUG_XPATH:   Current context node: SaradcSent (type=container, path=/Mcu/GtmConfiguration/GtmConfiguration_0/GtmToPeripheral/GtmToPeripheral/SaradcSent, children=['ChannelId', 'GtmTriggerSelect'])
[DEBUG] DEBUG_XPATH: _parse_path('*[num:i($SaradcCheckindex + 1)]/ChannelId') -> parts=['*[num:i($SaradcCheckindex + 1)]', 'ChannelId']
[DEBUG] DEBUG_XPATH: Navigating segment '*' (axis=child) from 1 nodes
[DEBUG] DEBUG_XPATH:   Current context node: SaradcSent (type=container, path=/Mcu/GtmConfiguration/GtmConfiguration_0/GtmToPeripheral/GtmToPeripheral/SaradcSent, children=['ChannelId', 'GtmTriggerSelect'])
[DEBUG] DEBUG: Evaluating condition: $ChidIn = $ChidOut
[DEBUG] DEBUG: Comparison [$ChidIn = $ChidOut] => [None = None] Result: True
[DEBUG] DEBUG: Evaluating condition: $triggIn = $triggOut
[DEBUG] DEBUG: Comparison [$triggIn = $triggOut] => [both empty ''] Result: False
[DEBUG] DEBUG_XPATH: _parse_path('*[num:i($SaradcCheckindexIn + 1)]/GtmTriggerSelect') -> parts=['*[num:i($SaradcCheckindexIn + 1)]', 'GtmTriggerSelect']
[DEBUG] DEBUG_XPATH: Navigating segment '*' (axis=child) from 1 nodes
[DEBUG] DEBUG_XPATH:   Current context node: SaradcSent (type=container, path=/Mcu/GtmConfiguration/GtmConfiguration_0/GtmToPeripheral/GtmToPeripheral/SaradcSent, children=['ChannelId', 'GtmTriggerSelect'])
[DEBUG] DEBUG_XPATH: _parse_path('*[num:i($SaradcCheckindexIn + 1)]/GtmTriggerSelect') -> parts=['*[num:i($SaradcCheckindexIn + 1)]', 'GtmTriggerSelect']
[DEBUG] DEBUG_XPATH: Navigating segment '*' (axis=child) from 1 nodes
[DEBUG] DEBUG_XPATH:   Current context node: SaradcSent (type=container, path=/Mcu/GtmConfiguration/GtmConfiguration_0/GtmToPeripheral/GtmToPeripheral/SaradcSent, children=['ChannelId', 'GtmTriggerSelect'])
[DEBUG] DEBUG_XPATH: _parse_path('*[num:i($SaradcCheckindex + 1)]/GtmTriggerSelect') -> parts=['*[num:i($SaradcCheckindex + 1)]', 'GtmTriggerSelect']
[DEBUG] DEBUG_XPATH: Navigating segment '*' (axis=child) from 1 nodes
[DEBUG] DEBUG_XPATH:   Current context node: SaradcSent (type=container, path=/Mcu/GtmConfiguration/GtmConfiguration_0/GtmToPeripheral/GtmToPeripheral/SaradcSent, children=['ChannelId', 'GtmTriggerSelect'])
[DEBUG] DEBUG_XPATH: _parse_path('*[num:i($SaradcCheckindex + 1)]/GtmTriggerSelect') -> parts=['*[num:i($SaradcCheckindex + 1)]', 'GtmTriggerSelect']
[DEBUG] DEBUG_XPATH: Navigating segment '*' (axis=child) from 1 nodes
[DEBUG] DEBUG_XPATH:   Current context node: SaradcSent (type=container, path=/Mcu/GtmConfiguration/GtmConfiguration_0/GtmToPeripheral/GtmToPeripheral/SaradcSent, children=['ChannelId', 'GtmTriggerSelect'])
[DEBUG] DEBUG_XPATH: _parse_path('*[num:i($SaradcCheckindexIn + 1)]/ChannelId') -> parts=['*[num:i($SaradcCheckindexIn + 1)]', 'ChannelId']
[DEBUG] DEBUG_XPATH: Navigating segment '*' (axis=child) from 1 nodes
[DEBUG] DEBUG_XPATH:   Current context node: SaradcSent (type=container, path=/Mcu/GtmConfiguration/GtmConfiguration_0/GtmToPeripheral/GtmToPeripheral/SaradcSent, children=['ChannelId', 'GtmTriggerSelect'])
[DEBUG] DEBUG_XPATH: _parse_path('*[num:i($SaradcCheckindex + 1)]/ChannelId') -> parts=['*[num:i($SaradcCheckindex + 1)]', 'ChannelId']
[DEBUG] DEBUG_XPATH: Navigating segment '*' (axis=child) from 1 nodes
[DEBUG] DEBUG_XPATH:   Current context node: SaradcSent (type=container, path=/Mcu/GtmConfiguration/GtmConfiguration_0/GtmToPeripheral/GtmToPeripheral/SaradcSent, children=['ChannelId', 'GtmTriggerSelect'])
[DEBUG] DEBUG: Evaluating condition: $ChidIn = $ChidOut
[DEBUG] DEBUG: Comparison [$ChidIn = $ChidOut] => [None = None] Result: True
[DEBUG] DEBUG: Evaluating condition: $triggIn = $triggOut
[DEBUG] DEBUG: Comparison [$triggIn = $triggOut] => [both empty ''] Result: False
[DEBUG] DEBUG_XPATH: _parse_path('*[num:i($SaradcCheckindexIn + 1)]/GtmTriggerSelect') -> parts=['*[num:i($SaradcCheckindexIn + 1)]', 'GtmTriggerSelect']
[DEBUG] DEBUG_XPATH: Navigating segment '*' (axis=child) from 1 nodes
[DEBUG] DEBUG_XPATH:   Current context node: SaradcSent (type=container, path=/Mcu/GtmConfiguration/GtmConfiguration_0/GtmToPeripheral/GtmToPeripheral/SaradcSent, children=['ChannelId', 'GtmTriggerSelect'])
[DEBUG] DEBUG_XPATH: _parse_path('*[num:i($SaradcCheckindexIn + 1)]/GtmTriggerSelect') -> parts=['*[num:i($SaradcCheckindexIn + 1)]', 'GtmTriggerSelect']
[DEBUG] DEBUG_XPATH: Navigating segment '*' (axis=child) from 1 nodes
[DEBUG] DEBUG_XPATH:   Current context node: SaradcSent (type=container, path=/Mcu/GtmConfiguration/GtmConfiguration_0/GtmToPeripheral/GtmToPeripheral/SaradcSent, children=['ChannelId', 'GtmTriggerSelect'])
[DEBUG] DEBUG_XPATH: _parse_path('*[num:i($SaradcCheckindex + 1)]/GtmTriggerSelect') -> parts=['*[num:i($SaradcCheckindex + 1)]', 'GtmTriggerSelect']
[DEBUG] DEBUG_XPATH: Navigating segment '*' (axis=child) from 1 nodes
[DEBUG] DEBUG_XPATH:   Current context node: SaradcSent (type=container, path=/Mcu/GtmConfiguration/GtmConfiguration_0/GtmToPeripheral/GtmToPeripheral/SaradcSent, children=['ChannelId', 'GtmTriggerSelect'])
[DEBUG] DEBUG_XPATH: _parse_path('*[num:i($SaradcCheckindex + 1)]/GtmTriggerSelect') -> parts=['*[num:i($SaradcCheckindex + 1)]', 'GtmTriggerSelect']
[DEBUG] DEBUG_XPATH: Navigating segment '*' (axis=child) from 1 nodes
[DEBUG] DEBUG_XPATH:   Current context node: SaradcSent (type=container, path=/Mcu/GtmConfiguration/GtmConfiguration_0/GtmToPeripheral/GtmToPeripheral/SaradcSent, children=['ChannelId', 'GtmTriggerSelect'])
[DEBUG] DEBUG_XPATH: _parse_path('*[num:i($SaradcCheckindexIn + 1)]/ChannelId') -> parts=['*[num:i($SaradcCheckindexIn + 1)]', 'ChannelId']
[DEBUG] DEBUG_XPATH: Navigating segment '*' (axis=child) from 1 nodes
[DEBUG] DEBUG_XPATH:   Current context node: SaradcSent (type=container, path=/Mcu/GtmConfiguration/GtmConfiguration_0/GtmToPeripheral/GtmToPeripheral/SaradcSent, children=['ChannelId', 'GtmTriggerSelect'])
[DEBUG] DEBUG_XPATH: _parse_path('*[num:i($SaradcCheckindex + 1)]/ChannelId') -> parts=['*[num:i($SaradcCheckindex + 1)]', 'ChannelId']
[DEBUG] DEBUG_XPATH: Navigating segment '*' (axis=child) from 1 nodes
[DEBUG] DEBUG_XPATH:   Current context node: SaradcSent (type=container, path=/Mcu/GtmConfiguration/GtmConfiguration_0/GtmToPeripheral/GtmToPeripheral/SaradcSent, children=['ChannelId', 'GtmTriggerSelect'])
[DEBUG] DEBUG: Evaluating condition: $ChidIn = $ChidOut
[DEBUG] DEBUG: Comparison [$ChidIn = $ChidOut] => [None = None] Result: True
[DEBUG] DEBUG: Evaluating condition: $triggIn = $triggOut
[DEBUG] DEBUG: Comparison [$triggIn = $triggOut] => [both empty ''] Result: False
[DEBUG] DEBUG_XPATH: _parse_path('*[num:i($SaradcCheckindexIn + 1)]/GtmTriggerSelect') -> parts=['*[num:i($SaradcCheckindexIn + 1)]', 'GtmTriggerSelect']
[DEBUG] DEBUG_XPATH: Navigating segment '*' (axis=child) from 1 nodes
[DEBUG] DEBUG_XPATH:   Current context node: SaradcSent (type=container, path=/Mcu/GtmConfiguration/GtmConfiguration_0/GtmToPeripheral/GtmToPeripheral/SaradcSent, children=['ChannelId', 'GtmTriggerSelect'])
[DEBUG] DEBUG_XPATH: _parse_path('*[num:i($SaradcCheckindexIn + 1)]/GtmTriggerSelect') -> parts=['*[num:i($SaradcCheckindexIn + 1)]', 'GtmTriggerSelect']
[DEBUG] DEBUG_XPATH: Navigating segment '*' (axis=child) from 1 nodes
[DEBUG] DEBUG_XPATH:   Current context node: SaradcSent (type=container, path=/Mcu/GtmConfiguration/GtmConfiguration_0/GtmToPeripheral/GtmToPeripheral/SaradcSent, children=['ChannelId', 'GtmTriggerSelect'])
[DEBUG] DEBUG_XPATH: _parse_path('*[num:i($SaradcCheckindex + 1)]/GtmTriggerSelect') -> parts=['*[num:i($SaradcCheckindex + 1)]', 'GtmTriggerSelect']
[DEBUG] DEBUG_XPATH: Navigating segment '*' (axis=child) from 1 nodes
[DEBUG] DEBUG_XPATH:   Current context node: SaradcSent (type=container, path=/Mcu/GtmConfiguration/GtmConfiguration_0/GtmToPeripheral/GtmToPeripheral/SaradcSent, children=['ChannelId', 'GtmTriggerSelect'])
[DEBUG] DEBUG_XPATH: _parse_path('*[num:i($SaradcCheckindex + 1)]/GtmTriggerSelect') -> parts=['*[num:i($SaradcCheckindex + 1)]', 'GtmTriggerSelect']
[DEBUG] DEBUG_XPATH: Navigating segment '*' (axis=child) from 1 nodes
[DEBUG] DEBUG_XPATH:   Current context node: SaradcSent (type=container, path=/Mcu/GtmConfiguration/GtmConfiguration_0/GtmToPeripheral/GtmToPeripheral/SaradcSent, children=['ChannelId', 'GtmTriggerSelect'])
[DEBUG] DEBUG_XPATH: _parse_path('*[num:i($SaradcCheckindexIn + 1)]/ChannelId') -> parts=['*[num:i($SaradcCheckindexIn + 1)]', 'ChannelId']
[DEBUG] DEBUG_XPATH: Navigating segment '*' (axis=child) from 1 nodes
[DEBUG] DEBUG_XPATH:   Current context node: SaradcSent (type=container, path=/Mcu/GtmConfiguration/GtmConfiguration_0/GtmToPeripheral/GtmToPeripheral/SaradcSent, children=['ChannelId', 'GtmTriggerSelect'])
[DEBUG] DEBUG_XPATH: _parse_path('*[num:i($SaradcCheckindex + 1)]/ChannelId') -> parts=['*[num:i($SaradcCheckindex + 1)]', 'ChannelId']
[DEBUG] DEBUG_XPATH: Navigating segment '*' (axis=child) from 1 nodes
[DEBUG] DEBUG_XPATH:   Current context node: SaradcSent (type=container, path=/Mcu/GtmConfiguration/GtmConfiguration_0/GtmToPeripheral/GtmToPeripheral/SaradcSent, children=['ChannelId', 'GtmTriggerSelect'])
[DEBUG] DEBUG: Evaluating condition: $ChidIn = $ChidOut
[DEBUG] DEBUG: Comparison [$ChidIn = $ChidOut] => [None = None] Result: True
[DEBUG] DEBUG: Evaluating condition: $triggIn = $triggOut
[DEBUG] DEBUG: Comparison [$triggIn = $triggOut] => [both empty ''] Result: False
[DEBUG] DEBUG_XPATH: _parse_path('*[num:i($SaradcCheckindexIn + 1)]/GtmTriggerSelect') -> parts=['*[num:i($SaradcCheckindexIn + 1)]', 'GtmTriggerSelect']
[DEBUG] DEBUG_XPATH: Navigating segment '*' (axis=child) from 1 nodes
[DEBUG] DEBUG_XPATH:   Current context node: SaradcSent (type=container, path=/Mcu/GtmConfiguration/GtmConfiguration_0/GtmToPeripheral/GtmToPeripheral/SaradcSent, children=['ChannelId', 'GtmTriggerSelect'])
[DEBUG] DEBUG_XPATH: _parse_path('*[num:i($SaradcCheckindexIn + 1)]/GtmTriggerSelect') -> parts=['*[num:i($SaradcCheckindexIn + 1)]', 'GtmTriggerSelect']
[DEBUG] DEBUG_XPATH: Navigating segment '*' (axis=child) from 1 nodes
[DEBUG] DEBUG_XPATH:   Current context node: SaradcSent (type=container, path=/Mcu/GtmConfiguration/GtmConfiguration_0/GtmToPeripheral/GtmToPeripheral/SaradcSent, children=['ChannelId', 'GtmTriggerSelect'])
[DEBUG] DEBUG_XPATH: _parse_path('*[num:i($SaradcCheckindex + 1)]/GtmTriggerSelect') -> parts=['*[num:i($SaradcCheckindex + 1)]', 'GtmTriggerSelect']
[DEBUG] DEBUG_XPATH: Navigating segment '*' (axis=child) from 1 nodes
[DEBUG] DEBUG_XPATH:   Current context node: SaradcSent (type=container, path=/Mcu/GtmConfiguration/GtmConfiguration_0/GtmToPeripheral/GtmToPeripheral/SaradcSent, children=['ChannelId', 'GtmTriggerSelect'])
[DEBUG] DEBUG_XPATH: _parse_path('*[num:i($SaradcCheckindex + 1)]/GtmTriggerSelect') -> parts=['*[num:i($SaradcCheckindex + 1)]', 'GtmTriggerSelect']
[DEBUG] DEBUG_XPATH: Navigating segment '*' (axis=child) from 1 nodes
[DEBUG] DEBUG_XPATH:   Current context node: SaradcSent (type=container, path=/Mcu/GtmConfiguration/GtmConfiguration_0/GtmToPeripheral/GtmToPeripheral/SaradcSent, children=['ChannelId', 'GtmTriggerSelect'])
[DEBUG] DEBUG_XPATH: _parse_path('*[num:i($SaradcCheckindexIn + 1)]/ChannelId') -> parts=['*[num:i($SaradcCheckindexIn + 1)]', 'ChannelId']
[DEBUG] DEBUG_XPATH: Navigating segment '*' (axis=child) from 1 nodes
[DEBUG] DEBUG_XPATH:   Current context node: SaradcSent (type=container, path=/Mcu/GtmConfiguration/GtmConfiguration_0/GtmToPeripheral/GtmToPeripheral/SaradcSent, children=['ChannelId', 'GtmTriggerSelect'])
[DEBUG] DEBUG_XPATH: _parse_path('*[num:i($SaradcCheckindex + 1)]/ChannelId') -> parts=['*[num:i($SaradcCheckindex + 1)]', 'ChannelId']
[DEBUG] DEBUG_XPATH: Navigating segment '*' (axis=child) from 1 nodes
[DEBUG] DEBUG_XPATH:   Current context node: SaradcSent (type=container, path=/Mcu/GtmConfiguration/GtmConfiguration_0/GtmToPeripheral/GtmToPeripheral/SaradcSent, children=['ChannelId', 'GtmTriggerSelect'])
[DEBUG] DEBUG: Evaluating condition: $ChidIn = $ChidOut
[DEBUG] DEBUG: Comparison [$ChidIn = $ChidOut] => [None = None] Result: True
[DEBUG] DEBUG: Evaluating condition: $triggIn = $triggOut
[DEBUG] DEBUG: Comparison [$triggIn = $triggOut] => [both empty ''] Result: False
[DEBUG] DEBUG_XPATH: _parse_path('*[num:i($SaradcCheckindexIn + 1)]/GtmTriggerSelect') -> parts=['*[num:i($SaradcCheckindexIn + 1)]', 'GtmTriggerSelect']
[DEBUG] DEBUG_XPATH: Navigating segment '*' (axis=child) from 1 nodes
[DEBUG] DEBUG_XPATH:   Current context node: SaradcSent (type=container, path=/Mcu/GtmConfiguration/GtmConfiguration_0/GtmToPeripheral/GtmToPeripheral/SaradcSent, children=['ChannelId', 'GtmTriggerSelect'])
[DEBUG] DEBUG_XPATH: _parse_path('*[num:i($SaradcCheckindexIn + 1)]/GtmTriggerSelect') -> parts=['*[num:i($SaradcCheckindexIn + 1)]', 'GtmTriggerSelect']
[DEBUG] DEBUG_XPATH: Navigating segment '*' (axis=child) from 1 nodes
[DEBUG] DEBUG_XPATH:   Current context node: SaradcSent (type=container, path=/Mcu/GtmConfiguration/GtmConfiguration_0/GtmToPeripheral/GtmToPeripheral/SaradcSent, children=['ChannelId', 'GtmTriggerSelect'])
[DEBUG] DEBUG_XPATH: _parse_path('*[num:i($SaradcCheckindex + 1)]/GtmTriggerSelect') -> parts=['*[num:i($SaradcCheckindex + 1)]', 'GtmTriggerSelect']
[DEBUG] DEBUG_XPATH: Navigating segment '*' (axis=child) from 1 nodes
[DEBUG] DEBUG_XPATH:   Current context node: SaradcSent (type=container, path=/Mcu/GtmConfiguration/GtmConfiguration_0/GtmToPeripheral/GtmToPeripheral/SaradcSent, children=['ChannelId', 'GtmTriggerSelect'])
[DEBUG] DEBUG_XPATH: _parse_path('*[num:i($SaradcCheckindex + 1)]/GtmTriggerSelect') -> parts=['*[num:i($SaradcCheckindex + 1)]', 'GtmTriggerSelect']
[DEBUG] DEBUG_XPATH: Navigating segment '*' (axis=child) from 1 nodes
[DEBUG] DEBUG_XPATH:   Current context node: SaradcSent (type=container, path=/Mcu/GtmConfiguration/GtmConfiguration_0/GtmToPeripheral/GtmToPeripheral/SaradcSent, children=['ChannelId', 'GtmTriggerSelect'])
[DEBUG] DEBUG_XPATH: _parse_path('*[num:i($SaradcCheckindexIn + 1)]/ChannelId') -> parts=['*[num:i($SaradcCheckindexIn + 1)]', 'ChannelId']
[DEBUG] DEBUG_XPATH: Navigating segment '*' (axis=child) from 1 nodes
[DEBUG] DEBUG_XPATH:   Current context node: SaradcSent (type=container, path=/Mcu/GtmConfiguration/GtmConfiguration_0/GtmToPeripheral/GtmToPeripheral/SaradcSent, children=['ChannelId', 'GtmTriggerSelect'])
[DEBUG] DEBUG_XPATH: _parse_path('*[num:i($SaradcCheckindex + 1)]/ChannelId') -> parts=['*[num:i($SaradcCheckindex + 1)]', 'ChannelId']
[DEBUG] DEBUG_XPATH: Navigating segment '*' (axis=child) from 1 nodes
[DEBUG] DEBUG_XPATH:   Current context node: SaradcSent (type=container, path=/Mcu/GtmConfiguration/GtmConfiguration_0/GtmToPeripheral/GtmToPeripheral/SaradcSent, children=['ChannelId', 'GtmTriggerSelect'])
[DEBUG] DEBUG: Evaluating condition: $ChidIn = $ChidOut
[DEBUG] DEBUG: Comparison [$ChidIn = $ChidOut] => [None = None] Result: True
[DEBUG] DEBUG: Evaluating condition: $triggIn = $triggOut
[DEBUG] DEBUG: Comparison [$triggIn = $triggOut] => [both empty ''] Result: False
[DEBUG] DEBUG_XPATH: _parse_path('*[num:i($SaradcCheckindexIn + 1)]/GtmTriggerSelect') -> parts=['*[num:i($SaradcCheckindexIn + 1)]', 'GtmTriggerSelect']
[DEBUG] DEBUG_XPATH: Navigating segment '*' (axis=child) from 1 nodes
[DEBUG] DEBUG_XPATH:   Current context node: SaradcSent (type=container, path=/Mcu/GtmConfiguration/GtmConfiguration_0/GtmToPeripheral/GtmToPeripheral/SaradcSent, children=['ChannelId', 'GtmTriggerSelect'])
[DEBUG] DEBUG_XPATH: _parse_path('*[num:i($SaradcCheckindexIn + 1)]/GtmTriggerSelect') -> parts=['*[num:i($SaradcCheckindexIn + 1)]', 'GtmTriggerSelect']
[DEBUG] DEBUG_XPATH: Navigating segment '*' (axis=child) from 1 nodes
[DEBUG] DEBUG_XPATH:   Current context node: SaradcSent (type=container, path=/Mcu/GtmConfiguration/GtmConfiguration_0/GtmToPeripheral/GtmToPeripheral/SaradcSent, children=['ChannelId', 'GtmTriggerSelect'])
[DEBUG] DEBUG_XPATH: _parse_path('*[num:i($SaradcCheckindex + 1)]/GtmTriggerSelect') -> parts=['*[num:i($SaradcCheckindex + 1)]', 'GtmTriggerSelect']
[DEBUG] DEBUG_XPATH: Navigating segment '*' (axis=child) from 1 nodes
[DEBUG] DEBUG_XPATH:   Current context node: SaradcSent (type=container, path=/Mcu/GtmConfiguration/GtmConfiguration_0/GtmToPeripheral/GtmToPeripheral/SaradcSent, children=['ChannelId', 'GtmTriggerSelect'])
[DEBUG] DEBUG_XPATH: _parse_path('*[num:i($SaradcCheckindex + 1)]/GtmTriggerSelect') -> parts=['*[num:i($SaradcCheckindex + 1)]', 'GtmTriggerSelect']
[DEBUG] DEBUG_XPATH: Navigating segment '*' (axis=child) from 1 nodes
[DEBUG] DEBUG_XPATH:   Current context node: SaradcSent (type=container, path=/Mcu/GtmConfiguration/GtmConfiguration_0/GtmToPeripheral/GtmToPeripheral/SaradcSent, children=['ChannelId', 'GtmTriggerSelect'])
[DEBUG] DEBUG_XPATH: _parse_path('*[num:i($SaradcCheckindexIn + 1)]/ChannelId') -> parts=['*[num:i($SaradcCheckindexIn + 1)]', 'ChannelId']
[DEBUG] DEBUG_XPATH: Navigating segment '*' (axis=child) from 1 nodes
[DEBUG] DEBUG_XPATH:   Current context node: SaradcSent (type=container, path=/Mcu/GtmConfiguration/GtmConfiguration_0/GtmToPeripheral/GtmToPeripheral/SaradcSent, children=['ChannelId', 'GtmTriggerSelect'])
[DEBUG] DEBUG_XPATH: _parse_path('*[num:i($SaradcCheckindex + 1)]/ChannelId') -> parts=['*[num:i($SaradcCheckindex + 1)]', 'ChannelId']
[DEBUG] DEBUG_XPATH: Navigating segment '*' (axis=child) from 1 nodes
[DEBUG] DEBUG_XPATH:   Current context node: SaradcSent (type=container, path=/Mcu/GtmConfiguration/GtmConfiguration_0/GtmToPeripheral/GtmToPeripheral/SaradcSent, children=['ChannelId', 'GtmTriggerSelect'])
[DEBUG] DEBUG: Evaluating condition: $ChidIn = $ChidOut
[DEBUG] DEBUG: Comparison [$ChidIn = $ChidOut] => [None = None] Result: True
[DEBUG] DEBUG: Evaluating condition: $triggIn = $triggOut
[DEBUG] DEBUG: Comparison [$triggIn = $triggOut] => [both empty ''] Result: False
[DEBUG] DEBUG_XPATH: _parse_path('*[num:i($SaradcCheckindexIn + 1)]/GtmTriggerSelect') -> parts=['*[num:i($SaradcCheckindexIn + 1)]', 'GtmTriggerSelect']
[DEBUG] DEBUG_XPATH: Navigating segment '*' (axis=child) from 1 nodes
[DEBUG] DEBUG_XPATH:   Current context node: SaradcSent (type=container, path=/Mcu/GtmConfiguration/GtmConfiguration_0/GtmToPeripheral/GtmToPeripheral/SaradcSent, children=['ChannelId', 'GtmTriggerSelect'])
[DEBUG] DEBUG_XPATH: _parse_path('*[num:i($SaradcCheckindexIn + 1)]/GtmTriggerSelect') -> parts=['*[num:i($SaradcCheckindexIn + 1)]', 'GtmTriggerSelect']
[DEBUG] DEBUG_XPATH: Navigating segment '*' (axis=child) from 1 nodes
[DEBUG] DEBUG_XPATH:   Current context node: SaradcSent (type=container, path=/Mcu/GtmConfiguration/GtmConfiguration_0/GtmToPeripheral/GtmToPeripheral/SaradcSent, children=['ChannelId', 'GtmTriggerSelect'])
[DEBUG] DEBUG_XPATH: _parse_path('*[num:i($SaradcCheckindex + 1)]/GtmTriggerSelect') -> parts=['*[num:i($SaradcCheckindex + 1)]', 'GtmTriggerSelect']
[DEBUG] DEBUG_XPATH: Navigating segment '*' (axis=child) from 1 nodes
[DEBUG] DEBUG_XPATH:   Current context node: SaradcSent (type=container, path=/Mcu/GtmConfiguration/GtmConfiguration_0/GtmToPeripheral/GtmToPeripheral/SaradcSent, children=['ChannelId', 'GtmTriggerSelect'])
[DEBUG] DEBUG_XPATH: _parse_path('*[num:i($SaradcCheckindex + 1)]/GtmTriggerSelect') -> parts=['*[num:i($SaradcCheckindex + 1)]', 'GtmTriggerSelect']
[DEBUG] DEBUG_XPATH: Navigating segment '*' (axis=child) from 1 nodes
[DEBUG] DEBUG_XPATH:   Current context node: SaradcSent (type=container, path=/Mcu/GtmConfiguration/GtmConfiguration_0/GtmToPeripheral/GtmToPeripheral/SaradcSent, children=['ChannelId', 'GtmTriggerSelect'])
[DEBUG] DEBUG_XPATH: _parse_path('*[num:i($SaradcCheckindexIn + 1)]/ChannelId') -> parts=['*[num:i($SaradcCheckindexIn + 1)]', 'ChannelId']
[DEBUG] DEBUG_XPATH: Navigating segment '*' (axis=child) from 1 nodes
[DEBUG] DEBUG_XPATH:   Current context node: SaradcSent (type=container, path=/Mcu/GtmConfiguration/GtmConfiguration_0/GtmToPeripheral/GtmToPeripheral/SaradcSent, children=['ChannelId', 'GtmTriggerSelect'])
[DEBUG] DEBUG_XPATH: _parse_path('*[num:i($SaradcCheckindex + 1)]/ChannelId') -> parts=['*[num:i($SaradcCheckindex + 1)]', 'ChannelId']
[DEBUG] DEBUG_XPATH: Navigating segment '*' (axis=child) from 1 nodes
[DEBUG] DEBUG_XPATH:   Current context node: SaradcSent (type=container, path=/Mcu/GtmConfiguration/GtmConfiguration_0/GtmToPeripheral/GtmToPeripheral/SaradcSent, children=['ChannelId', 'GtmTriggerSelect'])
[DEBUG] DEBUG: Evaluating condition: $ChidIn = $ChidOut
[DEBUG] DEBUG: Comparison [$ChidIn = $ChidOut] => [None = None] Result: True
[DEBUG] DEBUG: Evaluating condition: $triggIn = $triggOut
[DEBUG] DEBUG: Comparison [$triggIn = $triggOut] => [both empty ''] Result: False
[DEBUG] DEBUG_XPATH: _parse_path('*[num:i($SaradcCheckindexIn + 1)]/GtmTriggerSelect') -> parts=['*[num:i($SaradcCheckindexIn + 1)]', 'GtmTriggerSelect']
[DEBUG] DEBUG_XPATH: Navigating segment '*' (axis=child) from 1 nodes
[DEBUG] DEBUG_XPATH:   Current context node: SaradcSent (type=container, path=/Mcu/GtmConfiguration/GtmConfiguration_0/GtmToPeripheral/GtmToPeripheral/SaradcSent, children=['ChannelId', 'GtmTriggerSelect'])
[DEBUG] DEBUG_XPATH: _parse_path('*[num:i($SaradcCheckindexIn + 1)]/GtmTriggerSelect') -> parts=['*[num:i($SaradcCheckindexIn + 1)]', 'GtmTriggerSelect']
[DEBUG] DEBUG_XPATH: Navigating segment '*' (axis=child) from 1 nodes
[DEBUG] DEBUG_XPATH:   Current context node: SaradcSent (type=container, path=/Mcu/GtmConfiguration/GtmConfiguration_0/GtmToPeripheral/GtmToPeripheral/SaradcSent, children=['ChannelId', 'GtmTriggerSelect'])
[DEBUG] DEBUG_XPATH: _parse_path('*[num:i($SaradcCheckindex + 1)]/GtmTriggerSelect') -> parts=['*[num:i($SaradcCheckindex + 1)]', 'GtmTriggerSelect']
[DEBUG] DEBUG_XPATH: Navigating segment '*' (axis=child) from 1 nodes
[DEBUG] DEBUG_XPATH:   Current context node: SaradcSent (type=container, path=/Mcu/GtmConfiguration/GtmConfiguration_0/GtmToPeripheral/GtmToPeripheral/SaradcSent, children=['ChannelId', 'GtmTriggerSelect'])
[DEBUG] DEBUG_XPATH: _parse_path('*[num:i($SaradcCheckindex + 1)]/GtmTriggerSelect') -> parts=['*[num:i($SaradcCheckindex + 1)]', 'GtmTriggerSelect']
[DEBUG] DEBUG_XPATH: Navigating segment '*' (axis=child) from 1 nodes
[DEBUG] DEBUG_XPATH:   Current context node: SaradcSent (type=container, path=/Mcu/GtmConfiguration/GtmConfiguration_0/GtmToPeripheral/GtmToPeripheral/SaradcSent, children=['ChannelId', 'GtmTriggerSelect'])
[DEBUG] DEBUG_XPATH: _parse_path('*[num:i($SaradcCheckindexIn + 1)]/ChannelId') -> parts=['*[num:i($SaradcCheckindexIn + 1)]', 'ChannelId']
[DEBUG] DEBUG_XPATH: Navigating segment '*' (axis=child) from 1 nodes
[DEBUG] DEBUG_XPATH:   Current context node: SaradcSent (type=container, path=/Mcu/GtmConfiguration/GtmConfiguration_0/GtmToPeripheral/GtmToPeripheral/SaradcSent, children=['ChannelId', 'GtmTriggerSelect'])
[DEBUG] DEBUG_XPATH: _parse_path('*[num:i($SaradcCheckindex + 1)]/ChannelId') -> parts=['*[num:i($SaradcCheckindex + 1)]', 'ChannelId']
[DEBUG] DEBUG_XPATH: Navigating segment '*' (axis=child) from 1 nodes
[DEBUG] DEBUG_XPATH:   Current context node: SaradcSent (type=container, path=/Mcu/GtmConfiguration/GtmConfiguration_0/GtmToPeripheral/GtmToPeripheral/SaradcSent, children=['ChannelId', 'GtmTriggerSelect'])
[DEBUG] DEBUG: Evaluating condition: $ChidIn = $ChidOut
[DEBUG] DEBUG: Comparison [$ChidIn = $ChidOut] => [None = None] Result: True
[DEBUG] DEBUG: Evaluating condition: $triggIn = $triggOut
[DEBUG] DEBUG: Comparison [$triggIn = $triggOut] => [both empty ''] Result: False
[DEBUG] DEBUG_XPATH: _parse_path('*[num:i($SaradcCheckindexIn + 1)]/GtmTriggerSelect') -> parts=['*[num:i($SaradcCheckindexIn + 1)]', 'GtmTriggerSelect']
[DEBUG] DEBUG_XPATH: Navigating segment '*' (axis=child) from 1 nodes
[DEBUG] DEBUG_XPATH:   Current context node: SaradcSent (type=container, path=/Mcu/GtmConfiguration/GtmConfiguration_0/GtmToPeripheral/GtmToPeripheral/SaradcSent, children=['ChannelId', 'GtmTriggerSelect'])
[DEBUG] DEBUG_XPATH: _parse_path('*[num:i($SaradcCheckindexIn + 1)]/GtmTriggerSelect') -> parts=['*[num:i($SaradcCheckindexIn + 1)]', 'GtmTriggerSelect']
[DEBUG] DEBUG_XPATH: Navigating segment '*' (axis=child) from 1 nodes
[DEBUG] DEBUG_XPATH:   Current context node: SaradcSent (type=container, path=/Mcu/GtmConfiguration/GtmConfiguration_0/GtmToPeripheral/GtmToPeripheral/SaradcSent, children=['ChannelId', 'GtmTriggerSelect'])
[DEBUG] DEBUG_XPATH: _parse_path('*[num:i($SaradcCheckindex + 1)]/GtmTriggerSelect') -> parts=['*[num:i($SaradcCheckindex + 1)]', 'GtmTriggerSelect']
[DEBUG] DEBUG_XPATH: Navigating segment '*' (axis=child) from 1 nodes
[DEBUG] DEBUG_XPATH:   Current context node: SaradcSent (type=container, path=/Mcu/GtmConfiguration/GtmConfiguration_0/GtmToPeripheral/GtmToPeripheral/SaradcSent, children=['ChannelId', 'GtmTriggerSelect'])
[DEBUG] DEBUG_XPATH: _parse_path('*[num:i($SaradcCheckindex + 1)]/GtmTriggerSelect') -> parts=['*[num:i($SaradcCheckindex + 1)]', 'GtmTriggerSelect']
[DEBUG] DEBUG_XPATH: Navigating segment '*' (axis=child) from 1 nodes
[DEBUG] DEBUG_XPATH:   Current context node: SaradcSent (type=container, path=/Mcu/GtmConfiguration/GtmConfiguration_0/GtmToPeripheral/GtmToPeripheral/SaradcSent, children=['ChannelId', 'GtmTriggerSelect'])
[DEBUG] DEBUG_XPATH: _parse_path('*[num:i($SaradcCheckindexIn + 1)]/ChannelId') -> parts=['*[num:i($SaradcCheckindexIn + 1)]', 'ChannelId']
[DEBUG] DEBUG_XPATH: Navigating segment '*' (axis=child) from 1 nodes
[DEBUG] DEBUG_XPATH:   Current context node: SaradcSent (type=container, path=/Mcu/GtmConfiguration/GtmConfiguration_0/GtmToPeripheral/GtmToPeripheral/SaradcSent, children=['ChannelId', 'GtmTriggerSelect'])
[DEBUG] DEBUG_XPATH: _parse_path('*[num:i($SaradcCheckindex + 1)]/ChannelId') -> parts=['*[num:i($SaradcCheckindex + 1)]', 'ChannelId']
[DEBUG] DEBUG_XPATH: Navigating segment '*' (axis=child) from 1 nodes
[DEBUG] DEBUG_XPATH:   Current context node: SaradcSent (type=container, path=/Mcu/GtmConfiguration/GtmConfiguration_0/GtmToPeripheral/GtmToPeripheral/SaradcSent, children=['ChannelId', 'GtmTriggerSelect'])
[DEBUG] DEBUG: Evaluating condition: $ChidIn = $ChidOut
[DEBUG] DEBUG: Comparison [$ChidIn = $ChidOut] => [None = None] Result: True
[DEBUG] DEBUG: Evaluating condition: $triggIn = $triggOut
[DEBUG] DEBUG: Comparison [$triggIn = $triggOut] => [both empty ''] Result: False
[DEBUG] DEBUG_XPATH: _parse_path('*[num:i($SaradcCheckindexIn + 1)]/GtmTriggerSelect') -> parts=['*[num:i($SaradcCheckindexIn + 1)]', 'GtmTriggerSelect']
[DEBUG] DEBUG_XPATH: Navigating segment '*' (axis=child) from 1 nodes
[DEBUG] DEBUG_XPATH:   Current context node: SaradcSent (type=container, path=/Mcu/GtmConfiguration/GtmConfiguration_0/GtmToPeripheral/GtmToPeripheral/SaradcSent, children=['ChannelId', 'GtmTriggerSelect'])
[DEBUG] DEBUG_XPATH: _parse_path('*[num:i($SaradcCheckindexIn + 1)]/GtmTriggerSelect') -> parts=['*[num:i($SaradcCheckindexIn + 1)]', 'GtmTriggerSelect']
[DEBUG] DEBUG_XPATH: Navigating segment '*' (axis=child) from 1 nodes
[DEBUG] DEBUG_XPATH:   Current context node: SaradcSent (type=container, path=/Mcu/GtmConfiguration/GtmConfiguration_0/GtmToPeripheral/GtmToPeripheral/SaradcSent, children=['ChannelId', 'GtmTriggerSelect'])
[DEBUG] DEBUG_XPATH: _parse_path('*[num:i($SaradcCheckindex + 1)]/GtmTriggerSelect') -> parts=['*[num:i($SaradcCheckindex + 1)]', 'GtmTriggerSelect']
[DEBUG] DEBUG_XPATH: Navigating segment '*' (axis=child) from 1 nodes
[DEBUG] DEBUG_XPATH:   Current context node: SaradcSent (type=container, path=/Mcu/GtmConfiguration/GtmConfiguration_0/GtmToPeripheral/GtmToPeripheral/SaradcSent, children=['ChannelId', 'GtmTriggerSelect'])
[DEBUG] DEBUG_XPATH: _parse_path('*[num:i($SaradcCheckindex + 1)]/GtmTriggerSelect') -> parts=['*[num:i($SaradcCheckindex + 1)]', 'GtmTriggerSelect']
[DEBUG] DEBUG_XPATH: Navigating segment '*' (axis=child) from 1 nodes
[DEBUG] DEBUG_XPATH:   Current context node: SaradcSent (type=container, path=/Mcu/GtmConfiguration/GtmConfiguration_0/GtmToPeripheral/GtmToPeripheral/SaradcSent, children=['ChannelId', 'GtmTriggerSelect'])
[DEBUG] DEBUG_XPATH: _parse_path('*[num:i($SaradcCheckindexIn + 1)]/ChannelId') -> parts=['*[num:i($SaradcCheckindexIn + 1)]', 'ChannelId']
[DEBUG] DEBUG_XPATH: Navigating segment '*' (axis=child) from 1 nodes
[DEBUG] DEBUG_XPATH:   Current context node: SaradcSent (type=container, path=/Mcu/GtmConfiguration/GtmConfiguration_0/GtmToPeripheral/GtmToPeripheral/SaradcSent, children=['ChannelId', 'GtmTriggerSelect'])
[DEBUG] DEBUG_XPATH: _parse_path('*[num:i($SaradcCheckindex + 1)]/ChannelId') -> parts=['*[num:i($SaradcCheckindex + 1)]', 'ChannelId']
[DEBUG] DEBUG_XPATH: Navigating segment '*' (axis=child) from 1 nodes
[DEBUG] DEBUG_XPATH:   Current context node: SaradcSent (type=container, path=/Mcu/GtmConfiguration/GtmConfiguration_0/GtmToPeripheral/GtmToPeripheral/SaradcSent, children=['ChannelId', 'GtmTriggerSelect'])
[DEBUG] DEBUG: Evaluating condition: $ChidIn = $ChidOut
[DEBUG] DEBUG: Comparison [$ChidIn = $ChidOut] => [None = None] Result: True
[DEBUG] DEBUG: Evaluating condition: $triggIn = $triggOut
[DEBUG] DEBUG: Comparison [$triggIn = $triggOut] => [both empty ''] Result: False
[DEBUG] DEBUG_XPATH: _parse_path('*[num:i($SaradcCheckindexIn + 1)]/GtmTriggerSelect') -> parts=['*[num:i($SaradcCheckindexIn + 1)]', 'GtmTriggerSelect']
[DEBUG] DEBUG_XPATH: Navigating segment '*' (axis=child) from 1 nodes
[DEBUG] DEBUG_XPATH:   Current context node: SaradcSent (type=container, path=/Mcu/GtmConfiguration/GtmConfiguration_0/GtmToPeripheral/GtmToPeripheral/SaradcSent, children=['ChannelId', 'GtmTriggerSelect'])
[DEBUG] DEBUG_XPATH: _parse_path('*[num:i($SaradcCheckindexIn + 1)]/GtmTriggerSelect') -> parts=['*[num:i($SaradcCheckindexIn + 1)]', 'GtmTriggerSelect']
[DEBUG] DEBUG_XPATH: Navigating segment '*' (axis=child) from 1 nodes
[DEBUG] DEBUG_XPATH:   Current context node: SaradcSent (type=container, path=/Mcu/GtmConfiguration/GtmConfiguration_0/GtmToPeripheral/GtmToPeripheral/SaradcSent, children=['ChannelId', 'GtmTriggerSelect'])
[DEBUG] DEBUG_XPATH: _parse_path('*[num:i($SaradcCheckindex + 1)]/GtmTriggerSelect') -> parts=['*[num:i($SaradcCheckindex + 1)]', 'GtmTriggerSelect']
[DEBUG] DEBUG_XPATH: Navigating segment '*' (axis=child) from 1 nodes
[DEBUG] DEBUG_XPATH:   Current context node: SaradcSent (type=container, path=/Mcu/GtmConfiguration/GtmConfiguration_0/GtmToPeripheral/GtmToPeripheral/SaradcSent, children=['ChannelId', 'GtmTriggerSelect'])
[DEBUG] DEBUG_XPATH: _parse_path('*[num:i($SaradcCheckindex + 1)]/GtmTriggerSelect') -> parts=['*[num:i($SaradcCheckindex + 1)]', 'GtmTriggerSelect']
[DEBUG] DEBUG_XPATH: Navigating segment '*' (axis=child) from 1 nodes
[DEBUG] DEBUG_XPATH:   Current context node: SaradcSent (type=container, path=/Mcu/GtmConfiguration/GtmConfiguration_0/GtmToPeripheral/GtmToPeripheral/SaradcSent, children=['ChannelId', 'GtmTriggerSelect'])
[DEBUG] DEBUG_XPATH: _parse_path('*[num:i($SaradcCheckindexIn + 1)]/ChannelId') -> parts=['*[num:i($SaradcCheckindexIn + 1)]', 'ChannelId']
[DEBUG] DEBUG_XPATH: Navigating segment '*' (axis=child) from 1 nodes
[DEBUG] DEBUG_XPATH:   Current context node: SaradcSent (type=container, path=/Mcu/GtmConfiguration/GtmConfiguration_0/GtmToPeripheral/GtmToPeripheral/SaradcSent, children=['ChannelId', 'GtmTriggerSelect'])
[DEBUG] DEBUG_XPATH: _parse_path('*[num:i($SaradcCheckindex + 1)]/ChannelId') -> parts=['*[num:i($SaradcCheckindex + 1)]', 'ChannelId']
[DEBUG] DEBUG_XPATH: Navigating segment '*' (axis=child) from 1 nodes
[DEBUG] DEBUG_XPATH:   Current context node: SaradcSent (type=container, path=/Mcu/GtmConfiguration/GtmConfiguration_0/GtmToPeripheral/GtmToPeripheral/SaradcSent, children=['ChannelId', 'GtmTriggerSelect'])
[DEBUG] DEBUG: Evaluating condition: $ChidIn = $ChidOut
[DEBUG] DEBUG: Comparison [$ChidIn = $ChidOut] => [None = None] Result: True
[DEBUG] DEBUG: Evaluating condition: $triggIn = $triggOut
[DEBUG] DEBUG: Comparison [$triggIn = $triggOut] => [both empty ''] Result: False
[DEBUG] DEBUG_XPATH: _parse_path('*[num:i($SaradcCheckindexIn + 1)]/GtmTriggerSelect') -> parts=['*[num:i($SaradcCheckindexIn + 1)]', 'GtmTriggerSelect']
[DEBUG] DEBUG_XPATH: Navigating segment '*' (axis=child) from 1 nodes
[DEBUG] DEBUG_XPATH:   Current context node: SaradcSent (type=container, path=/Mcu/GtmConfiguration/GtmConfiguration_0/GtmToPeripheral/GtmToPeripheral/SaradcSent, children=['ChannelId', 'GtmTriggerSelect'])
[DEBUG] DEBUG_XPATH: _parse_path('*[num:i($SaradcCheckindexIn + 1)]/GtmTriggerSelect') -> parts=['*[num:i($SaradcCheckindexIn + 1)]', 'GtmTriggerSelect']
[DEBUG] DEBUG_XPATH: Navigating segment '*' (axis=child) from 1 nodes
[DEBUG] DEBUG_XPATH:   Current context node: SaradcSent (type=container, path=/Mcu/GtmConfiguration/GtmConfiguration_0/GtmToPeripheral/GtmToPeripheral/SaradcSent, children=['ChannelId', 'GtmTriggerSelect'])
[DEBUG] DEBUG_XPATH: _parse_path('*[num:i($SaradcCheckindex + 1)]/GtmTriggerSelect') -> parts=['*[num:i($SaradcCheckindex + 1)]', 'GtmTriggerSelect']
[DEBUG] DEBUG_XPATH: Navigating segment '*' (axis=child) from 1 nodes
[DEBUG] DEBUG_XPATH:   Current context node: SaradcSent (type=container, path=/Mcu/GtmConfiguration/GtmConfiguration_0/GtmToPeripheral/GtmToPeripheral/SaradcSent, children=['ChannelId', 'GtmTriggerSelect'])
[DEBUG] DEBUG_XPATH: _parse_path('*[num:i($SaradcCheckindex + 1)]/GtmTriggerSelect') -> parts=['*[num:i($SaradcCheckindex + 1)]', 'GtmTriggerSelect']
[DEBUG] DEBUG_XPATH: Navigating segment '*' (axis=child) from 1 nodes
[DEBUG] DEBUG_XPATH:   Current context node: SaradcSent (type=container, path=/Mcu/GtmConfiguration/GtmConfiguration_0/GtmToPeripheral/GtmToPeripheral/SaradcSent, children=['ChannelId', 'GtmTriggerSelect'])
[DEBUG] DEBUG_XPATH: _parse_path('*[num:i($SaradcCheckindexIn + 1)]/ChannelId') -> parts=['*[num:i($SaradcCheckindexIn + 1)]', 'ChannelId']
[DEBUG] DEBUG_XPATH: Navigating segment '*' (axis=child) from 1 nodes
[DEBUG] DEBUG_XPATH:   Current context node: SaradcSent (type=container, path=/Mcu/GtmConfiguration/GtmConfiguration_0/GtmToPeripheral/GtmToPeripheral/SaradcSent, children=['ChannelId', 'GtmTriggerSelect'])
[DEBUG] DEBUG_XPATH: _parse_path('*[num:i($SaradcCheckindex + 1)]/ChannelId') -> parts=['*[num:i($SaradcCheckindex + 1)]', 'ChannelId']
[DEBUG] DEBUG_XPATH: Navigating segment '*' (axis=child) from 1 nodes
[DEBUG] DEBUG_XPATH:   Current context node: SaradcSent (type=container, path=/Mcu/GtmConfiguration/GtmConfiguration_0/GtmToPeripheral/GtmToPeripheral/SaradcSent, children=['ChannelId', 'GtmTriggerSelect'])
[DEBUG] DEBUG: Evaluating condition: $ChidIn = $ChidOut
[DEBUG] DEBUG: Comparison [$ChidIn = $ChidOut] => [None = None] Result: True
[DEBUG] DEBUG: Evaluating condition: $triggIn = $triggOut
[DEBUG] DEBUG: Comparison [$triggIn = $triggOut] => [both empty ''] Result: False
[DEBUG] DEBUG_XPATH: _parse_path('*[num:i($SaradcCheckindexIn + 1)]/GtmTriggerSelect') -> parts=['*[num:i($SaradcCheckindexIn + 1)]', 'GtmTriggerSelect']
[DEBUG] DEBUG_XPATH: Navigating segment '*' (axis=child) from 1 nodes
[DEBUG] DEBUG_XPATH:   Current context node: SaradcSent (type=container, path=/Mcu/GtmConfiguration/GtmConfiguration_0/GtmToPeripheral/GtmToPeripheral/SaradcSent, children=['ChannelId', 'GtmTriggerSelect'])
[DEBUG] DEBUG_XPATH: _parse_path('*[num:i($SaradcCheckindexIn + 1)]/GtmTriggerSelect') -> parts=['*[num:i($SaradcCheckindexIn + 1)]', 'GtmTriggerSelect']
[DEBUG] DEBUG_XPATH: Navigating segment '*' (axis=child) from 1 nodes
[DEBUG] DEBUG_XPATH:   Current context node: SaradcSent (type=container, path=/Mcu/GtmConfiguration/GtmConfiguration_0/GtmToPeripheral/GtmToPeripheral/SaradcSent, children=['ChannelId', 'GtmTriggerSelect'])
[DEBUG] DEBUG_XPATH: _parse_path('*[num:i($SaradcCheckindex + 1)]/GtmTriggerSelect') -> parts=['*[num:i($SaradcCheckindex + 1)]', 'GtmTriggerSelect']
[DEBUG] DEBUG_XPATH: Navigating segment '*' (axis=child) from 1 nodes
[DEBUG] DEBUG_XPATH:   Current context node: SaradcSent (type=container, path=/Mcu/GtmConfiguration/GtmConfiguration_0/GtmToPeripheral/GtmToPeripheral/SaradcSent, children=['ChannelId', 'GtmTriggerSelect'])
[DEBUG] DEBUG_XPATH: _parse_path('*[num:i($SaradcCheckindex + 1)]/GtmTriggerSelect') -> parts=['*[num:i($SaradcCheckindex + 1)]', 'GtmTriggerSelect']
[DEBUG] DEBUG_XPATH: Navigating segment '*' (axis=child) from 1 nodes
[DEBUG] DEBUG_XPATH:   Current context node: SaradcSent (type=container, path=/Mcu/GtmConfiguration/GtmConfiguration_0/GtmToPeripheral/GtmToPeripheral/SaradcSent, children=['ChannelId', 'GtmTriggerSelect'])
[DEBUG] DEBUG_XPATH: _parse_path('*[num:i($SaradcCheckindexIn + 1)]/ChannelId') -> parts=['*[num:i($SaradcCheckindexIn + 1)]', 'ChannelId']
[DEBUG] DEBUG_XPATH: Navigating segment '*' (axis=child) from 1 nodes
[DEBUG] DEBUG_XPATH:   Current context node: SaradcSent (type=container, path=/Mcu/GtmConfiguration/GtmConfiguration_0/GtmToPeripheral/GtmToPeripheral/SaradcSent, children=['ChannelId', 'GtmTriggerSelect'])
[DEBUG] DEBUG_XPATH: _parse_path('*[num:i($SaradcCheckindex + 1)]/ChannelId') -> parts=['*[num:i($SaradcCheckindex + 1)]', 'ChannelId']
[DEBUG] DEBUG_XPATH: Navigating segment '*' (axis=child) from 1 nodes
[DEBUG] DEBUG_XPATH:   Current context node: SaradcSent (type=container, path=/Mcu/GtmConfiguration/GtmConfiguration_0/GtmToPeripheral/GtmToPeripheral/SaradcSent, children=['ChannelId', 'GtmTriggerSelect'])
[DEBUG] DEBUG: Evaluating condition: $ChidIn = $ChidOut
[DEBUG] DEBUG: Comparison [$ChidIn = $ChidOut] => [None = None] Result: True
[DEBUG] DEBUG: Evaluating condition: $triggIn = $triggOut
[DEBUG] DEBUG: Comparison [$triggIn = $triggOut] => [both empty ''] Result: False
[DEBUG] DEBUG_XPATH: _parse_path('*[num:i($SaradcCheckindexIn + 1)]/GtmTriggerSelect') -> parts=['*[num:i($SaradcCheckindexIn + 1)]', 'GtmTriggerSelect']
[DEBUG] DEBUG_XPATH: Navigating segment '*' (axis=child) from 1 nodes
[DEBUG] DEBUG_XPATH:   Current context node: SaradcSent (type=container, path=/Mcu/GtmConfiguration/GtmConfiguration_0/GtmToPeripheral/GtmToPeripheral/SaradcSent, children=['ChannelId', 'GtmTriggerSelect'])
[DEBUG] DEBUG_XPATH: _parse_path('*[num:i($SaradcCheckindexIn + 1)]/GtmTriggerSelect') -> parts=['*[num:i($SaradcCheckindexIn + 1)]', 'GtmTriggerSelect']
[DEBUG] DEBUG_XPATH: Navigating segment '*' (axis=child) from 1 nodes
[DEBUG] DEBUG_XPATH:   Current context node: SaradcSent (type=container, path=/Mcu/GtmConfiguration/GtmConfiguration_0/GtmToPeripheral/GtmToPeripheral/SaradcSent, children=['ChannelId', 'GtmTriggerSelect'])
[DEBUG] DEBUG_XPATH: _parse_path('*[num:i($SaradcCheckindex + 1)]/GtmTriggerSelect') -> parts=['*[num:i($SaradcCheckindex + 1)]', 'GtmTriggerSelect']
[DEBUG] DEBUG_XPATH: Navigating segment '*' (axis=child) from 1 nodes
[DEBUG] DEBUG_XPATH:   Current context node: SaradcSent (type=container, path=/Mcu/GtmConfiguration/GtmConfiguration_0/GtmToPeripheral/GtmToPeripheral/SaradcSent, children=['ChannelId', 'GtmTriggerSelect'])
[DEBUG] DEBUG_XPATH: _parse_path('*[num:i($SaradcCheckindex + 1)]/GtmTriggerSelect') -> parts=['*[num:i($SaradcCheckindex + 1)]', 'GtmTriggerSelect']
[DEBUG] DEBUG_XPATH: Navigating segment '*' (axis=child) from 1 nodes
[DEBUG] DEBUG_XPATH:   Current context node: SaradcSent (type=container, path=/Mcu/GtmConfiguration/GtmConfiguration_0/GtmToPeripheral/GtmToPeripheral/SaradcSent, children=['ChannelId', 'GtmTriggerSelect'])
[DEBUG] DEBUG_XPATH: _parse_path('*[num:i($SaradcCheckindexIn + 1)]/ChannelId') -> parts=['*[num:i($SaradcCheckindexIn + 1)]', 'ChannelId']
[DEBUG] DEBUG_XPATH: Navigating segment '*' (axis=child) from 1 nodes
[DEBUG] DEBUG_XPATH:   Current context node: SaradcSent (type=container, path=/Mcu/GtmConfiguration/GtmConfiguration_0/GtmToPeripheral/GtmToPeripheral/SaradcSent, children=['ChannelId', 'GtmTriggerSelect'])
[DEBUG] DEBUG_XPATH: _parse_path('*[num:i($SaradcCheckindex + 1)]/ChannelId') -> parts=['*[num:i($SaradcCheckindex + 1)]', 'ChannelId']
[DEBUG] DEBUG_XPATH: Navigating segment '*' (axis=child) from 1 nodes
[DEBUG] DEBUG_XPATH:   Current context node: SaradcSent (type=container, path=/Mcu/GtmConfiguration/GtmConfiguration_0/GtmToPeripheral/GtmToPeripheral/SaradcSent, children=['ChannelId', 'GtmTriggerSelect'])
[DEBUG] DEBUG: Evaluating condition: $ChidIn = $ChidOut
[DEBUG] DEBUG: Comparison [$ChidIn = $ChidOut] => [None = None] Result: True
[DEBUG] DEBUG: Evaluating condition: $triggIn = $triggOut
[DEBUG] DEBUG: Comparison [$triggIn = $triggOut] => [both empty ''] Result: False
[DEBUG] DEBUG_XPATH: _parse_path('*[num:i($SaradcCheckindexIn + 1)]/GtmTriggerSelect') -> parts=['*[num:i($SaradcCheckindexIn + 1)]', 'GtmTriggerSelect']
[DEBUG] DEBUG_XPATH: Navigating segment '*' (axis=child) from 1 nodes
[DEBUG] DEBUG_XPATH:   Current context node: SaradcSent (type=container, path=/Mcu/GtmConfiguration/GtmConfiguration_0/GtmToPeripheral/GtmToPeripheral/SaradcSent, children=['ChannelId', 'GtmTriggerSelect'])
[DEBUG] DEBUG_XPATH: _parse_path('*[num:i($SaradcCheckindexIn + 1)]/GtmTriggerSelect') -> parts=['*[num:i($SaradcCheckindexIn + 1)]', 'GtmTriggerSelect']
[DEBUG] DEBUG_XPATH: Navigating segment '*' (axis=child) from 1 nodes
[DEBUG] DEBUG_XPATH:   Current context node: SaradcSent (type=container, path=/Mcu/GtmConfiguration/GtmConfiguration_0/GtmToPeripheral/GtmToPeripheral/SaradcSent, children=['ChannelId', 'GtmTriggerSelect'])
[DEBUG] DEBUG_XPATH: _parse_path('*[num:i($SaradcCheckindex + 1)]/GtmTriggerSelect') -> parts=['*[num:i($SaradcCheckindex + 1)]', 'GtmTriggerSelect']
[DEBUG] DEBUG_XPATH: Navigating segment '*' (axis=child) from 1 nodes
[DEBUG] DEBUG_XPATH:   Current context node: SaradcSent (type=container, path=/Mcu/GtmConfiguration/GtmConfiguration_0/GtmToPeripheral/GtmToPeripheral/SaradcSent, children=['ChannelId', 'GtmTriggerSelect'])
[DEBUG] DEBUG_XPATH: _parse_path('*[num:i($SaradcCheckindex + 1)]/GtmTriggerSelect') -> parts=['*[num:i($SaradcCheckindex + 1)]', 'GtmTriggerSelect']
[DEBUG] DEBUG_XPATH: Navigating segment '*' (axis=child) from 1 nodes
[DEBUG] DEBUG_XPATH:   Current context node: SaradcSent (type=container, path=/Mcu/GtmConfiguration/GtmConfiguration_0/GtmToPeripheral/GtmToPeripheral/SaradcSent, children=['ChannelId', 'GtmTriggerSelect'])
[DEBUG] DEBUG_XPATH: _parse_path('*[num:i($SaradcCheckindexIn + 1)]/ChannelId') -> parts=['*[num:i($SaradcCheckindexIn + 1)]', 'ChannelId']
[DEBUG] DEBUG_XPATH: Navigating segment '*' (axis=child) from 1 nodes
[DEBUG] DEBUG_XPATH:   Current context node: SaradcSent (type=container, path=/Mcu/GtmConfiguration/GtmConfiguration_0/GtmToPeripheral/GtmToPeripheral/SaradcSent, children=['ChannelId', 'GtmTriggerSelect'])
[DEBUG] DEBUG_XPATH: _parse_path('*[num:i($SaradcCheckindex + 1)]/ChannelId') -> parts=['*[num:i($SaradcCheckindex + 1)]', 'ChannelId']
[DEBUG] DEBUG_XPATH: Navigating segment '*' (axis=child) from 1 nodes
[DEBUG] DEBUG_XPATH:   Current context node: SaradcSent (type=container, path=/Mcu/GtmConfiguration/GtmConfiguration_0/GtmToPeripheral/GtmToPeripheral/SaradcSent, children=['ChannelId', 'GtmTriggerSelect'])
[DEBUG] DEBUG: Evaluating condition: $ChidIn = $ChidOut
[DEBUG] DEBUG: Comparison [$ChidIn = $ChidOut] => [None = None] Result: True
[DEBUG] DEBUG: Evaluating condition: $triggIn = $triggOut
[DEBUG] DEBUG: Comparison [$triggIn = $triggOut] => [both empty ''] Result: False
[DEBUG] DEBUG_XPATH: _parse_path('*[num:i($SaradcCheckindexIn + 1)]/GtmTriggerSelect') -> parts=['*[num:i($SaradcCheckindexIn + 1)]', 'GtmTriggerSelect']
[DEBUG] DEBUG_XPATH: Navigating segment '*' (axis=child) from 1 nodes
[DEBUG] DEBUG_XPATH:   Current context node: SaradcSent (type=container, path=/Mcu/GtmConfiguration/GtmConfiguration_0/GtmToPeripheral/GtmToPeripheral/SaradcSent, children=['ChannelId', 'GtmTriggerSelect'])
[DEBUG] DEBUG_XPATH: _parse_path('*[num:i($SaradcCheckindexIn + 1)]/GtmTriggerSelect') -> parts=['*[num:i($SaradcCheckindexIn + 1)]', 'GtmTriggerSelect']
[DEBUG] DEBUG_XPATH: Navigating segment '*' (axis=child) from 1 nodes
[DEBUG] DEBUG_XPATH:   Current context node: SaradcSent (type=container, path=/Mcu/GtmConfiguration/GtmConfiguration_0/GtmToPeripheral/GtmToPeripheral/SaradcSent, children=['ChannelId', 'GtmTriggerSelect'])
[DEBUG] DEBUG_XPATH: _parse_path('*[num:i($SaradcCheckindex + 1)]/GtmTriggerSelect') -> parts=['*[num:i($SaradcCheckindex + 1)]', 'GtmTriggerSelect']
[DEBUG] DEBUG_XPATH: Navigating segment '*' (axis=child) from 1 nodes
[DEBUG] DEBUG_XPATH:   Current context node: SaradcSent (type=container, path=/Mcu/GtmConfiguration/GtmConfiguration_0/GtmToPeripheral/GtmToPeripheral/SaradcSent, children=['ChannelId', 'GtmTriggerSelect'])
[DEBUG] DEBUG_XPATH: _parse_path('*[num:i($SaradcCheckindex + 1)]/GtmTriggerSelect') -> parts=['*[num:i($SaradcCheckindex + 1)]', 'GtmTriggerSelect']
[DEBUG] DEBUG_XPATH: Navigating segment '*' (axis=child) from 1 nodes
[DEBUG] DEBUG_XPATH:   Current context node: SaradcSent (type=container, path=/Mcu/GtmConfiguration/GtmConfiguration_0/GtmToPeripheral/GtmToPeripheral/SaradcSent, children=['ChannelId', 'GtmTriggerSelect'])
[DEBUG] DEBUG_XPATH: _parse_path('*[num:i($SaradcCheckindexIn + 1)]/ChannelId') -> parts=['*[num:i($SaradcCheckindexIn + 1)]', 'ChannelId']
[DEBUG] DEBUG_XPATH: Navigating segment '*' (axis=child) from 1 nodes
[DEBUG] DEBUG_XPATH:   Current context node: SaradcSent (type=container, path=/Mcu/GtmConfiguration/GtmConfiguration_0/GtmToPeripheral/GtmToPeripheral/SaradcSent, children=['ChannelId', 'GtmTriggerSelect'])
[DEBUG] DEBUG_XPATH: _parse_path('*[num:i($SaradcCheckindex + 1)]/ChannelId') -> parts=['*[num:i($SaradcCheckindex + 1)]', 'ChannelId']
[DEBUG] DEBUG_XPATH: Navigating segment '*' (axis=child) from 1 nodes
[DEBUG] DEBUG_XPATH:   Current context node: SaradcSent (type=container, path=/Mcu/GtmConfiguration/GtmConfiguration_0/GtmToPeripheral/GtmToPeripheral/SaradcSent, children=['ChannelId', 'GtmTriggerSelect'])
[DEBUG] DEBUG: Evaluating condition: $ChidIn = $ChidOut
[DEBUG] DEBUG: Comparison [$ChidIn = $ChidOut] => [None = None] Result: True
[DEBUG] DEBUG: Evaluating condition: $triggIn = $triggOut
[DEBUG] DEBUG: Comparison [$triggIn = $triggOut] => [both empty ''] Result: False
[DEBUG] DEBUG_XPATH: _parse_path('*[num:i($SaradcCheckindexIn + 1)]/GtmTriggerSelect') -> parts=['*[num:i($SaradcCheckindexIn + 1)]', 'GtmTriggerSelect']
[DEBUG] DEBUG_XPATH: Navigating segment '*' (axis=child) from 1 nodes
[DEBUG] DEBUG_XPATH:   Current context node: SaradcSent (type=container, path=/Mcu/GtmConfiguration/GtmConfiguration_0/GtmToPeripheral/GtmToPeripheral/SaradcSent, children=['ChannelId', 'GtmTriggerSelect'])
[DEBUG] DEBUG_XPATH: _parse_path('*[num:i($SaradcCheckindexIn + 1)]/GtmTriggerSelect') -> parts=['*[num:i($SaradcCheckindexIn + 1)]', 'GtmTriggerSelect']
[DEBUG] DEBUG_XPATH: Navigating segment '*' (axis=child) from 1 nodes
[DEBUG] DEBUG_XPATH:   Current context node: SaradcSent (type=container, path=/Mcu/GtmConfiguration/GtmConfiguration_0/GtmToPeripheral/GtmToPeripheral/SaradcSent, children=['ChannelId', 'GtmTriggerSelect'])
[DEBUG] DEBUG_XPATH: _parse_path('*[num:i($SaradcCheckindex + 1)]/GtmTriggerSelect') -> parts=['*[num:i($SaradcCheckindex + 1)]', 'GtmTriggerSelect']
[DEBUG] DEBUG_XPATH: Navigating segment '*' (axis=child) from 1 nodes
[DEBUG] DEBUG_XPATH:   Current context node: SaradcSent (type=container, path=/Mcu/GtmConfiguration/GtmConfiguration_0/GtmToPeripheral/GtmToPeripheral/SaradcSent, children=['ChannelId', 'GtmTriggerSelect'])
[DEBUG] DEBUG_XPATH: _parse_path('*[num:i($SaradcCheckindex + 1)]/GtmTriggerSelect') -> parts=['*[num:i($SaradcCheckindex + 1)]', 'GtmTriggerSelect']
[DEBUG] DEBUG_XPATH: Navigating segment '*' (axis=child) from 1 nodes
[DEBUG] DEBUG_XPATH:   Current context node: SaradcSent (type=container, path=/Mcu/GtmConfiguration/GtmConfiguration_0/GtmToPeripheral/GtmToPeripheral/SaradcSent, children=['ChannelId', 'GtmTriggerSelect'])
[DEBUG] DEBUG_XPATH: _parse_path('*[num:i($SaradcCheckindexIn + 1)]/ChannelId') -> parts=['*[num:i($SaradcCheckindexIn + 1)]', 'ChannelId']
[DEBUG] DEBUG_XPATH: Navigating segment '*' (axis=child) from 1 nodes
[DEBUG] DEBUG_XPATH:   Current context node: SaradcSent (type=container, path=/Mcu/GtmConfiguration/GtmConfiguration_0/GtmToPeripheral/GtmToPeripheral/SaradcSent, children=['ChannelId', 'GtmTriggerSelect'])
[DEBUG] DEBUG_XPATH: _parse_path('*[num:i($SaradcCheckindex + 1)]/ChannelId') -> parts=['*[num:i($SaradcCheckindex + 1)]', 'ChannelId']
[DEBUG] DEBUG_XPATH: Navigating segment '*' (axis=child) from 1 nodes
[DEBUG] DEBUG_XPATH:   Current context node: SaradcSent (type=container, path=/Mcu/GtmConfiguration/GtmConfiguration_0/GtmToPeripheral/GtmToPeripheral/SaradcSent, children=['ChannelId', 'GtmTriggerSelect'])
[DEBUG] DEBUG: Evaluating condition: $ChidIn = $ChidOut
[DEBUG] DEBUG: Comparison [$ChidIn = $ChidOut] => [None = None] Result: True
[DEBUG] DEBUG: Evaluating condition: $triggIn = $triggOut
[DEBUG] DEBUG: Comparison [$triggIn = $triggOut] => [both empty ''] Result: False
[DEBUG] DEBUG_XPATH: _parse_path('*[num:i($SaradcCheckindexIn + 1)]/GtmTriggerSelect') -> parts=['*[num:i($SaradcCheckindexIn + 1)]', 'GtmTriggerSelect']
[DEBUG] DEBUG_XPATH: Navigating segment '*' (axis=child) from 1 nodes
[DEBUG] DEBUG_XPATH:   Current context node: SaradcSent (type=container, path=/Mcu/GtmConfiguration/GtmConfiguration_0/GtmToPeripheral/GtmToPeripheral/SaradcSent, children=['ChannelId', 'GtmTriggerSelect'])
[DEBUG] DEBUG_XPATH: _parse_path('*[num:i($SaradcCheckindexIn + 1)]/GtmTriggerSelect') -> parts=['*[num:i($SaradcCheckindexIn + 1)]', 'GtmTriggerSelect']
[DEBUG] DEBUG_XPATH: Navigating segment '*' (axis=child) from 1 nodes
[DEBUG] DEBUG_XPATH:   Current context node: SaradcSent (type=container, path=/Mcu/GtmConfiguration/GtmConfiguration_0/GtmToPeripheral/GtmToPeripheral/SaradcSent, children=['ChannelId', 'GtmTriggerSelect'])
[DEBUG] DEBUG_XPATH: _parse_path('*[num:i($SaradcCheckindex + 1)]/GtmTriggerSelect') -> parts=['*[num:i($SaradcCheckindex + 1)]', 'GtmTriggerSelect']
[DEBUG] DEBUG_XPATH: Navigating segment '*' (axis=child) from 1 nodes
[DEBUG] DEBUG_XPATH:   Current context node: SaradcSent (type=container, path=/Mcu/GtmConfiguration/GtmConfiguration_0/GtmToPeripheral/GtmToPeripheral/SaradcSent, children=['ChannelId', 'GtmTriggerSelect'])
[DEBUG] DEBUG_XPATH: _parse_path('*[num:i($SaradcCheckindex + 1)]/GtmTriggerSelect') -> parts=['*[num:i($SaradcCheckindex + 1)]', 'GtmTriggerSelect']
[DEBUG] DEBUG_XPATH: Navigating segment '*' (axis=child) from 1 nodes
[DEBUG] DEBUG_XPATH:   Current context node: SaradcSent (type=container, path=/Mcu/GtmConfiguration/GtmConfiguration_0/GtmToPeripheral/GtmToPeripheral/SaradcSent, children=['ChannelId', 'GtmTriggerSelect'])
[DEBUG] DEBUG_XPATH: _parse_path('*[num:i($SaradcCheckindexIn + 1)]/ChannelId') -> parts=['*[num:i($SaradcCheckindexIn + 1)]', 'ChannelId']
[DEBUG] DEBUG_XPATH: Navigating segment '*' (axis=child) from 1 nodes
[DEBUG] DEBUG_XPATH:   Current context node: SaradcSent (type=container, path=/Mcu/GtmConfiguration/GtmConfiguration_0/GtmToPeripheral/GtmToPeripheral/SaradcSent, children=['ChannelId', 'GtmTriggerSelect'])
[DEBUG] DEBUG_XPATH: _parse_path('*[num:i($SaradcCheckindex + 1)]/ChannelId') -> parts=['*[num:i($SaradcCheckindex + 1)]', 'ChannelId']
[DEBUG] DEBUG_XPATH: Navigating segment '*' (axis=child) from 1 nodes
[DEBUG] DEBUG_XPATH:   Current context node: SaradcSent (type=container, path=/Mcu/GtmConfiguration/GtmConfiguration_0/GtmToPeripheral/GtmToPeripheral/SaradcSent, children=['ChannelId', 'GtmTriggerSelect'])
[DEBUG] DEBUG: Evaluating condition: $ChidIn = $ChidOut
[DEBUG] DEBUG: Comparison [$ChidIn = $ChidOut] => [None = None] Result: True
[DEBUG] DEBUG: Evaluating condition: $triggIn = $triggOut
[DEBUG] DEBUG: Comparison [$triggIn = $triggOut] => [both empty ''] Result: False
[DEBUG] DEBUG_XPATH: _parse_path('*[num:i($SaradcCheckindexIn + 1)]/GtmTriggerSelect') -> parts=['*[num:i($SaradcCheckindexIn + 1)]', 'GtmTriggerSelect']
[DEBUG] DEBUG_XPATH: Navigating segment '*' (axis=child) from 1 nodes
[DEBUG] DEBUG_XPATH:   Current context node: SaradcSent (type=container, path=/Mcu/GtmConfiguration/GtmConfiguration_0/GtmToPeripheral/GtmToPeripheral/SaradcSent, children=['ChannelId', 'GtmTriggerSelect'])
[DEBUG] DEBUG_XPATH: _parse_path('*[num:i($SaradcCheckindexIn + 1)]/GtmTriggerSelect') -> parts=['*[num:i($SaradcCheckindexIn + 1)]', 'GtmTriggerSelect']
[DEBUG] DEBUG_XPATH: Navigating segment '*' (axis=child) from 1 nodes
[DEBUG] DEBUG_XPATH:   Current context node: SaradcSent (type=container, path=/Mcu/GtmConfiguration/GtmConfiguration_0/GtmToPeripheral/GtmToPeripheral/SaradcSent, children=['ChannelId', 'GtmTriggerSelect'])
[DEBUG] DEBUG_XPATH: _parse_path('*[num:i($SaradcCheckindex + 1)]/GtmTriggerSelect') -> parts=['*[num:i($SaradcCheckindex + 1)]', 'GtmTriggerSelect']
[DEBUG] DEBUG_XPATH: Navigating segment '*' (axis=child) from 1 nodes
[DEBUG] DEBUG_XPATH:   Current context node: SaradcSent (type=container, path=/Mcu/GtmConfiguration/GtmConfiguration_0/GtmToPeripheral/GtmToPeripheral/SaradcSent, children=['ChannelId', 'GtmTriggerSelect'])
[DEBUG] DEBUG_XPATH: _parse_path('*[num:i($SaradcCheckindex + 1)]/GtmTriggerSelect') -> parts=['*[num:i($SaradcCheckindex + 1)]', 'GtmTriggerSelect']
[DEBUG] DEBUG_XPATH: Navigating segment '*' (axis=child) from 1 nodes
[DEBUG] DEBUG_XPATH:   Current context node: SaradcSent (type=container, path=/Mcu/GtmConfiguration/GtmConfiguration_0/GtmToPeripheral/GtmToPeripheral/SaradcSent, children=['ChannelId', 'GtmTriggerSelect'])
[DEBUG] DEBUG_XPATH: _parse_path('*[num:i($SaradcCheckindexIn + 1)]/ChannelId') -> parts=['*[num:i($SaradcCheckindexIn + 1)]', 'ChannelId']
[DEBUG] DEBUG_XPATH: Navigating segment '*' (axis=child) from 1 nodes
[DEBUG] DEBUG_XPATH:   Current context node: SaradcSent (type=container, path=/Mcu/GtmConfiguration/GtmConfiguration_0/GtmToPeripheral/GtmToPeripheral/SaradcSent, children=['ChannelId', 'GtmTriggerSelect'])
[DEBUG] DEBUG_XPATH: _parse_path('*[num:i($SaradcCheckindex + 1)]/ChannelId') -> parts=['*[num:i($SaradcCheckindex + 1)]', 'ChannelId']
[DEBUG] DEBUG_XPATH: Navigating segment '*' (axis=child) from 1 nodes
[DEBUG] DEBUG_XPATH:   Current context node: SaradcSent (type=container, path=/Mcu/GtmConfiguration/GtmConfiguration_0/GtmToPeripheral/GtmToPeripheral/SaradcSent, children=['ChannelId', 'GtmTriggerSelect'])
[DEBUG] DEBUG: Evaluating condition: $ChidIn = $ChidOut
[DEBUG] DEBUG: Comparison [$ChidIn = $ChidOut] => [None = None] Result: True
[DEBUG] DEBUG: Evaluating condition: $triggIn = $triggOut
[DEBUG] DEBUG: Comparison [$triggIn = $triggOut] => [both empty ''] Result: False
[DEBUG] DEBUG_XPATH: _parse_path('*[num:i($SaradcCheckindexIn + 1)]/GtmTriggerSelect') -> parts=['*[num:i($SaradcCheckindexIn + 1)]', 'GtmTriggerSelect']
[DEBUG] DEBUG_XPATH: Navigating segment '*' (axis=child) from 1 nodes
[DEBUG] DEBUG_XPATH:   Current context node: SaradcSent (type=container, path=/Mcu/GtmConfiguration/GtmConfiguration_0/GtmToPeripheral/GtmToPeripheral/SaradcSent, children=['ChannelId', 'GtmTriggerSelect'])
[DEBUG] DEBUG_XPATH: _parse_path('*[num:i($SaradcCheckindexIn + 1)]/GtmTriggerSelect') -> parts=['*[num:i($SaradcCheckindexIn + 1)]', 'GtmTriggerSelect']
[DEBUG] DEBUG_XPATH: Navigating segment '*' (axis=child) from 1 nodes
[DEBUG] DEBUG_XPATH:   Current context node: SaradcSent (type=container, path=/Mcu/GtmConfiguration/GtmConfiguration_0/GtmToPeripheral/GtmToPeripheral/SaradcSent, children=['ChannelId', 'GtmTriggerSelect'])
[DEBUG] DEBUG_XPATH: _parse_path('*[num:i($SaradcCheckindex + 1)]/GtmTriggerSelect') -> parts=['*[num:i($SaradcCheckindex + 1)]', 'GtmTriggerSelect']
[DEBUG] DEBUG_XPATH: Navigating segment '*' (axis=child) from 1 nodes
[DEBUG] DEBUG_XPATH:   Current context node: SaradcSent (type=container, path=/Mcu/GtmConfiguration/GtmConfiguration_0/GtmToPeripheral/GtmToPeripheral/SaradcSent, children=['ChannelId', 'GtmTriggerSelect'])
[DEBUG] DEBUG_XPATH: _parse_path('*[num:i($SaradcCheckindex + 1)]/GtmTriggerSelect') -> parts=['*[num:i($SaradcCheckindex + 1)]', 'GtmTriggerSelect']
[DEBUG] DEBUG_XPATH: Navigating segment '*' (axis=child) from 1 nodes
[DEBUG] DEBUG_XPATH:   Current context node: SaradcSent (type=container, path=/Mcu/GtmConfiguration/GtmConfiguration_0/GtmToPeripheral/GtmToPeripheral/SaradcSent, children=['ChannelId', 'GtmTriggerSelect'])
[DEBUG] DEBUG_XPATH: _parse_path('*[num:i($SaradcCheckindexIn + 1)]/ChannelId') -> parts=['*[num:i($SaradcCheckindexIn + 1)]', 'ChannelId']
[DEBUG] DEBUG_XPATH: Navigating segment '*' (axis=child) from 1 nodes
[DEBUG] DEBUG_XPATH:   Current context node: SaradcSent (type=container, path=/Mcu/GtmConfiguration/GtmConfiguration_0/GtmToPeripheral/GtmToPeripheral/SaradcSent, children=['ChannelId', 'GtmTriggerSelect'])
[DEBUG] DEBUG_XPATH: _parse_path('*[num:i($SaradcCheckindex + 1)]/ChannelId') -> parts=['*[num:i($SaradcCheckindex + 1)]', 'ChannelId']
[DEBUG] DEBUG_XPATH: Navigating segment '*' (axis=child) from 1 nodes
[DEBUG] DEBUG_XPATH:   Current context node: SaradcSent (type=container, path=/Mcu/GtmConfiguration/GtmConfiguration_0/GtmToPeripheral/GtmToPeripheral/SaradcSent, children=['ChannelId', 'GtmTriggerSelect'])
[DEBUG] DEBUG: Evaluating condition: $ChidIn = $ChidOut
[DEBUG] DEBUG: Comparison [$ChidIn = $ChidOut] => [None = None] Result: True
[DEBUG] DEBUG: Evaluating condition: $triggIn = $triggOut
[DEBUG] DEBUG: Comparison [$triggIn = $triggOut] => [both empty ''] Result: False
[DEBUG] DEBUG_XPATH: _parse_path('*[num:i($SaradcCheckindexIn + 1)]/GtmTriggerSelect') -> parts=['*[num:i($SaradcCheckindexIn + 1)]', 'GtmTriggerSelect']
[DEBUG] DEBUG_XPATH: Navigating segment '*' (axis=child) from 1 nodes
[DEBUG] DEBUG_XPATH:   Current context node: SaradcSent (type=container, path=/Mcu/GtmConfiguration/GtmConfiguration_0/GtmToPeripheral/GtmToPeripheral/SaradcSent, children=['ChannelId', 'GtmTriggerSelect'])
[DEBUG] DEBUG_XPATH: _parse_path('*[num:i($SaradcCheckindexIn + 1)]/GtmTriggerSelect') -> parts=['*[num:i($SaradcCheckindexIn + 1)]', 'GtmTriggerSelect']
[DEBUG] DEBUG_XPATH: Navigating segment '*' (axis=child) from 1 nodes
[DEBUG] DEBUG_XPATH:   Current context node: SaradcSent (type=container, path=/Mcu/GtmConfiguration/GtmConfiguration_0/GtmToPeripheral/GtmToPeripheral/SaradcSent, children=['ChannelId', 'GtmTriggerSelect'])
[DEBUG] DEBUG_XPATH: _parse_path('*[num:i($SaradcCheckindex + 1)]/GtmTriggerSelect') -> parts=['*[num:i($SaradcCheckindex + 1)]', 'GtmTriggerSelect']
[DEBUG] DEBUG_XPATH: Navigating segment '*' (axis=child) from 1 nodes
[DEBUG] DEBUG_XPATH:   Current context node: SaradcSent (type=container, path=/Mcu/GtmConfiguration/GtmConfiguration_0/GtmToPeripheral/GtmToPeripheral/SaradcSent, children=['ChannelId', 'GtmTriggerSelect'])
[DEBUG] DEBUG_XPATH: _parse_path('*[num:i($SaradcCheckindex + 1)]/GtmTriggerSelect') -> parts=['*[num:i($SaradcCheckindex + 1)]', 'GtmTriggerSelect']
[DEBUG] DEBUG_XPATH: Navigating segment '*' (axis=child) from 1 nodes
[DEBUG] DEBUG_XPATH:   Current context node: SaradcSent (type=container, path=/Mcu/GtmConfiguration/GtmConfiguration_0/GtmToPeripheral/GtmToPeripheral/SaradcSent, children=['ChannelId', 'GtmTriggerSelect'])
[DEBUG] DEBUG_XPATH: _parse_path('*[num:i($SaradcCheckindexIn + 1)]/ChannelId') -> parts=['*[num:i($SaradcCheckindexIn + 1)]', 'ChannelId']
[DEBUG] DEBUG_XPATH: Navigating segment '*' (axis=child) from 1 nodes
[DEBUG] DEBUG_XPATH:   Current context node: SaradcSent (type=container, path=/Mcu/GtmConfiguration/GtmConfiguration_0/GtmToPeripheral/GtmToPeripheral/SaradcSent, children=['ChannelId', 'GtmTriggerSelect'])
[DEBUG] DEBUG_XPATH: _parse_path('*[num:i($SaradcCheckindex + 1)]/ChannelId') -> parts=['*[num:i($SaradcCheckindex + 1)]', 'ChannelId']
[DEBUG] DEBUG_XPATH: Navigating segment '*' (axis=child) from 1 nodes
[DEBUG] DEBUG_XPATH:   Current context node: SaradcSent (type=container, path=/Mcu/GtmConfiguration/GtmConfiguration_0/GtmToPeripheral/GtmToPeripheral/SaradcSent, children=['ChannelId', 'GtmTriggerSelect'])
[DEBUG] DEBUG: Evaluating condition: $ChidIn = $ChidOut
[DEBUG] DEBUG: Comparison [$ChidIn = $ChidOut] => [None = None] Result: True
[DEBUG] DEBUG: Evaluating condition: $triggIn = $triggOut
[DEBUG] DEBUG: Comparison [$triggIn = $triggOut] => [both empty ''] Result: False
[DEBUG] DEBUG_XPATH: _parse_path('*[num:i($SaradcCheckindexIn + 1)]/GtmTriggerSelect') -> parts=['*[num:i($SaradcCheckindexIn + 1)]', 'GtmTriggerSelect']
[DEBUG] DEBUG_XPATH: Navigating segment '*' (axis=child) from 1 nodes
[DEBUG] DEBUG_XPATH:   Current context node: SaradcSent (type=container, path=/Mcu/GtmConfiguration/GtmConfiguration_0/GtmToPeripheral/GtmToPeripheral/SaradcSent, children=['ChannelId', 'GtmTriggerSelect'])
[DEBUG] DEBUG_XPATH: _parse_path('*[num:i($SaradcCheckindexIn + 1)]/GtmTriggerSelect') -> parts=['*[num:i($SaradcCheckindexIn + 1)]', 'GtmTriggerSelect']
[DEBUG] DEBUG_XPATH: Navigating segment '*' (axis=child) from 1 nodes
[DEBUG] DEBUG_XPATH:   Current context node: SaradcSent (type=container, path=/Mcu/GtmConfiguration/GtmConfiguration_0/GtmToPeripheral/GtmToPeripheral/SaradcSent, children=['ChannelId', 'GtmTriggerSelect'])
[DEBUG] DEBUG_XPATH: _parse_path('*[num:i($SaradcCheckindex + 1)]/GtmTriggerSelect') -> parts=['*[num:i($SaradcCheckindex + 1)]', 'GtmTriggerSelect']
[DEBUG] DEBUG_XPATH: Navigating segment '*' (axis=child) from 1 nodes
[DEBUG] DEBUG_XPATH:   Current context node: SaradcSent (type=container, path=/Mcu/GtmConfiguration/GtmConfiguration_0/GtmToPeripheral/GtmToPeripheral/SaradcSent, children=['ChannelId', 'GtmTriggerSelect'])
[DEBUG] DEBUG_XPATH: _parse_path('*[num:i($SaradcCheckindex + 1)]/GtmTriggerSelect') -> parts=['*[num:i($SaradcCheckindex + 1)]', 'GtmTriggerSelect']
[DEBUG] DEBUG_XPATH: Navigating segment '*' (axis=child) from 1 nodes
[DEBUG] DEBUG_XPATH:   Current context node: SaradcSent (type=container, path=/Mcu/GtmConfiguration/GtmConfiguration_0/GtmToPeripheral/GtmToPeripheral/SaradcSent, children=['ChannelId', 'GtmTriggerSelect'])
[DEBUG] DEBUG_XPATH: _parse_path('*[num:i($SaradcCheckindexIn + 1)]/ChannelId') -> parts=['*[num:i($SaradcCheckindexIn + 1)]', 'ChannelId']
[DEBUG] DEBUG_XPATH: Navigating segment '*' (axis=child) from 1 nodes
[DEBUG] DEBUG_XPATH:   Current context node: SaradcSent (type=container, path=/Mcu/GtmConfiguration/GtmConfiguration_0/GtmToPeripheral/GtmToPeripheral/SaradcSent, children=['ChannelId', 'GtmTriggerSelect'])
[DEBUG] DEBUG_XPATH: _parse_path('*[num:i($SaradcCheckindex + 1)]/ChannelId') -> parts=['*[num:i($SaradcCheckindex + 1)]', 'ChannelId']
[DEBUG] DEBUG_XPATH: Navigating segment '*' (axis=child) from 1 nodes
[DEBUG] DEBUG_XPATH:   Current context node: SaradcSent (type=container, path=/Mcu/GtmConfiguration/GtmConfiguration_0/GtmToPeripheral/GtmToPeripheral/SaradcSent, children=['ChannelId', 'GtmTriggerSelect'])
[DEBUG] DEBUG: Evaluating condition: $ChidIn = $ChidOut
[DEBUG] DEBUG: Comparison [$ChidIn = $ChidOut] => [None = None] Result: True
[DEBUG] DEBUG: Evaluating condition: $triggIn = $triggOut
[DEBUG] DEBUG: Comparison [$triggIn = $triggOut] => [both empty ''] Result: False
[DEBUG] DEBUG_XPATH: _parse_path('*[num:i($SaradcCheckindexIn + 1)]/GtmTriggerSelect') -> parts=['*[num:i($SaradcCheckindexIn + 1)]', 'GtmTriggerSelect']
[DEBUG] DEBUG_XPATH: Navigating segment '*' (axis=child) from 1 nodes
[DEBUG] DEBUG_XPATH:   Current context node: SaradcSent (type=container, path=/Mcu/GtmConfiguration/GtmConfiguration_0/GtmToPeripheral/GtmToPeripheral/SaradcSent, children=['ChannelId', 'GtmTriggerSelect'])
[DEBUG] DEBUG_XPATH: _parse_path('*[num:i($SaradcCheckindexIn + 1)]/GtmTriggerSelect') -> parts=['*[num:i($SaradcCheckindexIn + 1)]', 'GtmTriggerSelect']
[DEBUG] DEBUG_XPATH: Navigating segment '*' (axis=child) from 1 nodes
[DEBUG] DEBUG_XPATH:   Current context node: SaradcSent (type=container, path=/Mcu/GtmConfiguration/GtmConfiguration_0/GtmToPeripheral/GtmToPeripheral/SaradcSent, children=['ChannelId', 'GtmTriggerSelect'])
[DEBUG] DEBUG_XPATH: _parse_path('*[num:i($SaradcCheckindex + 1)]/GtmTriggerSelect') -> parts=['*[num:i($SaradcCheckindex + 1)]', 'GtmTriggerSelect']
[DEBUG] DEBUG_XPATH: Navigating segment '*' (axis=child) from 1 nodes
[DEBUG] DEBUG_XPATH:   Current context node: SaradcSent (type=container, path=/Mcu/GtmConfiguration/GtmConfiguration_0/GtmToPeripheral/GtmToPeripheral/SaradcSent, children=['ChannelId', 'GtmTriggerSelect'])
[DEBUG] DEBUG_XPATH: _parse_path('*[num:i($SaradcCheckindex + 1)]/GtmTriggerSelect') -> parts=['*[num:i($SaradcCheckindex + 1)]', 'GtmTriggerSelect']
[DEBUG] DEBUG_XPATH: Navigating segment '*' (axis=child) from 1 nodes
[DEBUG] DEBUG_XPATH:   Current context node: SaradcSent (type=container, path=/Mcu/GtmConfiguration/GtmConfiguration_0/GtmToPeripheral/GtmToPeripheral/SaradcSent, children=['ChannelId', 'GtmTriggerSelect'])
[DEBUG] DEBUG_XPATH: _parse_path('*[num:i($SaradcCheckindexIn + 1)]/ChannelId') -> parts=['*[num:i($SaradcCheckindexIn + 1)]', 'ChannelId']
[DEBUG] DEBUG_XPATH: Navigating segment '*' (axis=child) from 1 nodes
[DEBUG] DEBUG_XPATH:   Current context node: SaradcSent (type=container, path=/Mcu/GtmConfiguration/GtmConfiguration_0/GtmToPeripheral/GtmToPeripheral/SaradcSent, children=['ChannelId', 'GtmTriggerSelect'])
[DEBUG] DEBUG_XPATH: _parse_path('*[num:i($SaradcCheckindex + 1)]/ChannelId') -> parts=['*[num:i($SaradcCheckindex + 1)]', 'ChannelId']
[DEBUG] DEBUG_XPATH: Navigating segment '*' (axis=child) from 1 nodes
[DEBUG] DEBUG_XPATH:   Current context node: SaradcSent (type=container, path=/Mcu/GtmConfiguration/GtmConfiguration_0/GtmToPeripheral/GtmToPeripheral/SaradcSent, children=['ChannelId', 'GtmTriggerSelect'])
[DEBUG] DEBUG: Evaluating condition: $ChidIn = $ChidOut
[DEBUG] DEBUG: Comparison [$ChidIn = $ChidOut] => [None = None] Result: True
[DEBUG] DEBUG: Evaluating condition: $triggIn = $triggOut
[DEBUG] DEBUG: Comparison [$triggIn = $triggOut] => [both empty ''] Result: False
[DEBUG] DEBUG_XPATH: _parse_path('*[num:i($SaradcCheckindexIn + 1)]/GtmTriggerSelect') -> parts=['*[num:i($SaradcCheckindexIn + 1)]', 'GtmTriggerSelect']
[DEBUG] DEBUG_XPATH: Navigating segment '*' (axis=child) from 1 nodes
[DEBUG] DEBUG_XPATH:   Current context node: SaradcSent (type=container, path=/Mcu/GtmConfiguration/GtmConfiguration_0/GtmToPeripheral/GtmToPeripheral/SaradcSent, children=['ChannelId', 'GtmTriggerSelect'])
[DEBUG] DEBUG_XPATH: _parse_path('*[num:i($SaradcCheckindexIn + 1)]/GtmTriggerSelect') -> parts=['*[num:i($SaradcCheckindexIn + 1)]', 'GtmTriggerSelect']
[DEBUG] DEBUG_XPATH: Navigating segment '*' (axis=child) from 1 nodes
[DEBUG] DEBUG_XPATH:   Current context node: SaradcSent (type=container, path=/Mcu/GtmConfiguration/GtmConfiguration_0/GtmToPeripheral/GtmToPeripheral/SaradcSent, children=['ChannelId', 'GtmTriggerSelect'])
[DEBUG] DEBUG_XPATH: _parse_path('*[num:i($SaradcCheckindex + 1)]/GtmTriggerSelect') -> parts=['*[num:i($SaradcCheckindex + 1)]', 'GtmTriggerSelect']
[DEBUG] DEBUG_XPATH: Navigating segment '*' (axis=child) from 1 nodes
[DEBUG] DEBUG_XPATH:   Current context node: SaradcSent (type=container, path=/Mcu/GtmConfiguration/GtmConfiguration_0/GtmToPeripheral/GtmToPeripheral/SaradcSent, children=['ChannelId', 'GtmTriggerSelect'])
[DEBUG] DEBUG_XPATH: _parse_path('*[num:i($SaradcCheckindex + 1)]/GtmTriggerSelect') -> parts=['*[num:i($SaradcCheckindex + 1)]', 'GtmTriggerSelect']
[DEBUG] DEBUG_XPATH: Navigating segment '*' (axis=child) from 1 nodes
[DEBUG] DEBUG_XPATH:   Current context node: SaradcSent (type=container, path=/Mcu/GtmConfiguration/GtmConfiguration_0/GtmToPeripheral/GtmToPeripheral/SaradcSent, children=['ChannelId', 'GtmTriggerSelect'])
[DEBUG] DEBUG_XPATH: _parse_path('*[num:i($SaradcCheckindexIn + 1)]/ChannelId') -> parts=['*[num:i($SaradcCheckindexIn + 1)]', 'ChannelId']
[DEBUG] DEBUG_XPATH: Navigating segment '*' (axis=child) from 1 nodes
[DEBUG] DEBUG_XPATH:   Current context node: SaradcSent (type=container, path=/Mcu/GtmConfiguration/GtmConfiguration_0/GtmToPeripheral/GtmToPeripheral/SaradcSent, children=['ChannelId', 'GtmTriggerSelect'])
[DEBUG] DEBUG_XPATH: _parse_path('*[num:i($SaradcCheckindex + 1)]/ChannelId') -> parts=['*[num:i($SaradcCheckindex + 1)]', 'ChannelId']
[DEBUG] DEBUG_XPATH: Navigating segment '*' (axis=child) from 1 nodes
[DEBUG] DEBUG_XPATH:   Current context node: SaradcSent (type=container, path=/Mcu/GtmConfiguration/GtmConfiguration_0/GtmToPeripheral/GtmToPeripheral/SaradcSent, children=['ChannelId', 'GtmTriggerSelect'])
[DEBUG] DEBUG: Evaluating condition: $ChidIn = $ChidOut
[DEBUG] DEBUG: Comparison [$ChidIn = $ChidOut] => [None = None] Result: True
[DEBUG] DEBUG: Evaluating condition: $triggIn = $triggOut
[DEBUG] DEBUG: Comparison [$triggIn = $triggOut] => [both empty ''] Result: False
[DEBUG] DEBUG_XPATH: _parse_path('*[num:i($SaradcCheckindexIn + 1)]/GtmTriggerSelect') -> parts=['*[num:i($SaradcCheckindexIn + 1)]', 'GtmTriggerSelect']
[DEBUG] DEBUG_XPATH: Navigating segment '*' (axis=child) from 1 nodes
[DEBUG] DEBUG_XPATH:   Current context node: SaradcSent (type=container, path=/Mcu/GtmConfiguration/GtmConfiguration_0/GtmToPeripheral/GtmToPeripheral/SaradcSent, children=['ChannelId', 'GtmTriggerSelect'])
[DEBUG] DEBUG_XPATH: _parse_path('*[num:i($SaradcCheckindexIn + 1)]/GtmTriggerSelect') -> parts=['*[num:i($SaradcCheckindexIn + 1)]', 'GtmTriggerSelect']
[DEBUG] DEBUG_XPATH: Navigating segment '*' (axis=child) from 1 nodes
[DEBUG] DEBUG_XPATH:   Current context node: SaradcSent (type=container, path=/Mcu/GtmConfiguration/GtmConfiguration_0/GtmToPeripheral/GtmToPeripheral/SaradcSent, children=['ChannelId', 'GtmTriggerSelect'])
[DEBUG] DEBUG_XPATH: _parse_path('*[num:i($SaradcCheckindex + 1)]/GtmTriggerSelect') -> parts=['*[num:i($SaradcCheckindex + 1)]', 'GtmTriggerSelect']
[DEBUG] DEBUG_XPATH: Navigating segment '*' (axis=child) from 1 nodes
[DEBUG] DEBUG_XPATH:   Current context node: SaradcSent (type=container, path=/Mcu/GtmConfiguration/GtmConfiguration_0/GtmToPeripheral/GtmToPeripheral/SaradcSent, children=['ChannelId', 'GtmTriggerSelect'])
[DEBUG] DEBUG_XPATH: _parse_path('*[num:i($SaradcCheckindex + 1)]/GtmTriggerSelect') -> parts=['*[num:i($SaradcCheckindex + 1)]', 'GtmTriggerSelect']
[DEBUG] DEBUG_XPATH: Navigating segment '*' (axis=child) from 1 nodes
[DEBUG] DEBUG_XPATH:   Current context node: SaradcSent (type=container, path=/Mcu/GtmConfiguration/GtmConfiguration_0/GtmToPeripheral/GtmToPeripheral/SaradcSent, children=['ChannelId', 'GtmTriggerSelect'])
[DEBUG] DEBUG_XPATH: _parse_path('*[num:i($SaradcCheckindexIn + 1)]/ChannelId') -> parts=['*[num:i($SaradcCheckindexIn + 1)]', 'ChannelId']
[DEBUG] DEBUG_XPATH: Navigating segment '*' (axis=child) from 1 nodes
[DEBUG] DEBUG_XPATH:   Current context node: SaradcSent (type=container, path=/Mcu/GtmConfiguration/GtmConfiguration_0/GtmToPeripheral/GtmToPeripheral/SaradcSent, children=['ChannelId', 'GtmTriggerSelect'])
[DEBUG] DEBUG_XPATH: _parse_path('*[num:i($SaradcCheckindex + 1)]/ChannelId') -> parts=['*[num:i($SaradcCheckindex + 1)]', 'ChannelId']
[DEBUG] DEBUG_XPATH: Navigating segment '*' (axis=child) from 1 nodes
[DEBUG] DEBUG_XPATH:   Current context node: SaradcSent (type=container, path=/Mcu/GtmConfiguration/GtmConfiguration_0/GtmToPeripheral/GtmToPeripheral/SaradcSent, children=['ChannelId', 'GtmTriggerSelect'])
[DEBUG] DEBUG: Evaluating condition: $ChidIn = $ChidOut
[DEBUG] DEBUG: Comparison [$ChidIn = $ChidOut] => [None = None] Result: True
[DEBUG] DEBUG: Evaluating condition: $triggIn = $triggOut
[DEBUG] DEBUG: Comparison [$triggIn = $triggOut] => [both empty ''] Result: False
[DEBUG] DEBUG_XPATH: _parse_path('*[num:i($SaradcCheckindexIn + 1)]/GtmTriggerSelect') -> parts=['*[num:i($SaradcCheckindexIn + 1)]', 'GtmTriggerSelect']
[DEBUG] DEBUG_XPATH: Navigating segment '*' (axis=child) from 1 nodes
[DEBUG] DEBUG_XPATH:   Current context node: SaradcSent (type=container, path=/Mcu/GtmConfiguration/GtmConfiguration_0/GtmToPeripheral/GtmToPeripheral/SaradcSent, children=['ChannelId', 'GtmTriggerSelect'])
[DEBUG] DEBUG_XPATH: _parse_path('*[num:i($SaradcCheckindexIn + 1)]/GtmTriggerSelect') -> parts=['*[num:i($SaradcCheckindexIn + 1)]', 'GtmTriggerSelect']
[DEBUG] DEBUG_XPATH: Navigating segment '*' (axis=child) from 1 nodes
[DEBUG] DEBUG_XPATH:   Current context node: SaradcSent (type=container, path=/Mcu/GtmConfiguration/GtmConfiguration_0/GtmToPeripheral/GtmToPeripheral/SaradcSent, children=['ChannelId', 'GtmTriggerSelect'])
[DEBUG] DEBUG_XPATH: _parse_path('*[num:i($SaradcCheckindex + 1)]/GtmTriggerSelect') -> parts=['*[num:i($SaradcCheckindex + 1)]', 'GtmTriggerSelect']
[DEBUG] DEBUG_XPATH: Navigating segment '*' (axis=child) from 1 nodes
[DEBUG] DEBUG_XPATH:   Current context node: SaradcSent (type=container, path=/Mcu/GtmConfiguration/GtmConfiguration_0/GtmToPeripheral/GtmToPeripheral/SaradcSent, children=['ChannelId', 'GtmTriggerSelect'])
[DEBUG] DEBUG_XPATH: _parse_path('*[num:i($SaradcCheckindex + 1)]/GtmTriggerSelect') -> parts=['*[num:i($SaradcCheckindex + 1)]', 'GtmTriggerSelect']
[DEBUG] DEBUG_XPATH: Navigating segment '*' (axis=child) from 1 nodes
[DEBUG] DEBUG_XPATH:   Current context node: SaradcSent (type=container, path=/Mcu/GtmConfiguration/GtmConfiguration_0/GtmToPeripheral/GtmToPeripheral/SaradcSent, children=['ChannelId', 'GtmTriggerSelect'])
[DEBUG] DEBUG_XPATH: _parse_path('*[num:i($SaradcCheckindexIn + 1)]/ChannelId') -> parts=['*[num:i($SaradcCheckindexIn + 1)]', 'ChannelId']
[DEBUG] DEBUG_XPATH: Navigating segment '*' (axis=child) from 1 nodes
[DEBUG] DEBUG_XPATH:   Current context node: SaradcSent (type=container, path=/Mcu/GtmConfiguration/GtmConfiguration_0/GtmToPeripheral/GtmToPeripheral/SaradcSent, children=['ChannelId', 'GtmTriggerSelect'])
[DEBUG] DEBUG_XPATH: _parse_path('*[num:i($SaradcCheckindex + 1)]/ChannelId') -> parts=['*[num:i($SaradcCheckindex + 1)]', 'ChannelId']
[DEBUG] DEBUG_XPATH: Navigating segment '*' (axis=child) from 1 nodes
[DEBUG] DEBUG_XPATH:   Current context node: SaradcSent (type=container, path=/Mcu/GtmConfiguration/GtmConfiguration_0/GtmToPeripheral/GtmToPeripheral/SaradcSent, children=['ChannelId', 'GtmTriggerSelect'])
[DEBUG] DEBUG: Evaluating condition: $ChidIn = $ChidOut
[DEBUG] DEBUG: Comparison [$ChidIn = $ChidOut] => [None = None] Result: True
[DEBUG] DEBUG: Evaluating condition: $triggIn = $triggOut
[DEBUG] DEBUG: Comparison [$triggIn = $triggOut] => [both empty ''] Result: False
[DEBUG] DEBUG_XPATH: _parse_path('*[num:i($SaradcCheckindexIn + 1)]/GtmTriggerSelect') -> parts=['*[num:i($SaradcCheckindexIn + 1)]', 'GtmTriggerSelect']
[DEBUG] DEBUG_XPATH: Navigating segment '*' (axis=child) from 1 nodes
[DEBUG] DEBUG_XPATH:   Current context node: SaradcSent (type=container, path=/Mcu/GtmConfiguration/GtmConfiguration_0/GtmToPeripheral/GtmToPeripheral/SaradcSent, children=['ChannelId', 'GtmTriggerSelect'])
[DEBUG] DEBUG_XPATH: _parse_path('*[num:i($SaradcCheckindexIn + 1)]/GtmTriggerSelect') -> parts=['*[num:i($SaradcCheckindexIn + 1)]', 'GtmTriggerSelect']
[DEBUG] DEBUG_XPATH: Navigating segment '*' (axis=child) from 1 nodes
[DEBUG] DEBUG_XPATH:   Current context node: SaradcSent (type=container, path=/Mcu/GtmConfiguration/GtmConfiguration_0/GtmToPeripheral/GtmToPeripheral/SaradcSent, children=['ChannelId', 'GtmTriggerSelect'])
[DEBUG] DEBUG_XPATH: _parse_path('*[num:i($SaradcCheckindex + 1)]/GtmTriggerSelect') -> parts=['*[num:i($SaradcCheckindex + 1)]', 'GtmTriggerSelect']
[DEBUG] DEBUG_XPATH: Navigating segment '*' (axis=child) from 1 nodes
[DEBUG] DEBUG_XPATH:   Current context node: SaradcSent (type=container, path=/Mcu/GtmConfiguration/GtmConfiguration_0/GtmToPeripheral/GtmToPeripheral/SaradcSent, children=['ChannelId', 'GtmTriggerSelect'])
[DEBUG] DEBUG_XPATH: _parse_path('*[num:i($SaradcCheckindex + 1)]/GtmTriggerSelect') -> parts=['*[num:i($SaradcCheckindex + 1)]', 'GtmTriggerSelect']
[DEBUG] DEBUG_XPATH: Navigating segment '*' (axis=child) from 1 nodes
[DEBUG] DEBUG_XPATH:   Current context node: SaradcSent (type=container, path=/Mcu/GtmConfiguration/GtmConfiguration_0/GtmToPeripheral/GtmToPeripheral/SaradcSent, children=['ChannelId', 'GtmTriggerSelect'])
[DEBUG] DEBUG_XPATH: _parse_path('*[num:i($SaradcCheckindexIn + 1)]/ChannelId') -> parts=['*[num:i($SaradcCheckindexIn + 1)]', 'ChannelId']
[DEBUG] DEBUG_XPATH: Navigating segment '*' (axis=child) from 1 nodes
[DEBUG] DEBUG_XPATH:   Current context node: SaradcSent (type=container, path=/Mcu/GtmConfiguration/GtmConfiguration_0/GtmToPeripheral/GtmToPeripheral/SaradcSent, children=['ChannelId', 'GtmTriggerSelect'])
[DEBUG] DEBUG_XPATH: _parse_path('*[num:i($SaradcCheckindex + 1)]/ChannelId') -> parts=['*[num:i($SaradcCheckindex + 1)]', 'ChannelId']
[DEBUG] DEBUG_XPATH: Navigating segment '*' (axis=child) from 1 nodes
[DEBUG] DEBUG_XPATH:   Current context node: SaradcSent (type=container, path=/Mcu/GtmConfiguration/GtmConfiguration_0/GtmToPeripheral/GtmToPeripheral/SaradcSent, children=['ChannelId', 'GtmTriggerSelect'])
[DEBUG] DEBUG: Evaluating condition: $ChidIn = $ChidOut
[DEBUG] DEBUG: Comparison [$ChidIn = $ChidOut] => [None = None] Result: True
[DEBUG] DEBUG: Evaluating condition: $triggIn = $triggOut
[DEBUG] DEBUG: Comparison [$triggIn = $triggOut] => [both empty ''] Result: False
[DEBUG] DEBUG_XPATH: _parse_path('*[num:i($SaradcCheckindexIn + 1)]/GtmTriggerSelect') -> parts=['*[num:i($SaradcCheckindexIn + 1)]', 'GtmTriggerSelect']
[DEBUG] DEBUG_XPATH: Navigating segment '*' (axis=child) from 1 nodes
[DEBUG] DEBUG_XPATH:   Current context node: SaradcSent (type=container, path=/Mcu/GtmConfiguration/GtmConfiguration_0/GtmToPeripheral/GtmToPeripheral/SaradcSent, children=['ChannelId', 'GtmTriggerSelect'])
[DEBUG] DEBUG_XPATH: _parse_path('*[num:i($SaradcCheckindexIn + 1)]/GtmTriggerSelect') -> parts=['*[num:i($SaradcCheckindexIn + 1)]', 'GtmTriggerSelect']
[DEBUG] DEBUG_XPATH: Navigating segment '*' (axis=child) from 1 nodes
[DEBUG] DEBUG_XPATH:   Current context node: SaradcSent (type=container, path=/Mcu/GtmConfiguration/GtmConfiguration_0/GtmToPeripheral/GtmToPeripheral/SaradcSent, children=['ChannelId', 'GtmTriggerSelect'])
[DEBUG] DEBUG_XPATH: _parse_path('*[num:i($SaradcCheckindex + 1)]/GtmTriggerSelect') -> parts=['*[num:i($SaradcCheckindex + 1)]', 'GtmTriggerSelect']
[DEBUG] DEBUG_XPATH: Navigating segment '*' (axis=child) from 1 nodes
[DEBUG] DEBUG_XPATH:   Current context node: SaradcSent (type=container, path=/Mcu/GtmConfiguration/GtmConfiguration_0/GtmToPeripheral/GtmToPeripheral/SaradcSent, children=['ChannelId', 'GtmTriggerSelect'])
[DEBUG] DEBUG_XPATH: _parse_path('*[num:i($SaradcCheckindex + 1)]/GtmTriggerSelect') -> parts=['*[num:i($SaradcCheckindex + 1)]', 'GtmTriggerSelect']
[DEBUG] DEBUG_XPATH: Navigating segment '*' (axis=child) from 1 nodes
[DEBUG] DEBUG_XPATH:   Current context node: SaradcSent (type=container, path=/Mcu/GtmConfiguration/GtmConfiguration_0/GtmToPeripheral/GtmToPeripheral/SaradcSent, children=['ChannelId', 'GtmTriggerSelect'])
[DEBUG] DEBUG_XPATH: _parse_path('*[num:i($SaradcCheckindexIn + 1)]/ChannelId') -> parts=['*[num:i($SaradcCheckindexIn + 1)]', 'ChannelId']
[DEBUG] DEBUG_XPATH: Navigating segment '*' (axis=child) from 1 nodes
[DEBUG] DEBUG_XPATH:   Current context node: SaradcSent (type=container, path=/Mcu/GtmConfiguration/GtmConfiguration_0/GtmToPeripheral/GtmToPeripheral/SaradcSent, children=['ChannelId', 'GtmTriggerSelect'])
[DEBUG] DEBUG_XPATH: _parse_path('*[num:i($SaradcCheckindex + 1)]/ChannelId') -> parts=['*[num:i($SaradcCheckindex + 1)]', 'ChannelId']
[DEBUG] DEBUG_XPATH: Navigating segment '*' (axis=child) from 1 nodes
[DEBUG] DEBUG_XPATH:   Current context node: SaradcSent (type=container, path=/Mcu/GtmConfiguration/GtmConfiguration_0/GtmToPeripheral/GtmToPeripheral/SaradcSent, children=['ChannelId', 'GtmTriggerSelect'])
[DEBUG] DEBUG: Evaluating condition: $ChidIn = $ChidOut
[DEBUG] DEBUG: Comparison [$ChidIn = $ChidOut] => [None = None] Result: True
[DEBUG] DEBUG: Evaluating condition: $triggIn = $triggOut
[DEBUG] DEBUG: Comparison [$triggIn = $triggOut] => [both empty ''] Result: False
[DEBUG] DEBUG_XPATH: _parse_path('*[num:i($SaradcCheckindexIn + 1)]/GtmTriggerSelect') -> parts=['*[num:i($SaradcCheckindexIn + 1)]', 'GtmTriggerSelect']
[DEBUG] DEBUG_XPATH: Navigating segment '*' (axis=child) from 1 nodes
[DEBUG] DEBUG_XPATH:   Current context node: SaradcSent (type=container, path=/Mcu/GtmConfiguration/GtmConfiguration_0/GtmToPeripheral/GtmToPeripheral/SaradcSent, children=['ChannelId', 'GtmTriggerSelect'])
[DEBUG] DEBUG_XPATH: _parse_path('*[num:i($SaradcCheckindexIn + 1)]/GtmTriggerSelect') -> parts=['*[num:i($SaradcCheckindexIn + 1)]', 'GtmTriggerSelect']
[DEBUG] DEBUG_XPATH: Navigating segment '*' (axis=child) from 1 nodes
[DEBUG] DEBUG_XPATH:   Current context node: SaradcSent (type=container, path=/Mcu/GtmConfiguration/GtmConfiguration_0/GtmToPeripheral/GtmToPeripheral/SaradcSent, children=['ChannelId', 'GtmTriggerSelect'])
[DEBUG] DEBUG_XPATH: _parse_path('*[num:i($SaradcCheckindex + 1)]/GtmTriggerSelect') -> parts=['*[num:i($SaradcCheckindex + 1)]', 'GtmTriggerSelect']
[DEBUG] DEBUG_XPATH: Navigating segment '*' (axis=child) from 1 nodes
[DEBUG] DEBUG_XPATH:   Current context node: SaradcSent (type=container, path=/Mcu/GtmConfiguration/GtmConfiguration_0/GtmToPeripheral/GtmToPeripheral/SaradcSent, children=['ChannelId', 'GtmTriggerSelect'])
[DEBUG] DEBUG_XPATH: _parse_path('*[num:i($SaradcCheckindex + 1)]/GtmTriggerSelect') -> parts=['*[num:i($SaradcCheckindex + 1)]', 'GtmTriggerSelect']
[DEBUG] DEBUG_XPATH: Navigating segment '*' (axis=child) from 1 nodes
[DEBUG] DEBUG_XPATH:   Current context node: SaradcSent (type=container, path=/Mcu/GtmConfiguration/GtmConfiguration_0/GtmToPeripheral/GtmToPeripheral/SaradcSent, children=['ChannelId', 'GtmTriggerSelect'])
[DEBUG] DEBUG_XPATH: _parse_path('*[num:i($SaradcCheckindexIn + 1)]/ChannelId') -> parts=['*[num:i($SaradcCheckindexIn + 1)]', 'ChannelId']
[DEBUG] DEBUG_XPATH: Navigating segment '*' (axis=child) from 1 nodes
[DEBUG] DEBUG_XPATH:   Current context node: SaradcSent (type=container, path=/Mcu/GtmConfiguration/GtmConfiguration_0/GtmToPeripheral/GtmToPeripheral/SaradcSent, children=['ChannelId', 'GtmTriggerSelect'])
[DEBUG] DEBUG_XPATH: _parse_path('*[num:i($SaradcCheckindex + 1)]/ChannelId') -> parts=['*[num:i($SaradcCheckindex + 1)]', 'ChannelId']
[DEBUG] DEBUG_XPATH: Navigating segment '*' (axis=child) from 1 nodes
[DEBUG] DEBUG_XPATH:   Current context node: SaradcSent (type=container, path=/Mcu/GtmConfiguration/GtmConfiguration_0/GtmToPeripheral/GtmToPeripheral/SaradcSent, children=['ChannelId', 'GtmTriggerSelect'])
[DEBUG] DEBUG: Evaluating condition: $ChidIn = $ChidOut
[DEBUG] DEBUG: Comparison [$ChidIn = $ChidOut] => [None = None] Result: True
[DEBUG] DEBUG: Evaluating condition: $triggIn = $triggOut
[DEBUG] DEBUG: Comparison [$triggIn = $triggOut] => [both empty ''] Result: False
[DEBUG] DEBUG_XPATH: _parse_path('*[num:i($SaradcCheckindexIn + 1)]/GtmTriggerSelect') -> parts=['*[num:i($SaradcCheckindexIn + 1)]', 'GtmTriggerSelect']
[DEBUG] DEBUG_XPATH: Navigating segment '*' (axis=child) from 1 nodes
[DEBUG] DEBUG_XPATH:   Current context node: SaradcSent (type=container, path=/Mcu/GtmConfiguration/GtmConfiguration_0/GtmToPeripheral/GtmToPeripheral/SaradcSent, children=['ChannelId', 'GtmTriggerSelect'])
[DEBUG] DEBUG_XPATH: _parse_path('*[num:i($SaradcCheckindexIn + 1)]/GtmTriggerSelect') -> parts=['*[num:i($SaradcCheckindexIn + 1)]', 'GtmTriggerSelect']
[DEBUG] DEBUG_XPATH: Navigating segment '*' (axis=child) from 1 nodes
[DEBUG] DEBUG_XPATH:   Current context node: SaradcSent (type=container, path=/Mcu/GtmConfiguration/GtmConfiguration_0/GtmToPeripheral/GtmToPeripheral/SaradcSent, children=['ChannelId', 'GtmTriggerSelect'])
[DEBUG] DEBUG_XPATH: _parse_path('*[num:i($SaradcCheckindex + 1)]/GtmTriggerSelect') -> parts=['*[num:i($SaradcCheckindex + 1)]', 'GtmTriggerSelect']
[DEBUG] DEBUG_XPATH: Navigating segment '*' (axis=child) from 1 nodes
[DEBUG] DEBUG_XPATH:   Current context node: SaradcSent (type=container, path=/Mcu/GtmConfiguration/GtmConfiguration_0/GtmToPeripheral/GtmToPeripheral/SaradcSent, children=['ChannelId', 'GtmTriggerSelect'])
[DEBUG] DEBUG_XPATH: _parse_path('*[num:i($SaradcCheckindex + 1)]/GtmTriggerSelect') -> parts=['*[num:i($SaradcCheckindex + 1)]', 'GtmTriggerSelect']
[DEBUG] DEBUG_XPATH: Navigating segment '*' (axis=child) from 1 nodes
[DEBUG] DEBUG_XPATH:   Current context node: SaradcSent (type=container, path=/Mcu/GtmConfiguration/GtmConfiguration_0/GtmToPeripheral/GtmToPeripheral/SaradcSent, children=['ChannelId', 'GtmTriggerSelect'])
[DEBUG] DEBUG_XPATH: _parse_path('*[num:i($SaradcCheckindexIn + 1)]/ChannelId') -> parts=['*[num:i($SaradcCheckindexIn + 1)]', 'ChannelId']
[DEBUG] DEBUG_XPATH: Navigating segment '*' (axis=child) from 1 nodes
[DEBUG] DEBUG_XPATH:   Current context node: SaradcSent (type=container, path=/Mcu/GtmConfiguration/GtmConfiguration_0/GtmToPeripheral/GtmToPeripheral/SaradcSent, children=['ChannelId', 'GtmTriggerSelect'])
[DEBUG] DEBUG_XPATH: _parse_path('*[num:i($SaradcCheckindex + 1)]/ChannelId') -> parts=['*[num:i($SaradcCheckindex + 1)]', 'ChannelId']
[DEBUG] DEBUG_XPATH: Navigating segment '*' (axis=child) from 1 nodes
[DEBUG] DEBUG_XPATH:   Current context node: SaradcSent (type=container, path=/Mcu/GtmConfiguration/GtmConfiguration_0/GtmToPeripheral/GtmToPeripheral/SaradcSent, children=['ChannelId', 'GtmTriggerSelect'])
[DEBUG] DEBUG: Evaluating condition: $ChidIn = $ChidOut
[DEBUG] DEBUG: Comparison [$ChidIn = $ChidOut] => [None = None] Result: True
[DEBUG] DEBUG: Evaluating condition: $triggIn = $triggOut
[DEBUG] DEBUG: Comparison [$triggIn = $triggOut] => [both empty ''] Result: False
[DEBUG] DEBUG_XPATH: _parse_path('*[num:i($SaradcCheckindexIn + 1)]/GtmTriggerSelect') -> parts=['*[num:i($SaradcCheckindexIn + 1)]', 'GtmTriggerSelect']
[DEBUG] DEBUG_XPATH: Navigating segment '*' (axis=child) from 1 nodes
[DEBUG] DEBUG_XPATH:   Current context node: SaradcSent (type=container, path=/Mcu/GtmConfiguration/GtmConfiguration_0/GtmToPeripheral/GtmToPeripheral/SaradcSent, children=['ChannelId', 'GtmTriggerSelect'])
[DEBUG] DEBUG_XPATH: _parse_path('*[num:i($SaradcCheckindexIn + 1)]/GtmTriggerSelect') -> parts=['*[num:i($SaradcCheckindexIn + 1)]', 'GtmTriggerSelect']
[DEBUG] DEBUG_XPATH: Navigating segment '*' (axis=child) from 1 nodes
[DEBUG] DEBUG_XPATH:   Current context node: SaradcSent (type=container, path=/Mcu/GtmConfiguration/GtmConfiguration_0/GtmToPeripheral/GtmToPeripheral/SaradcSent, children=['ChannelId', 'GtmTriggerSelect'])
[DEBUG] DEBUG_XPATH: _parse_path('*[num:i($SaradcCheckindex + 1)]/GtmTriggerSelect') -> parts=['*[num:i($SaradcCheckindex + 1)]', 'GtmTriggerSelect']
[DEBUG] DEBUG_XPATH: Navigating segment '*' (axis=child) from 1 nodes
[DEBUG] DEBUG_XPATH:   Current context node: SaradcSent (type=container, path=/Mcu/GtmConfiguration/GtmConfiguration_0/GtmToPeripheral/GtmToPeripheral/SaradcSent, children=['ChannelId', 'GtmTriggerSelect'])
[DEBUG] DEBUG_XPATH: _parse_path('*[num:i($SaradcCheckindex + 1)]/GtmTriggerSelect') -> parts=['*[num:i($SaradcCheckindex + 1)]', 'GtmTriggerSelect']
[DEBUG] DEBUG_XPATH: Navigating segment '*' (axis=child) from 1 nodes
[DEBUG] DEBUG_XPATH:   Current context node: SaradcSent (type=container, path=/Mcu/GtmConfiguration/GtmConfiguration_0/GtmToPeripheral/GtmToPeripheral/SaradcSent, children=['ChannelId', 'GtmTriggerSelect'])
[DEBUG] DEBUG_XPATH: _parse_path('*[num:i($SaradcCheckindexIn + 1)]/ChannelId') -> parts=['*[num:i($SaradcCheckindexIn + 1)]', 'ChannelId']
[DEBUG] DEBUG_XPATH: Navigating segment '*' (axis=child) from 1 nodes
[DEBUG] DEBUG_XPATH:   Current context node: SaradcSent (type=container, path=/Mcu/GtmConfiguration/GtmConfiguration_0/GtmToPeripheral/GtmToPeripheral/SaradcSent, children=['ChannelId', 'GtmTriggerSelect'])
[DEBUG] DEBUG_XPATH: _parse_path('*[num:i($SaradcCheckindex + 1)]/ChannelId') -> parts=['*[num:i($SaradcCheckindex + 1)]', 'ChannelId']
[DEBUG] DEBUG_XPATH: Navigating segment '*' (axis=child) from 1 nodes
[DEBUG] DEBUG_XPATH:   Current context node: SaradcSent (type=container, path=/Mcu/GtmConfiguration/GtmConfiguration_0/GtmToPeripheral/GtmToPeripheral/SaradcSent, children=['ChannelId', 'GtmTriggerSelect'])
[DEBUG] DEBUG: Evaluating condition: $ChidIn = $ChidOut
[DEBUG] DEBUG: Comparison [$ChidIn = $ChidOut] => [None = None] Result: True
[DEBUG] DEBUG: Evaluating condition: $triggIn = $triggOut
[DEBUG] DEBUG: Comparison [$triggIn = $triggOut] => [both empty ''] Result: False
[DEBUG] DEBUG_XPATH: _parse_path('*[num:i($SaradcCheckindexIn + 1)]/GtmTriggerSelect') -> parts=['*[num:i($SaradcCheckindexIn + 1)]', 'GtmTriggerSelect']
[DEBUG] DEBUG_XPATH: Navigating segment '*' (axis=child) from 1 nodes
[DEBUG] DEBUG_XPATH:   Current context node: SaradcSent (type=container, path=/Mcu/GtmConfiguration/GtmConfiguration_0/GtmToPeripheral/GtmToPeripheral/SaradcSent, children=['ChannelId', 'GtmTriggerSelect'])
[DEBUG] DEBUG_XPATH: _parse_path('*[num:i($SaradcCheckindexIn + 1)]/GtmTriggerSelect') -> parts=['*[num:i($SaradcCheckindexIn + 1)]', 'GtmTriggerSelect']
[DEBUG] DEBUG_XPATH: Navigating segment '*' (axis=child) from 1 nodes
[DEBUG] DEBUG_XPATH:   Current context node: SaradcSent (type=container, path=/Mcu/GtmConfiguration/GtmConfiguration_0/GtmToPeripheral/GtmToPeripheral/SaradcSent, children=['ChannelId', 'GtmTriggerSelect'])
[DEBUG] DEBUG_XPATH: _parse_path('*[num:i($SaradcCheckindex + 1)]/GtmTriggerSelect') -> parts=['*[num:i($SaradcCheckindex + 1)]', 'GtmTriggerSelect']
[DEBUG] DEBUG_XPATH: Navigating segment '*' (axis=child) from 1 nodes
[DEBUG] DEBUG_XPATH:   Current context node: SaradcSent (type=container, path=/Mcu/GtmConfiguration/GtmConfiguration_0/GtmToPeripheral/GtmToPeripheral/SaradcSent, children=['ChannelId', 'GtmTriggerSelect'])
[DEBUG] DEBUG_XPATH: _parse_path('*[num:i($SaradcCheckindex + 1)]/GtmTriggerSelect') -> parts=['*[num:i($SaradcCheckindex + 1)]', 'GtmTriggerSelect']
[DEBUG] DEBUG_XPATH: Navigating segment '*' (axis=child) from 1 nodes
[DEBUG] DEBUG_XPATH:   Current context node: SaradcSent (type=container, path=/Mcu/GtmConfiguration/GtmConfiguration_0/GtmToPeripheral/GtmToPeripheral/SaradcSent, children=['ChannelId', 'GtmTriggerSelect'])
[DEBUG] DEBUG_XPATH: _parse_path('*[num:i($SaradcCheckindexIn + 1)]/ChannelId') -> parts=['*[num:i($SaradcCheckindexIn + 1)]', 'ChannelId']
[DEBUG] DEBUG_XPATH: Navigating segment '*' (axis=child) from 1 nodes
[DEBUG] DEBUG_XPATH:   Current context node: SaradcSent (type=container, path=/Mcu/GtmConfiguration/GtmConfiguration_0/GtmToPeripheral/GtmToPeripheral/SaradcSent, children=['ChannelId', 'GtmTriggerSelect'])
[DEBUG] DEBUG_XPATH: _parse_path('*[num:i($SaradcCheckindex + 1)]/ChannelId') -> parts=['*[num:i($SaradcCheckindex + 1)]', 'ChannelId']
[DEBUG] DEBUG_XPATH: Navigating segment '*' (axis=child) from 1 nodes
[DEBUG] DEBUG_XPATH:   Current context node: SaradcSent (type=container, path=/Mcu/GtmConfiguration/GtmConfiguration_0/GtmToPeripheral/GtmToPeripheral/SaradcSent, children=['ChannelId', 'GtmTriggerSelect'])
[DEBUG] DEBUG: Evaluating condition: $ChidIn = $ChidOut
[DEBUG] DEBUG: Comparison [$ChidIn = $ChidOut] => [None = None] Result: True
[DEBUG] DEBUG: Evaluating condition: $triggIn = $triggOut
[DEBUG] DEBUG: Comparison [$triggIn = $triggOut] => [both empty ''] Result: False
[DEBUG] DEBUG_XPATH: _parse_path('*[num:i($SaradcCheckindexIn + 1)]/GtmTriggerSelect') -> parts=['*[num:i($SaradcCheckindexIn + 1)]', 'GtmTriggerSelect']
[DEBUG] DEBUG_XPATH: Navigating segment '*' (axis=child) from 1 nodes
[DEBUG] DEBUG_XPATH:   Current context node: SaradcSent (type=container, path=/Mcu/GtmConfiguration/GtmConfiguration_0/GtmToPeripheral/GtmToPeripheral/SaradcSent, children=['ChannelId', 'GtmTriggerSelect'])
[DEBUG] DEBUG_XPATH: _parse_path('*[num:i($SaradcCheckindexIn + 1)]/GtmTriggerSelect') -> parts=['*[num:i($SaradcCheckindexIn + 1)]', 'GtmTriggerSelect']
[DEBUG] DEBUG_XPATH: Navigating segment '*' (axis=child) from 1 nodes
[DEBUG] DEBUG_XPATH:   Current context node: SaradcSent (type=container, path=/Mcu/GtmConfiguration/GtmConfiguration_0/GtmToPeripheral/GtmToPeripheral/SaradcSent, children=['ChannelId', 'GtmTriggerSelect'])
[DEBUG] DEBUG_XPATH: _parse_path('*[num:i($SaradcCheckindex + 1)]/GtmTriggerSelect') -> parts=['*[num:i($SaradcCheckindex + 1)]', 'GtmTriggerSelect']
[DEBUG] DEBUG_XPATH: Navigating segment '*' (axis=child) from 1 nodes
[DEBUG] DEBUG_XPATH:   Current context node: SaradcSent (type=container, path=/Mcu/GtmConfiguration/GtmConfiguration_0/GtmToPeripheral/GtmToPeripheral/SaradcSent, children=['ChannelId', 'GtmTriggerSelect'])
[DEBUG] DEBUG_XPATH: _parse_path('*[num:i($SaradcCheckindex + 1)]/GtmTriggerSelect') -> parts=['*[num:i($SaradcCheckindex + 1)]', 'GtmTriggerSelect']
[DEBUG] DEBUG_XPATH: Navigating segment '*' (axis=child) from 1 nodes
[DEBUG] DEBUG_XPATH:   Current context node: SaradcSent (type=container, path=/Mcu/GtmConfiguration/GtmConfiguration_0/GtmToPeripheral/GtmToPeripheral/SaradcSent, children=['ChannelId', 'GtmTriggerSelect'])
[DEBUG] DEBUG_XPATH: _parse_path('*[num:i($SaradcCheckindexIn + 1)]/ChannelId') -> parts=['*[num:i($SaradcCheckindexIn + 1)]', 'ChannelId']
[DEBUG] DEBUG_XPATH: Navigating segment '*' (axis=child) from 1 nodes
[DEBUG] DEBUG_XPATH:   Current context node: SaradcSent (type=container, path=/Mcu/GtmConfiguration/GtmConfiguration_0/GtmToPeripheral/GtmToPeripheral/SaradcSent, children=['ChannelId', 'GtmTriggerSelect'])
[DEBUG] DEBUG_XPATH: _parse_path('*[num:i($SaradcCheckindex + 1)]/ChannelId') -> parts=['*[num:i($SaradcCheckindex + 1)]', 'ChannelId']
[DEBUG] DEBUG_XPATH: Navigating segment '*' (axis=child) from 1 nodes
[DEBUG] DEBUG_XPATH:   Current context node: SaradcSent (type=container, path=/Mcu/GtmConfiguration/GtmConfiguration_0/GtmToPeripheral/GtmToPeripheral/SaradcSent, children=['ChannelId', 'GtmTriggerSelect'])
[DEBUG] DEBUG: Evaluating condition: $ChidIn = $ChidOut
[DEBUG] DEBUG: Comparison [$ChidIn = $ChidOut] => [None = None] Result: True
[DEBUG] DEBUG: Evaluating condition: $triggIn = $triggOut
[DEBUG] DEBUG: Comparison [$triggIn = $triggOut] => [both empty ''] Result: False
[DEBUG] DEBUG_XPATH: _parse_path('*[num:i($SaradcCheckindexIn + 1)]/GtmTriggerSelect') -> parts=['*[num:i($SaradcCheckindexIn + 1)]', 'GtmTriggerSelect']
[DEBUG] DEBUG_XPATH: Navigating segment '*' (axis=child) from 1 nodes
[DEBUG] DEBUG_XPATH:   Current context node: SaradcSent (type=container, path=/Mcu/GtmConfiguration/GtmConfiguration_0/GtmToPeripheral/GtmToPeripheral/SaradcSent, children=['ChannelId', 'GtmTriggerSelect'])
[DEBUG] DEBUG_XPATH: _parse_path('*[num:i($SaradcCheckindexIn + 1)]/GtmTriggerSelect') -> parts=['*[num:i($SaradcCheckindexIn + 1)]', 'GtmTriggerSelect']
[DEBUG] DEBUG_XPATH: Navigating segment '*' (axis=child) from 1 nodes
[DEBUG] DEBUG_XPATH:   Current context node: SaradcSent (type=container, path=/Mcu/GtmConfiguration/GtmConfiguration_0/GtmToPeripheral/GtmToPeripheral/SaradcSent, children=['ChannelId', 'GtmTriggerSelect'])
[DEBUG] DEBUG_XPATH: _parse_path('*[num:i($SaradcCheckindex + 1)]/GtmTriggerSelect') -> parts=['*[num:i($SaradcCheckindex + 1)]', 'GtmTriggerSelect']
[DEBUG] DEBUG_XPATH: Navigating segment '*' (axis=child) from 1 nodes
[DEBUG] DEBUG_XPATH:   Current context node: SaradcSent (type=container, path=/Mcu/GtmConfiguration/GtmConfiguration_0/GtmToPeripheral/GtmToPeripheral/SaradcSent, children=['ChannelId', 'GtmTriggerSelect'])
[DEBUG] DEBUG_XPATH: _parse_path('*[num:i($SaradcCheckindex + 1)]/GtmTriggerSelect') -> parts=['*[num:i($SaradcCheckindex + 1)]', 'GtmTriggerSelect']
[DEBUG] DEBUG_XPATH: Navigating segment '*' (axis=child) from 1 nodes
[DEBUG] DEBUG_XPATH:   Current context node: SaradcSent (type=container, path=/Mcu/GtmConfiguration/GtmConfiguration_0/GtmToPeripheral/GtmToPeripheral/SaradcSent, children=['ChannelId', 'GtmTriggerSelect'])
[DEBUG] DEBUG_XPATH: _parse_path('*[num:i($SaradcCheckindexIn + 1)]/ChannelId') -> parts=['*[num:i($SaradcCheckindexIn + 1)]', 'ChannelId']
[DEBUG] DEBUG_XPATH: Navigating segment '*' (axis=child) from 1 nodes
[DEBUG] DEBUG_XPATH:   Current context node: SaradcSent (type=container, path=/Mcu/GtmConfiguration/GtmConfiguration_0/GtmToPeripheral/GtmToPeripheral/SaradcSent, children=['ChannelId', 'GtmTriggerSelect'])
[DEBUG] DEBUG_XPATH: _parse_path('*[num:i($SaradcCheckindex + 1)]/ChannelId') -> parts=['*[num:i($SaradcCheckindex + 1)]', 'ChannelId']
[DEBUG] DEBUG_XPATH: Navigating segment '*' (axis=child) from 1 nodes
[DEBUG] DEBUG_XPATH:   Current context node: SaradcSent (type=container, path=/Mcu/GtmConfiguration/GtmConfiguration_0/GtmToPeripheral/GtmToPeripheral/SaradcSent, children=['ChannelId', 'GtmTriggerSelect'])
[DEBUG] DEBUG: Evaluating condition: $ChidIn = $ChidOut
[DEBUG] DEBUG: Comparison [$ChidIn = $ChidOut] => [None = None] Result: True
[DEBUG] DEBUG: Evaluating condition: $triggIn = $triggOut
[DEBUG] DEBUG: Comparison [$triggIn = $triggOut] => [both empty ''] Result: False
[DEBUG] DEBUG_XPATH: _parse_path('*[num:i($SaradcCheckindexIn + 1)]/GtmTriggerSelect') -> parts=['*[num:i($SaradcCheckindexIn + 1)]', 'GtmTriggerSelect']
[DEBUG] DEBUG_XPATH: Navigating segment '*' (axis=child) from 1 nodes
[DEBUG] DEBUG_XPATH:   Current context node: SaradcSent (type=container, path=/Mcu/GtmConfiguration/GtmConfiguration_0/GtmToPeripheral/GtmToPeripheral/SaradcSent, children=['ChannelId', 'GtmTriggerSelect'])
[DEBUG] DEBUG_XPATH: _parse_path('*[num:i($SaradcCheckindexIn + 1)]/GtmTriggerSelect') -> parts=['*[num:i($SaradcCheckindexIn + 1)]', 'GtmTriggerSelect']
[DEBUG] DEBUG_XPATH: Navigating segment '*' (axis=child) from 1 nodes
[DEBUG] DEBUG_XPATH:   Current context node: SaradcSent (type=container, path=/Mcu/GtmConfiguration/GtmConfiguration_0/GtmToPeripheral/GtmToPeripheral/SaradcSent, children=['ChannelId', 'GtmTriggerSelect'])
[DEBUG] DEBUG_XPATH: _parse_path('*[num:i($SaradcCheckindex + 1)]/GtmTriggerSelect') -> parts=['*[num:i($SaradcCheckindex + 1)]', 'GtmTriggerSelect']
[DEBUG] DEBUG_XPATH: Navigating segment '*' (axis=child) from 1 nodes
[DEBUG] DEBUG_XPATH:   Current context node: SaradcSent (type=container, path=/Mcu/GtmConfiguration/GtmConfiguration_0/GtmToPeripheral/GtmToPeripheral/SaradcSent, children=['ChannelId', 'GtmTriggerSelect'])
[DEBUG] DEBUG_XPATH: _parse_path('*[num:i($SaradcCheckindex + 1)]/GtmTriggerSelect') -> parts=['*[num:i($SaradcCheckindex + 1)]', 'GtmTriggerSelect']
[DEBUG] DEBUG_XPATH: Navigating segment '*' (axis=child) from 1 nodes
[DEBUG] DEBUG_XPATH:   Current context node: SaradcSent (type=container, path=/Mcu/GtmConfiguration/GtmConfiguration_0/GtmToPeripheral/GtmToPeripheral/SaradcSent, children=['ChannelId', 'GtmTriggerSelect'])
[DEBUG] DEBUG_XPATH: _parse_path('*[num:i($SaradcCheckindexIn + 1)]/ChannelId') -> parts=['*[num:i($SaradcCheckindexIn + 1)]', 'ChannelId']
[DEBUG] DEBUG_XPATH: Navigating segment '*' (axis=child) from 1 nodes
[DEBUG] DEBUG_XPATH:   Current context node: SaradcSent (type=container, path=/Mcu/GtmConfiguration/GtmConfiguration_0/GtmToPeripheral/GtmToPeripheral/SaradcSent, children=['ChannelId', 'GtmTriggerSelect'])
[DEBUG] DEBUG_XPATH: _parse_path('*[num:i($SaradcCheckindex + 1)]/ChannelId') -> parts=['*[num:i($SaradcCheckindex + 1)]', 'ChannelId']
[DEBUG] DEBUG_XPATH: Navigating segment '*' (axis=child) from 1 nodes
[DEBUG] DEBUG_XPATH:   Current context node: SaradcSent (type=container, path=/Mcu/GtmConfiguration/GtmConfiguration_0/GtmToPeripheral/GtmToPeripheral/SaradcSent, children=['ChannelId', 'GtmTriggerSelect'])
[DEBUG] DEBUG: Evaluating condition: $ChidIn = $ChidOut
[DEBUG] DEBUG: Comparison [$ChidIn = $ChidOut] => [None = None] Result: True
[DEBUG] DEBUG: Evaluating condition: $triggIn = $triggOut
[DEBUG] DEBUG: Comparison [$triggIn = $triggOut] => [both empty ''] Result: False
[DEBUG] DEBUG_XPATH: _parse_path('*[num:i($SaradcCheckindexIn + 1)]/GtmTriggerSelect') -> parts=['*[num:i($SaradcCheckindexIn + 1)]', 'GtmTriggerSelect']
[DEBUG] DEBUG_XPATH: Navigating segment '*' (axis=child) from 1 nodes
[DEBUG] DEBUG_XPATH:   Current context node: SaradcSent (type=container, path=/Mcu/GtmConfiguration/GtmConfiguration_0/GtmToPeripheral/GtmToPeripheral/SaradcSent, children=['ChannelId', 'GtmTriggerSelect'])
[DEBUG] DEBUG_XPATH: _parse_path('*[num:i($SaradcCheckindexIn + 1)]/GtmTriggerSelect') -> parts=['*[num:i($SaradcCheckindexIn + 1)]', 'GtmTriggerSelect']
[DEBUG] DEBUG_XPATH: Navigating segment '*' (axis=child) from 1 nodes
[DEBUG] DEBUG_XPATH:   Current context node: SaradcSent (type=container, path=/Mcu/GtmConfiguration/GtmConfiguration_0/GtmToPeripheral/GtmToPeripheral/SaradcSent, children=['ChannelId', 'GtmTriggerSelect'])
[DEBUG] DEBUG_XPATH: _parse_path('*[num:i($SaradcCheckindex + 1)]/GtmTriggerSelect') -> parts=['*[num:i($SaradcCheckindex + 1)]', 'GtmTriggerSelect']
[DEBUG] DEBUG_XPATH: Navigating segment '*' (axis=child) from 1 nodes
[DEBUG] DEBUG_XPATH:   Current context node: SaradcSent (type=container, path=/Mcu/GtmConfiguration/GtmConfiguration_0/GtmToPeripheral/GtmToPeripheral/SaradcSent, children=['ChannelId', 'GtmTriggerSelect'])
[DEBUG] DEBUG_XPATH: _parse_path('*[num:i($SaradcCheckindex + 1)]/GtmTriggerSelect') -> parts=['*[num:i($SaradcCheckindex + 1)]', 'GtmTriggerSelect']
[DEBUG] DEBUG_XPATH: Navigating segment '*' (axis=child) from 1 nodes
[DEBUG] DEBUG_XPATH:   Current context node: SaradcSent (type=container, path=/Mcu/GtmConfiguration/GtmConfiguration_0/GtmToPeripheral/GtmToPeripheral/SaradcSent, children=['ChannelId', 'GtmTriggerSelect'])
[DEBUG] DEBUG_XPATH: _parse_path('*[num:i($SaradcCheckindexIn + 1)]/ChannelId') -> parts=['*[num:i($SaradcCheckindexIn + 1)]', 'ChannelId']
[DEBUG] DEBUG_XPATH: Navigating segment '*' (axis=child) from 1 nodes
[DEBUG] DEBUG_XPATH:   Current context node: SaradcSent (type=container, path=/Mcu/GtmConfiguration/GtmConfiguration_0/GtmToPeripheral/GtmToPeripheral/SaradcSent, children=['ChannelId', 'GtmTriggerSelect'])
[DEBUG] DEBUG_XPATH: _parse_path('*[num:i($SaradcCheckindex + 1)]/ChannelId') -> parts=['*[num:i($SaradcCheckindex + 1)]', 'ChannelId']
[DEBUG] DEBUG_XPATH: Navigating segment '*' (axis=child) from 1 nodes
[DEBUG] DEBUG_XPATH:   Current context node: SaradcSent (type=container, path=/Mcu/GtmConfiguration/GtmConfiguration_0/GtmToPeripheral/GtmToPeripheral/SaradcSent, children=['ChannelId', 'GtmTriggerSelect'])
[DEBUG] DEBUG: Evaluating condition: $ChidIn = $ChidOut
[DEBUG] DEBUG: Comparison [$ChidIn = $ChidOut] => [None = None] Result: True
[DEBUG] DEBUG: Evaluating condition: $triggIn = $triggOut
[DEBUG] DEBUG: Comparison [$triggIn = $triggOut] => [both empty ''] Result: False
[DEBUG] DEBUG_XPATH: _parse_path('*[num:i($SaradcCheckindexIn + 1)]/GtmTriggerSelect') -> parts=['*[num:i($SaradcCheckindexIn + 1)]', 'GtmTriggerSelect']
[DEBUG] DEBUG_XPATH: Navigating segment '*' (axis=child) from 1 nodes
[DEBUG] DEBUG_XPATH:   Current context node: SaradcSent (type=container, path=/Mcu/GtmConfiguration/GtmConfiguration_0/GtmToPeripheral/GtmToPeripheral/SaradcSent, children=['ChannelId', 'GtmTriggerSelect'])
[DEBUG] DEBUG_XPATH: _parse_path('*[num:i($SaradcCheckindexIn + 1)]/GtmTriggerSelect') -> parts=['*[num:i($SaradcCheckindexIn + 1)]', 'GtmTriggerSelect']
[DEBUG] DEBUG_XPATH: Navigating segment '*' (axis=child) from 1 nodes
[DEBUG] DEBUG_XPATH:   Current context node: SaradcSent (type=container, path=/Mcu/GtmConfiguration/GtmConfiguration_0/GtmToPeripheral/GtmToPeripheral/SaradcSent, children=['ChannelId', 'GtmTriggerSelect'])
[DEBUG] DEBUG_XPATH: _parse_path('*[num:i($SaradcCheckindex + 1)]/GtmTriggerSelect') -> parts=['*[num:i($SaradcCheckindex + 1)]', 'GtmTriggerSelect']
[DEBUG] DEBUG_XPATH: Navigating segment '*' (axis=child) from 1 nodes
[DEBUG] DEBUG_XPATH:   Current context node: SaradcSent (type=container, path=/Mcu/GtmConfiguration/GtmConfiguration_0/GtmToPeripheral/GtmToPeripheral/SaradcSent, children=['ChannelId', 'GtmTriggerSelect'])
[DEBUG] DEBUG_XPATH: _parse_path('*[num:i($SaradcCheckindex + 1)]/GtmTriggerSelect') -> parts=['*[num:i($SaradcCheckindex + 1)]', 'GtmTriggerSelect']
[DEBUG] DEBUG_XPATH: Navigating segment '*' (axis=child) from 1 nodes
[DEBUG] DEBUG_XPATH:   Current context node: SaradcSent (type=container, path=/Mcu/GtmConfiguration/GtmConfiguration_0/GtmToPeripheral/GtmToPeripheral/SaradcSent, children=['ChannelId', 'GtmTriggerSelect'])
[DEBUG] DEBUG_XPATH: _parse_path('*[num:i($SaradcCheckindexIn + 1)]/ChannelId') -> parts=['*[num:i($SaradcCheckindexIn + 1)]', 'ChannelId']
[DEBUG] DEBUG_XPATH: Navigating segment '*' (axis=child) from 1 nodes
[DEBUG] DEBUG_XPATH:   Current context node: SaradcSent (type=container, path=/Mcu/GtmConfiguration/GtmConfiguration_0/GtmToPeripheral/GtmToPeripheral/SaradcSent, children=['ChannelId', 'GtmTriggerSelect'])
[DEBUG] DEBUG_XPATH: _parse_path('*[num:i($SaradcCheckindex + 1)]/ChannelId') -> parts=['*[num:i($SaradcCheckindex + 1)]', 'ChannelId']
[DEBUG] DEBUG_XPATH: Navigating segment '*' (axis=child) from 1 nodes
[DEBUG] DEBUG_XPATH:   Current context node: SaradcSent (type=container, path=/Mcu/GtmConfiguration/GtmConfiguration_0/GtmToPeripheral/GtmToPeripheral/SaradcSent, children=['ChannelId', 'GtmTriggerSelect'])
[DEBUG] DEBUG: Evaluating condition: $ChidIn = $ChidOut
[DEBUG] DEBUG: Comparison [$ChidIn = $ChidOut] => [None = None] Result: True
[DEBUG] DEBUG: Evaluating condition: $triggIn = $triggOut
[DEBUG] DEBUG: Comparison [$triggIn = $triggOut] => [both empty ''] Result: False
[DEBUG] DEBUG_XPATH: _parse_path('*[num:i($SaradcCheckindexIn + 1)]/GtmTriggerSelect') -> parts=['*[num:i($SaradcCheckindexIn + 1)]', 'GtmTriggerSelect']
[DEBUG] DEBUG_XPATH: Navigating segment '*' (axis=child) from 1 nodes
[DEBUG] DEBUG_XPATH:   Current context node: SaradcSent (type=container, path=/Mcu/GtmConfiguration/GtmConfiguration_0/GtmToPeripheral/GtmToPeripheral/SaradcSent, children=['ChannelId', 'GtmTriggerSelect'])
[DEBUG] DEBUG_XPATH: _parse_path('*[num:i($SaradcCheckindexIn + 1)]/GtmTriggerSelect') -> parts=['*[num:i($SaradcCheckindexIn + 1)]', 'GtmTriggerSelect']
[DEBUG] DEBUG_XPATH: Navigating segment '*' (axis=child) from 1 nodes
[DEBUG] DEBUG_XPATH:   Current context node: SaradcSent (type=container, path=/Mcu/GtmConfiguration/GtmConfiguration_0/GtmToPeripheral/GtmToPeripheral/SaradcSent, children=['ChannelId', 'GtmTriggerSelect'])
[DEBUG] DEBUG_XPATH: _parse_path('*[num:i($SaradcCheckindex + 1)]/GtmTriggerSelect') -> parts=['*[num:i($SaradcCheckindex + 1)]', 'GtmTriggerSelect']
[DEBUG] DEBUG_XPATH: Navigating segment '*' (axis=child) from 1 nodes
[DEBUG] DEBUG_XPATH:   Current context node: SaradcSent (type=container, path=/Mcu/GtmConfiguration/GtmConfiguration_0/GtmToPeripheral/GtmToPeripheral/SaradcSent, children=['ChannelId', 'GtmTriggerSelect'])
[DEBUG] DEBUG_XPATH: _parse_path('*[num:i($SaradcCheckindex + 1)]/GtmTriggerSelect') -> parts=['*[num:i($SaradcCheckindex + 1)]', 'GtmTriggerSelect']
[DEBUG] DEBUG_XPATH: Navigating segment '*' (axis=child) from 1 nodes
[DEBUG] DEBUG_XPATH:   Current context node: SaradcSent (type=container, path=/Mcu/GtmConfiguration/GtmConfiguration_0/GtmToPeripheral/GtmToPeripheral/SaradcSent, children=['ChannelId', 'GtmTriggerSelect'])
[DEBUG] DEBUG_XPATH: _parse_path('*[num:i($SaradcCheckindexIn + 1)]/ChannelId') -> parts=['*[num:i($SaradcCheckindexIn + 1)]', 'ChannelId']
[DEBUG] DEBUG_XPATH: Navigating segment '*' (axis=child) from 1 nodes
[DEBUG] DEBUG_XPATH:   Current context node: SaradcSent (type=container, path=/Mcu/GtmConfiguration/GtmConfiguration_0/GtmToPeripheral/GtmToPeripheral/SaradcSent, children=['ChannelId', 'GtmTriggerSelect'])
[DEBUG] DEBUG_XPATH: _parse_path('*[num:i($SaradcCheckindex + 1)]/ChannelId') -> parts=['*[num:i($SaradcCheckindex + 1)]', 'ChannelId']
[DEBUG] DEBUG_XPATH: Navigating segment '*' (axis=child) from 1 nodes
[DEBUG] DEBUG_XPATH:   Current context node: SaradcSent (type=container, path=/Mcu/GtmConfiguration/GtmConfiguration_0/GtmToPeripheral/GtmToPeripheral/SaradcSent, children=['ChannelId', 'GtmTriggerSelect'])
[DEBUG] DEBUG: Evaluating condition: $ChidIn = $ChidOut
[DEBUG] DEBUG: Comparison [$ChidIn = $ChidOut] => [None = None] Result: True
[DEBUG] DEBUG: Evaluating condition: $triggIn = $triggOut
[DEBUG] DEBUG: Comparison [$triggIn = $triggOut] => [both empty ''] Result: False
[DEBUG] DEBUG_XPATH: _parse_path('*[num:i($SaradcCheckindexIn + 1)]/GtmTriggerSelect') -> parts=['*[num:i($SaradcCheckindexIn + 1)]', 'GtmTriggerSelect']
[DEBUG] DEBUG_XPATH: Navigating segment '*' (axis=child) from 1 nodes
[DEBUG] DEBUG_XPATH:   Current context node: SaradcSent (type=container, path=/Mcu/GtmConfiguration/GtmConfiguration_0/GtmToPeripheral/GtmToPeripheral/SaradcSent, children=['ChannelId', 'GtmTriggerSelect'])
[DEBUG] DEBUG_XPATH: _parse_path('*[num:i($SaradcCheckindexIn + 1)]/GtmTriggerSelect') -> parts=['*[num:i($SaradcCheckindexIn + 1)]', 'GtmTriggerSelect']
[DEBUG] DEBUG_XPATH: Navigating segment '*' (axis=child) from 1 nodes
[DEBUG] DEBUG_XPATH:   Current context node: SaradcSent (type=container, path=/Mcu/GtmConfiguration/GtmConfiguration_0/GtmToPeripheral/GtmToPeripheral/SaradcSent, children=['ChannelId', 'GtmTriggerSelect'])
[DEBUG] DEBUG_XPATH: _parse_path('*[num:i($SaradcCheckindex + 1)]/GtmTriggerSelect') -> parts=['*[num:i($SaradcCheckindex + 1)]', 'GtmTriggerSelect']
[DEBUG] DEBUG_XPATH: Navigating segment '*' (axis=child) from 1 nodes
[DEBUG] DEBUG_XPATH:   Current context node: SaradcSent (type=container, path=/Mcu/GtmConfiguration/GtmConfiguration_0/GtmToPeripheral/GtmToPeripheral/SaradcSent, children=['ChannelId', 'GtmTriggerSelect'])
[DEBUG] DEBUG_XPATH: _parse_path('*[num:i($SaradcCheckindex + 1)]/GtmTriggerSelect') -> parts=['*[num:i($SaradcCheckindex + 1)]', 'GtmTriggerSelect']
[DEBUG] DEBUG_XPATH: Navigating segment '*' (axis=child) from 1 nodes
[DEBUG] DEBUG_XPATH:   Current context node: SaradcSent (type=container, path=/Mcu/GtmConfiguration/GtmConfiguration_0/GtmToPeripheral/GtmToPeripheral/SaradcSent, children=['ChannelId', 'GtmTriggerSelect'])
[DEBUG] DEBUG_XPATH: _parse_path('*[num:i($SaradcCheckindexIn + 1)]/ChannelId') -> parts=['*[num:i($SaradcCheckindexIn + 1)]', 'ChannelId']
[DEBUG] DEBUG_XPATH: Navigating segment '*' (axis=child) from 1 nodes
[DEBUG] DEBUG_XPATH:   Current context node: SaradcSent (type=container, path=/Mcu/GtmConfiguration/GtmConfiguration_0/GtmToPeripheral/GtmToPeripheral/SaradcSent, children=['ChannelId', 'GtmTriggerSelect'])
[DEBUG] DEBUG_XPATH: _parse_path('*[num:i($SaradcCheckindex + 1)]/ChannelId') -> parts=['*[num:i($SaradcCheckindex + 1)]', 'ChannelId']
[DEBUG] DEBUG_XPATH: Navigating segment '*' (axis=child) from 1 nodes
[DEBUG] DEBUG_XPATH:   Current context node: SaradcSent (type=container, path=/Mcu/GtmConfiguration/GtmConfiguration_0/GtmToPeripheral/GtmToPeripheral/SaradcSent, children=['ChannelId', 'GtmTriggerSelect'])
[DEBUG] DEBUG: Evaluating condition: $ChidIn = $ChidOut
[DEBUG] DEBUG: Comparison [$ChidIn = $ChidOut] => [None = None] Result: True
[DEBUG] DEBUG: Evaluating condition: $triggIn = $triggOut
[DEBUG] DEBUG: Comparison [$triggIn = $triggOut] => [both empty ''] Result: False
[DEBUG] DEBUG_XPATH: _parse_path('*[num:i($SaradcCheckindexIn + 1)]/GtmTriggerSelect') -> parts=['*[num:i($SaradcCheckindexIn + 1)]', 'GtmTriggerSelect']
[DEBUG] DEBUG_XPATH: Navigating segment '*' (axis=child) from 1 nodes
[DEBUG] DEBUG_XPATH:   Current context node: SaradcSent (type=container, path=/Mcu/GtmConfiguration/GtmConfiguration_0/GtmToPeripheral/GtmToPeripheral/SaradcSent, children=['ChannelId', 'GtmTriggerSelect'])
[DEBUG] DEBUG_XPATH: _parse_path('*[num:i($SaradcCheckindexIn + 1)]/GtmTriggerSelect') -> parts=['*[num:i($SaradcCheckindexIn + 1)]', 'GtmTriggerSelect']
[DEBUG] DEBUG_XPATH: Navigating segment '*' (axis=child) from 1 nodes
[DEBUG] DEBUG_XPATH:   Current context node: SaradcSent (type=container, path=/Mcu/GtmConfiguration/GtmConfiguration_0/GtmToPeripheral/GtmToPeripheral/SaradcSent, children=['ChannelId', 'GtmTriggerSelect'])
[DEBUG] DEBUG_XPATH: _parse_path('*[num:i($SaradcCheckindex + 1)]/GtmTriggerSelect') -> parts=['*[num:i($SaradcCheckindex + 1)]', 'GtmTriggerSelect']
[DEBUG] DEBUG_XPATH: Navigating segment '*' (axis=child) from 1 nodes
[DEBUG] DEBUG_XPATH:   Current context node: SaradcSent (type=container, path=/Mcu/GtmConfiguration/GtmConfiguration_0/GtmToPeripheral/GtmToPeripheral/SaradcSent, children=['ChannelId', 'GtmTriggerSelect'])
[DEBUG] DEBUG_XPATH: _parse_path('*[num:i($SaradcCheckindex + 1)]/GtmTriggerSelect') -> parts=['*[num:i($SaradcCheckindex + 1)]', 'GtmTriggerSelect']
[DEBUG] DEBUG_XPATH: Navigating segment '*' (axis=child) from 1 nodes
[DEBUG] DEBUG_XPATH:   Current context node: SaradcSent (type=container, path=/Mcu/GtmConfiguration/GtmConfiguration_0/GtmToPeripheral/GtmToPeripheral/SaradcSent, children=['ChannelId', 'GtmTriggerSelect'])
[DEBUG] DEBUG_XPATH: _parse_path('*[num:i($SaradcCheckindexIn + 1)]/ChannelId') -> parts=['*[num:i($SaradcCheckindexIn + 1)]', 'ChannelId']
[DEBUG] DEBUG_XPATH: Navigating segment '*' (axis=child) from 1 nodes
[DEBUG] DEBUG_XPATH:   Current context node: SaradcSent (type=container, path=/Mcu/GtmConfiguration/GtmConfiguration_0/GtmToPeripheral/GtmToPeripheral/SaradcSent, children=['ChannelId', 'GtmTriggerSelect'])
[DEBUG] DEBUG_XPATH: _parse_path('*[num:i($SaradcCheckindex + 1)]/ChannelId') -> parts=['*[num:i($SaradcCheckindex + 1)]', 'ChannelId']
[DEBUG] DEBUG_XPATH: Navigating segment '*' (axis=child) from 1 nodes
[DEBUG] DEBUG_XPATH:   Current context node: SaradcSent (type=container, path=/Mcu/GtmConfiguration/GtmConfiguration_0/GtmToPeripheral/GtmToPeripheral/SaradcSent, children=['ChannelId', 'GtmTriggerSelect'])
[DEBUG] DEBUG: Evaluating condition: $ChidIn = $ChidOut
[DEBUG] DEBUG: Comparison [$ChidIn = $ChidOut] => [None = None] Result: True
[DEBUG] DEBUG: Evaluating condition: $triggIn = $triggOut
[DEBUG] DEBUG: Comparison [$triggIn = $triggOut] => [both empty ''] Result: False
[DEBUG] DEBUG_XPATH: _parse_path('*[num:i($SaradcCheckindexIn + 1)]/GtmTriggerSelect') -> parts=['*[num:i($SaradcCheckindexIn + 1)]', 'GtmTriggerSelect']
[DEBUG] DEBUG_XPATH: Navigating segment '*' (axis=child) from 1 nodes
[DEBUG] DEBUG_XPATH:   Current context node: SaradcSent (type=container, path=/Mcu/GtmConfiguration/GtmConfiguration_0/GtmToPeripheral/GtmToPeripheral/SaradcSent, children=['ChannelId', 'GtmTriggerSelect'])
[DEBUG] DEBUG_XPATH: _parse_path('*[num:i($SaradcCheckindexIn + 1)]/GtmTriggerSelect') -> parts=['*[num:i($SaradcCheckindexIn + 1)]', 'GtmTriggerSelect']
[DEBUG] DEBUG_XPATH: Navigating segment '*' (axis=child) from 1 nodes
[DEBUG] DEBUG_XPATH:   Current context node: SaradcSent (type=container, path=/Mcu/GtmConfiguration/GtmConfiguration_0/GtmToPeripheral/GtmToPeripheral/SaradcSent, children=['ChannelId', 'GtmTriggerSelect'])
[DEBUG] DEBUG_XPATH: _parse_path('*[num:i($SaradcCheckindex + 1)]/GtmTriggerSelect') -> parts=['*[num:i($SaradcCheckindex + 1)]', 'GtmTriggerSelect']
[DEBUG] DEBUG_XPATH: Navigating segment '*' (axis=child) from 1 nodes
[DEBUG] DEBUG_XPATH:   Current context node: SaradcSent (type=container, path=/Mcu/GtmConfiguration/GtmConfiguration_0/GtmToPeripheral/GtmToPeripheral/SaradcSent, children=['ChannelId', 'GtmTriggerSelect'])
[DEBUG] DEBUG_XPATH: _parse_path('*[num:i($SaradcCheckindex + 1)]/GtmTriggerSelect') -> parts=['*[num:i($SaradcCheckindex + 1)]', 'GtmTriggerSelect']
[DEBUG] DEBUG_XPATH: Navigating segment '*' (axis=child) from 1 nodes
[DEBUG] DEBUG_XPATH:   Current context node: SaradcSent (type=container, path=/Mcu/GtmConfiguration/GtmConfiguration_0/GtmToPeripheral/GtmToPeripheral/SaradcSent, children=['ChannelId', 'GtmTriggerSelect'])
[DEBUG] DEBUG_XPATH: _parse_path('*[num:i($SaradcCheckindexIn + 1)]/ChannelId') -> parts=['*[num:i($SaradcCheckindexIn + 1)]', 'ChannelId']
[DEBUG] DEBUG_XPATH: Navigating segment '*' (axis=child) from 1 nodes
[DEBUG] DEBUG_XPATH:   Current context node: SaradcSent (type=container, path=/Mcu/GtmConfiguration/GtmConfiguration_0/GtmToPeripheral/GtmToPeripheral/SaradcSent, children=['ChannelId', 'GtmTriggerSelect'])
[DEBUG] DEBUG_XPATH: _parse_path('*[num:i($SaradcCheckindex + 1)]/ChannelId') -> parts=['*[num:i($SaradcCheckindex + 1)]', 'ChannelId']
[DEBUG] DEBUG_XPATH: Navigating segment '*' (axis=child) from 1 nodes
[DEBUG] DEBUG_XPATH:   Current context node: SaradcSent (type=container, path=/Mcu/GtmConfiguration/GtmConfiguration_0/GtmToPeripheral/GtmToPeripheral/SaradcSent, children=['ChannelId', 'GtmTriggerSelect'])
[DEBUG] DEBUG: Evaluating condition: $ChidIn = $ChidOut
[DEBUG] DEBUG: Comparison [$ChidIn = $ChidOut] => [None = None] Result: True
[DEBUG] DEBUG: Evaluating condition: $triggIn = $triggOut
[DEBUG] DEBUG: Comparison [$triggIn = $triggOut] => [both empty ''] Result: False
[DEBUG] DEBUG_XPATH: _parse_path('*[num:i($SaradcCheckindexIn + 1)]/GtmTriggerSelect') -> parts=['*[num:i($SaradcCheckindexIn + 1)]', 'GtmTriggerSelect']
[DEBUG] DEBUG_XPATH: Navigating segment '*' (axis=child) from 1 nodes
[DEBUG] DEBUG_XPATH:   Current context node: SaradcSent (type=container, path=/Mcu/GtmConfiguration/GtmConfiguration_0/GtmToPeripheral/GtmToPeripheral/SaradcSent, children=['ChannelId', 'GtmTriggerSelect'])
[DEBUG] DEBUG_XPATH: _parse_path('*[num:i($SaradcCheckindexIn + 1)]/GtmTriggerSelect') -> parts=['*[num:i($SaradcCheckindexIn + 1)]', 'GtmTriggerSelect']
[DEBUG] DEBUG_XPATH: Navigating segment '*' (axis=child) from 1 nodes
[DEBUG] DEBUG_XPATH:   Current context node: SaradcSent (type=container, path=/Mcu/GtmConfiguration/GtmConfiguration_0/GtmToPeripheral/GtmToPeripheral/SaradcSent, children=['ChannelId', 'GtmTriggerSelect'])
[DEBUG] DEBUG_XPATH: _parse_path('*[num:i($SaradcCheckindex + 1)]/GtmTriggerSelect') -> parts=['*[num:i($SaradcCheckindex + 1)]', 'GtmTriggerSelect']
[DEBUG] DEBUG_XPATH: Navigating segment '*' (axis=child) from 1 nodes
[DEBUG] DEBUG_XPATH:   Current context node: SaradcSent (type=container, path=/Mcu/GtmConfiguration/GtmConfiguration_0/GtmToPeripheral/GtmToPeripheral/SaradcSent, children=['ChannelId', 'GtmTriggerSelect'])
[DEBUG] DEBUG_XPATH: _parse_path('*[num:i($SaradcCheckindex + 1)]/GtmTriggerSelect') -> parts=['*[num:i($SaradcCheckindex + 1)]', 'GtmTriggerSelect']
[DEBUG] DEBUG_XPATH: Navigating segment '*' (axis=child) from 1 nodes
[DEBUG] DEBUG_XPATH:   Current context node: SaradcSent (type=container, path=/Mcu/GtmConfiguration/GtmConfiguration_0/GtmToPeripheral/GtmToPeripheral/SaradcSent, children=['ChannelId', 'GtmTriggerSelect'])
[DEBUG] DEBUG_XPATH: _parse_path('*[num:i($SaradcCheckindexIn + 1)]/ChannelId') -> parts=['*[num:i($SaradcCheckindexIn + 1)]', 'ChannelId']
[DEBUG] DEBUG_XPATH: Navigating segment '*' (axis=child) from 1 nodes
[DEBUG] DEBUG_XPATH:   Current context node: SaradcSent (type=container, path=/Mcu/GtmConfiguration/GtmConfiguration_0/GtmToPeripheral/GtmToPeripheral/SaradcSent, children=['ChannelId', 'GtmTriggerSelect'])
[DEBUG] DEBUG_XPATH: _parse_path('*[num:i($SaradcCheckindex + 1)]/ChannelId') -> parts=['*[num:i($SaradcCheckindex + 1)]', 'ChannelId']
[DEBUG] DEBUG_XPATH: Navigating segment '*' (axis=child) from 1 nodes
[DEBUG] DEBUG_XPATH:   Current context node: SaradcSent (type=container, path=/Mcu/GtmConfiguration/GtmConfiguration_0/GtmToPeripheral/GtmToPeripheral/SaradcSent, children=['ChannelId', 'GtmTriggerSelect'])
[DEBUG] DEBUG: Evaluating condition: $ChidIn = $ChidOut
[DEBUG] DEBUG: Comparison [$ChidIn = $ChidOut] => [None = None] Result: True
[DEBUG] DEBUG: Evaluating condition: $triggIn = $triggOut
[DEBUG] DEBUG: Comparison [$triggIn = $triggOut] => [both empty ''] Result: False
[DEBUG] DEBUG_XPATH: _parse_path('*[num:i($SaradcCheckindexIn + 1)]/GtmTriggerSelect') -> parts=['*[num:i($SaradcCheckindexIn + 1)]', 'GtmTriggerSelect']
[DEBUG] DEBUG_XPATH: Navigating segment '*' (axis=child) from 1 nodes
[DEBUG] DEBUG_XPATH:   Current context node: SaradcSent (type=container, path=/Mcu/GtmConfiguration/GtmConfiguration_0/GtmToPeripheral/GtmToPeripheral/SaradcSent, children=['ChannelId', 'GtmTriggerSelect'])
[DEBUG] DEBUG_XPATH: _parse_path('*[num:i($SaradcCheckindexIn + 1)]/GtmTriggerSelect') -> parts=['*[num:i($SaradcCheckindexIn + 1)]', 'GtmTriggerSelect']
[DEBUG] DEBUG_XPATH: Navigating segment '*' (axis=child) from 1 nodes
[DEBUG] DEBUG_XPATH:   Current context node: SaradcSent (type=container, path=/Mcu/GtmConfiguration/GtmConfiguration_0/GtmToPeripheral/GtmToPeripheral/SaradcSent, children=['ChannelId', 'GtmTriggerSelect'])
[DEBUG] DEBUG_XPATH: _parse_path('*[num:i($SaradcCheckindex + 1)]/GtmTriggerSelect') -> parts=['*[num:i($SaradcCheckindex + 1)]', 'GtmTriggerSelect']
[DEBUG] DEBUG_XPATH: Navigating segment '*' (axis=child) from 1 nodes
[DEBUG] DEBUG_XPATH:   Current context node: SaradcSent (type=container, path=/Mcu/GtmConfiguration/GtmConfiguration_0/GtmToPeripheral/GtmToPeripheral/SaradcSent, children=['ChannelId', 'GtmTriggerSelect'])
[DEBUG] DEBUG_XPATH: _parse_path('*[num:i($SaradcCheckindex + 1)]/GtmTriggerSelect') -> parts=['*[num:i($SaradcCheckindex + 1)]', 'GtmTriggerSelect']
[DEBUG] DEBUG_XPATH: Navigating segment '*' (axis=child) from 1 nodes
[DEBUG] DEBUG_XPATH:   Current context node: SaradcSent (type=container, path=/Mcu/GtmConfiguration/GtmConfiguration_0/GtmToPeripheral/GtmToPeripheral/SaradcSent, children=['ChannelId', 'GtmTriggerSelect'])
[DEBUG] DEBUG_XPATH: _parse_path('*[num:i($SaradcCheckindexIn + 1)]/ChannelId') -> parts=['*[num:i($SaradcCheckindexIn + 1)]', 'ChannelId']
[DEBUG] DEBUG_XPATH: Navigating segment '*' (axis=child) from 1 nodes
[DEBUG] DEBUG_XPATH:   Current context node: SaradcSent (type=container, path=/Mcu/GtmConfiguration/GtmConfiguration_0/GtmToPeripheral/GtmToPeripheral/SaradcSent, children=['ChannelId', 'GtmTriggerSelect'])
[DEBUG] DEBUG_XPATH: _parse_path('*[num:i($SaradcCheckindex + 1)]/ChannelId') -> parts=['*[num:i($SaradcCheckindex + 1)]', 'ChannelId']
[DEBUG] DEBUG_XPATH: Navigating segment '*' (axis=child) from 1 nodes
[DEBUG] DEBUG_XPATH:   Current context node: SaradcSent (type=container, path=/Mcu/GtmConfiguration/GtmConfiguration_0/GtmToPeripheral/GtmToPeripheral/SaradcSent, children=['ChannelId', 'GtmTriggerSelect'])
[DEBUG] DEBUG: Evaluating condition: $ChidIn = $ChidOut
[DEBUG] DEBUG: Comparison [$ChidIn = $ChidOut] => [None = None] Result: True
[DEBUG] DEBUG: Evaluating condition: $triggIn = $triggOut
[DEBUG] DEBUG: Comparison [$triggIn = $triggOut] => [both empty ''] Result: False
[DEBUG] DEBUG_XPATH: _parse_path('*[num:i($SaradcCheckindexIn + 1)]/GtmTriggerSelect') -> parts=['*[num:i($SaradcCheckindexIn + 1)]', 'GtmTriggerSelect']
[DEBUG] DEBUG_XPATH: Navigating segment '*' (axis=child) from 1 nodes
[DEBUG] DEBUG_XPATH:   Current context node: SaradcSent (type=container, path=/Mcu/GtmConfiguration/GtmConfiguration_0/GtmToPeripheral/GtmToPeripheral/SaradcSent, children=['ChannelId', 'GtmTriggerSelect'])
[DEBUG] DEBUG_XPATH: _parse_path('*[num:i($SaradcCheckindexIn + 1)]/GtmTriggerSelect') -> parts=['*[num:i($SaradcCheckindexIn + 1)]', 'GtmTriggerSelect']
[DEBUG] DEBUG_XPATH: Navigating segment '*' (axis=child) from 1 nodes
[DEBUG] DEBUG_XPATH:   Current context node: SaradcSent (type=container, path=/Mcu/GtmConfiguration/GtmConfiguration_0/GtmToPeripheral/GtmToPeripheral/SaradcSent, children=['ChannelId', 'GtmTriggerSelect'])
[DEBUG] DEBUG_XPATH: _parse_path('*[num:i($SaradcCheckindex + 1)]/GtmTriggerSelect') -> parts=['*[num:i($SaradcCheckindex + 1)]', 'GtmTriggerSelect']
[DEBUG] DEBUG_XPATH: Navigating segment '*' (axis=child) from 1 nodes
[DEBUG] DEBUG_XPATH:   Current context node: SaradcSent (type=container, path=/Mcu/GtmConfiguration/GtmConfiguration_0/GtmToPeripheral/GtmToPeripheral/SaradcSent, children=['ChannelId', 'GtmTriggerSelect'])
[DEBUG] DEBUG_XPATH: _parse_path('*[num:i($SaradcCheckindex + 1)]/GtmTriggerSelect') -> parts=['*[num:i($SaradcCheckindex + 1)]', 'GtmTriggerSelect']
[DEBUG] DEBUG_XPATH: Navigating segment '*' (axis=child) from 1 nodes
[DEBUG] DEBUG_XPATH:   Current context node: SaradcSent (type=container, path=/Mcu/GtmConfiguration/GtmConfiguration_0/GtmToPeripheral/GtmToPeripheral/SaradcSent, children=['ChannelId', 'GtmTriggerSelect'])
[DEBUG] DEBUG_XPATH: _parse_path('*[num:i($SaradcCheckindexIn + 1)]/ChannelId') -> parts=['*[num:i($SaradcCheckindexIn + 1)]', 'ChannelId']
[DEBUG] DEBUG_XPATH: Navigating segment '*' (axis=child) from 1 nodes
[DEBUG] DEBUG_XPATH:   Current context node: SaradcSent (type=container, path=/Mcu/GtmConfiguration/GtmConfiguration_0/GtmToPeripheral/GtmToPeripheral/SaradcSent, children=['ChannelId', 'GtmTriggerSelect'])
[DEBUG] DEBUG_XPATH: _parse_path('*[num:i($SaradcCheckindex + 1)]/ChannelId') -> parts=['*[num:i($SaradcCheckindex + 1)]', 'ChannelId']
[DEBUG] DEBUG_XPATH: Navigating segment '*' (axis=child) from 1 nodes
[DEBUG] DEBUG_XPATH:   Current context node: SaradcSent (type=container, path=/Mcu/GtmConfiguration/GtmConfiguration_0/GtmToPeripheral/GtmToPeripheral/SaradcSent, children=['ChannelId', 'GtmTriggerSelect'])
[DEBUG] DEBUG: Evaluating condition: $ChidIn = $ChidOut
[DEBUG] DEBUG: Comparison [$ChidIn = $ChidOut] => [None = None] Result: True
[DEBUG] DEBUG: Evaluating condition: $triggIn = $triggOut
[DEBUG] DEBUG: Comparison [$triggIn = $triggOut] => [both empty ''] Result: False
[DEBUG] DEBUG_XPATH: _parse_path('*[num:i($SaradcCheckindexIn + 1)]/GtmTriggerSelect') -> parts=['*[num:i($SaradcCheckindexIn + 1)]', 'GtmTriggerSelect']
[DEBUG] DEBUG_XPATH: Navigating segment '*' (axis=child) from 1 nodes
[DEBUG] DEBUG_XPATH:   Current context node: SaradcSent (type=container, path=/Mcu/GtmConfiguration/GtmConfiguration_0/GtmToPeripheral/GtmToPeripheral/SaradcSent, children=['ChannelId', 'GtmTriggerSelect'])
[DEBUG] DEBUG_XPATH: _parse_path('*[num:i($SaradcCheckindexIn + 1)]/GtmTriggerSelect') -> parts=['*[num:i($SaradcCheckindexIn + 1)]', 'GtmTriggerSelect']
[DEBUG] DEBUG_XPATH: Navigating segment '*' (axis=child) from 1 nodes
[DEBUG] DEBUG_XPATH:   Current context node: SaradcSent (type=container, path=/Mcu/GtmConfiguration/GtmConfiguration_0/GtmToPeripheral/GtmToPeripheral/SaradcSent, children=['ChannelId', 'GtmTriggerSelect'])
[DEBUG] DEBUG_XPATH: _parse_path('*[num:i($SaradcCheckindex + 1)]/GtmTriggerSelect') -> parts=['*[num:i($SaradcCheckindex + 1)]', 'GtmTriggerSelect']
[DEBUG] DEBUG_XPATH: Navigating segment '*' (axis=child) from 1 nodes
[DEBUG] DEBUG_XPATH:   Current context node: SaradcSent (type=container, path=/Mcu/GtmConfiguration/GtmConfiguration_0/GtmToPeripheral/GtmToPeripheral/SaradcSent, children=['ChannelId', 'GtmTriggerSelect'])
[DEBUG] DEBUG_XPATH: _parse_path('*[num:i($SaradcCheckindex + 1)]/GtmTriggerSelect') -> parts=['*[num:i($SaradcCheckindex + 1)]', 'GtmTriggerSelect']
[DEBUG] DEBUG_XPATH: Navigating segment '*' (axis=child) from 1 nodes
[DEBUG] DEBUG_XPATH:   Current context node: SaradcSent (type=container, path=/Mcu/GtmConfiguration/GtmConfiguration_0/GtmToPeripheral/GtmToPeripheral/SaradcSent, children=['ChannelId', 'GtmTriggerSelect'])
[DEBUG] DEBUG_XPATH: _parse_path('*[num:i($SaradcCheckindexIn + 1)]/ChannelId') -> parts=['*[num:i($SaradcCheckindexIn + 1)]', 'ChannelId']
[DEBUG] DEBUG_XPATH: Navigating segment '*' (axis=child) from 1 nodes
[DEBUG] DEBUG_XPATH:   Current context node: SaradcSent (type=container, path=/Mcu/GtmConfiguration/GtmConfiguration_0/GtmToPeripheral/GtmToPeripheral/SaradcSent, children=['ChannelId', 'GtmTriggerSelect'])
[DEBUG] DEBUG_XPATH: _parse_path('*[num:i($SaradcCheckindex + 1)]/ChannelId') -> parts=['*[num:i($SaradcCheckindex + 1)]', 'ChannelId']
[DEBUG] DEBUG_XPATH: Navigating segment '*' (axis=child) from 1 nodes
[DEBUG] DEBUG_XPATH:   Current context node: SaradcSent (type=container, path=/Mcu/GtmConfiguration/GtmConfiguration_0/GtmToPeripheral/GtmToPeripheral/SaradcSent, children=['ChannelId', 'GtmTriggerSelect'])
[DEBUG] DEBUG: Evaluating condition: $ChidIn = $ChidOut
[DEBUG] DEBUG: Comparison [$ChidIn = $ChidOut] => [None = None] Result: True
[DEBUG] DEBUG: Evaluating condition: $triggIn = $triggOut
[DEBUG] DEBUG: Comparison [$triggIn = $triggOut] => [both empty ''] Result: False
[DEBUG] DEBUG_XPATH: _parse_path('*[num:i($SaradcCheckindexIn + 1)]/GtmTriggerSelect') -> parts=['*[num:i($SaradcCheckindexIn + 1)]', 'GtmTriggerSelect']
[DEBUG] DEBUG_XPATH: Navigating segment '*' (axis=child) from 1 nodes
[DEBUG] DEBUG_XPATH:   Current context node: SaradcSent (type=container, path=/Mcu/GtmConfiguration/GtmConfiguration_0/GtmToPeripheral/GtmToPeripheral/SaradcSent, children=['ChannelId', 'GtmTriggerSelect'])
[DEBUG] DEBUG_XPATH: _parse_path('*[num:i($SaradcCheckindexIn + 1)]/GtmTriggerSelect') -> parts=['*[num:i($SaradcCheckindexIn + 1)]', 'GtmTriggerSelect']
[DEBUG] DEBUG_XPATH: Navigating segment '*' (axis=child) from 1 nodes
[DEBUG] DEBUG_XPATH:   Current context node: SaradcSent (type=container, path=/Mcu/GtmConfiguration/GtmConfiguration_0/GtmToPeripheral/GtmToPeripheral/SaradcSent, children=['ChannelId', 'GtmTriggerSelect'])
[DEBUG] DEBUG_XPATH: _parse_path('*[num:i($SaradcCheckindex + 1)]/GtmTriggerSelect') -> parts=['*[num:i($SaradcCheckindex + 1)]', 'GtmTriggerSelect']
[DEBUG] DEBUG_XPATH: Navigating segment '*' (axis=child) from 1 nodes
[DEBUG] DEBUG_XPATH:   Current context node: SaradcSent (type=container, path=/Mcu/GtmConfiguration/GtmConfiguration_0/GtmToPeripheral/GtmToPeripheral/SaradcSent, children=['ChannelId', 'GtmTriggerSelect'])
[DEBUG] DEBUG_XPATH: _parse_path('*[num:i($SaradcCheckindex + 1)]/GtmTriggerSelect') -> parts=['*[num:i($SaradcCheckindex + 1)]', 'GtmTriggerSelect']
[DEBUG] DEBUG_XPATH: Navigating segment '*' (axis=child) from 1 nodes
[DEBUG] DEBUG_XPATH:   Current context node: SaradcSent (type=container, path=/Mcu/GtmConfiguration/GtmConfiguration_0/GtmToPeripheral/GtmToPeripheral/SaradcSent, children=['ChannelId', 'GtmTriggerSelect'])
[DEBUG] DEBUG_XPATH: _parse_path('*[num:i($SaradcCheckindexIn + 1)]/ChannelId') -> parts=['*[num:i($SaradcCheckindexIn + 1)]', 'ChannelId']
[DEBUG] DEBUG_XPATH: Navigating segment '*' (axis=child) from 1 nodes
[DEBUG] DEBUG_XPATH:   Current context node: SaradcSent (type=container, path=/Mcu/GtmConfiguration/GtmConfiguration_0/GtmToPeripheral/GtmToPeripheral/SaradcSent, children=['ChannelId', 'GtmTriggerSelect'])
[DEBUG] DEBUG_XPATH: _parse_path('*[num:i($SaradcCheckindex + 1)]/ChannelId') -> parts=['*[num:i($SaradcCheckindex + 1)]', 'ChannelId']
[DEBUG] DEBUG_XPATH: Navigating segment '*' (axis=child) from 1 nodes
[DEBUG] DEBUG_XPATH:   Current context node: SaradcSent (type=container, path=/Mcu/GtmConfiguration/GtmConfiguration_0/GtmToPeripheral/GtmToPeripheral/SaradcSent, children=['ChannelId', 'GtmTriggerSelect'])
[DEBUG] DEBUG: Evaluating condition: $ChidIn = $ChidOut
[DEBUG] DEBUG: Comparison [$ChidIn = $ChidOut] => [None = None] Result: True
[DEBUG] DEBUG: Evaluating condition: $triggIn = $triggOut
[DEBUG] DEBUG: Comparison [$triggIn = $triggOut] => [both empty ''] Result: False
[DEBUG] DEBUG_XPATH: _parse_path('*[num:i($SaradcCheckindexIn + 1)]/GtmTriggerSelect') -> parts=['*[num:i($SaradcCheckindexIn + 1)]', 'GtmTriggerSelect']
[DEBUG] DEBUG_XPATH: Navigating segment '*' (axis=child) from 1 nodes
[DEBUG] DEBUG_XPATH:   Current context node: SaradcSent (type=container, path=/Mcu/GtmConfiguration/GtmConfiguration_0/GtmToPeripheral/GtmToPeripheral/SaradcSent, children=['ChannelId', 'GtmTriggerSelect'])
[DEBUG] DEBUG_XPATH: _parse_path('*[num:i($SaradcCheckindexIn + 1)]/GtmTriggerSelect') -> parts=['*[num:i($SaradcCheckindexIn + 1)]', 'GtmTriggerSelect']
[DEBUG] DEBUG_XPATH: Navigating segment '*' (axis=child) from 1 nodes
[DEBUG] DEBUG_XPATH:   Current context node: SaradcSent (type=container, path=/Mcu/GtmConfiguration/GtmConfiguration_0/GtmToPeripheral/GtmToPeripheral/SaradcSent, children=['ChannelId', 'GtmTriggerSelect'])
[DEBUG] DEBUG_XPATH: _parse_path('*[num:i($SaradcCheckindex + 1)]/GtmTriggerSelect') -> parts=['*[num:i($SaradcCheckindex + 1)]', 'GtmTriggerSelect']
[DEBUG] DEBUG_XPATH: Navigating segment '*' (axis=child) from 1 nodes
[DEBUG] DEBUG_XPATH:   Current context node: SaradcSent (type=container, path=/Mcu/GtmConfiguration/GtmConfiguration_0/GtmToPeripheral/GtmToPeripheral/SaradcSent, children=['ChannelId', 'GtmTriggerSelect'])
[DEBUG] DEBUG_XPATH: _parse_path('*[num:i($SaradcCheckindex + 1)]/GtmTriggerSelect') -> parts=['*[num:i($SaradcCheckindex + 1)]', 'GtmTriggerSelect']
[DEBUG] DEBUG_XPATH: Navigating segment '*' (axis=child) from 1 nodes
[DEBUG] DEBUG_XPATH:   Current context node: SaradcSent (type=container, path=/Mcu/GtmConfiguration/GtmConfiguration_0/GtmToPeripheral/GtmToPeripheral/SaradcSent, children=['ChannelId', 'GtmTriggerSelect'])
[DEBUG] DEBUG_XPATH: _parse_path('*[num:i($SaradcCheckindexIn + 1)]/ChannelId') -> parts=['*[num:i($SaradcCheckindexIn + 1)]', 'ChannelId']
[DEBUG] DEBUG_XPATH: Navigating segment '*' (axis=child) from 1 nodes
[DEBUG] DEBUG_XPATH:   Current context node: SaradcSent (type=container, path=/Mcu/GtmConfiguration/GtmConfiguration_0/GtmToPeripheral/GtmToPeripheral/SaradcSent, children=['ChannelId', 'GtmTriggerSelect'])
[DEBUG] DEBUG_XPATH: _parse_path('*[num:i($SaradcCheckindex + 1)]/ChannelId') -> parts=['*[num:i($SaradcCheckindex + 1)]', 'ChannelId']
[DEBUG] DEBUG_XPATH: Navigating segment '*' (axis=child) from 1 nodes
[DEBUG] DEBUG_XPATH:   Current context node: SaradcSent (type=container, path=/Mcu/GtmConfiguration/GtmConfiguration_0/GtmToPeripheral/GtmToPeripheral/SaradcSent, children=['ChannelId', 'GtmTriggerSelect'])
[DEBUG] DEBUG: Evaluating condition: $ChidIn = $ChidOut
[DEBUG] DEBUG: Comparison [$ChidIn = $ChidOut] => [None = None] Result: True
[DEBUG] DEBUG: Evaluating condition: $triggIn = $triggOut
[DEBUG] DEBUG: Comparison [$triggIn = $triggOut] => [both empty ''] Result: False
[DEBUG] DEBUG_XPATH: _parse_path('*[num:i($SaradcCheckindexIn + 1)]/GtmTriggerSelect') -> parts=['*[num:i($SaradcCheckindexIn + 1)]', 'GtmTriggerSelect']
[DEBUG] DEBUG_XPATH: Navigating segment '*' (axis=child) from 1 nodes
[DEBUG] DEBUG_XPATH:   Current context node: SaradcSent (type=container, path=/Mcu/GtmConfiguration/GtmConfiguration_0/GtmToPeripheral/GtmToPeripheral/SaradcSent, children=['ChannelId', 'GtmTriggerSelect'])
[DEBUG] DEBUG_XPATH: _parse_path('*[num:i($SaradcCheckindexIn + 1)]/GtmTriggerSelect') -> parts=['*[num:i($SaradcCheckindexIn + 1)]', 'GtmTriggerSelect']
[DEBUG] DEBUG_XPATH: Navigating segment '*' (axis=child) from 1 nodes
[DEBUG] DEBUG_XPATH:   Current context node: SaradcSent (type=container, path=/Mcu/GtmConfiguration/GtmConfiguration_0/GtmToPeripheral/GtmToPeripheral/SaradcSent, children=['ChannelId', 'GtmTriggerSelect'])
[DEBUG] DEBUG_XPATH: _parse_path('*[num:i($SaradcCheckindex + 1)]/GtmTriggerSelect') -> parts=['*[num:i($SaradcCheckindex + 1)]', 'GtmTriggerSelect']
[DEBUG] DEBUG_XPATH: Navigating segment '*' (axis=child) from 1 nodes
[DEBUG] DEBUG_XPATH:   Current context node: SaradcSent (type=container, path=/Mcu/GtmConfiguration/GtmConfiguration_0/GtmToPeripheral/GtmToPeripheral/SaradcSent, children=['ChannelId', 'GtmTriggerSelect'])
[DEBUG] DEBUG_XPATH: _parse_path('*[num:i($SaradcCheckindex + 1)]/GtmTriggerSelect') -> parts=['*[num:i($SaradcCheckindex + 1)]', 'GtmTriggerSelect']
[DEBUG] DEBUG_XPATH: Navigating segment '*' (axis=child) from 1 nodes
[DEBUG] DEBUG_XPATH:   Current context node: SaradcSent (type=container, path=/Mcu/GtmConfiguration/GtmConfiguration_0/GtmToPeripheral/GtmToPeripheral/SaradcSent, children=['ChannelId', 'GtmTriggerSelect'])
[DEBUG] DEBUG_XPATH: _parse_path('*[num:i($SaradcCheckindexIn + 1)]/ChannelId') -> parts=['*[num:i($SaradcCheckindexIn + 1)]', 'ChannelId']
[DEBUG] DEBUG_XPATH: Navigating segment '*' (axis=child) from 1 nodes
[DEBUG] DEBUG_XPATH:   Current context node: SaradcSent (type=container, path=/Mcu/GtmConfiguration/GtmConfiguration_0/GtmToPeripheral/GtmToPeripheral/SaradcSent, children=['ChannelId', 'GtmTriggerSelect'])
[DEBUG] DEBUG_XPATH: _parse_path('*[num:i($SaradcCheckindex + 1)]/ChannelId') -> parts=['*[num:i($SaradcCheckindex + 1)]', 'ChannelId']
[DEBUG] DEBUG_XPATH: Navigating segment '*' (axis=child) from 1 nodes
[DEBUG] DEBUG_XPATH:   Current context node: SaradcSent (type=container, path=/Mcu/GtmConfiguration/GtmConfiguration_0/GtmToPeripheral/GtmToPeripheral/SaradcSent, children=['ChannelId', 'GtmTriggerSelect'])
[DEBUG] DEBUG: Evaluating condition: $ChidIn = $ChidOut
[DEBUG] DEBUG: Comparison [$ChidIn = $ChidOut] => [None = None] Result: True
[DEBUG] DEBUG: Evaluating condition: $triggIn = $triggOut
[DEBUG] DEBUG: Comparison [$triggIn = $triggOut] => [both empty ''] Result: False
[DEBUG] DEBUG_XPATH: _parse_path('*[num:i($SaradcCheckindexIn + 1)]/GtmTriggerSelect') -> parts=['*[num:i($SaradcCheckindexIn + 1)]', 'GtmTriggerSelect']
[DEBUG] DEBUG_XPATH: Navigating segment '*' (axis=child) from 1 nodes
[DEBUG] DEBUG_XPATH:   Current context node: SaradcSent (type=container, path=/Mcu/GtmConfiguration/GtmConfiguration_0/GtmToPeripheral/GtmToPeripheral/SaradcSent, children=['ChannelId', 'GtmTriggerSelect'])
[DEBUG] DEBUG_XPATH: _parse_path('*[num:i($SaradcCheckindexIn + 1)]/GtmTriggerSelect') -> parts=['*[num:i($SaradcCheckindexIn + 1)]', 'GtmTriggerSelect']
[DEBUG] DEBUG_XPATH: Navigating segment '*' (axis=child) from 1 nodes
[DEBUG] DEBUG_XPATH:   Current context node: SaradcSent (type=container, path=/Mcu/GtmConfiguration/GtmConfiguration_0/GtmToPeripheral/GtmToPeripheral/SaradcSent, children=['ChannelId', 'GtmTriggerSelect'])
[DEBUG] DEBUG_XPATH: _parse_path('*[num:i($SaradcCheckindex + 1)]/GtmTriggerSelect') -> parts=['*[num:i($SaradcCheckindex + 1)]', 'GtmTriggerSelect']
[DEBUG] DEBUG_XPATH: Navigating segment '*' (axis=child) from 1 nodes
[DEBUG] DEBUG_XPATH:   Current context node: SaradcSent (type=container, path=/Mcu/GtmConfiguration/GtmConfiguration_0/GtmToPeripheral/GtmToPeripheral/SaradcSent, children=['ChannelId', 'GtmTriggerSelect'])
[DEBUG] DEBUG_XPATH: _parse_path('*[num:i($SaradcCheckindex + 1)]/GtmTriggerSelect') -> parts=['*[num:i($SaradcCheckindex + 1)]', 'GtmTriggerSelect']
[DEBUG] DEBUG_XPATH: Navigating segment '*' (axis=child) from 1 nodes
[DEBUG] DEBUG_XPATH:   Current context node: SaradcSent (type=container, path=/Mcu/GtmConfiguration/GtmConfiguration_0/GtmToPeripheral/GtmToPeripheral/SaradcSent, children=['ChannelId', 'GtmTriggerSelect'])
[DEBUG] DEBUG_XPATH: _parse_path('*[num:i($SaradcCheckindexIn + 1)]/ChannelId') -> parts=['*[num:i($SaradcCheckindexIn + 1)]', 'ChannelId']
[DEBUG] DEBUG_XPATH: Navigating segment '*' (axis=child) from 1 nodes
[DEBUG] DEBUG_XPATH:   Current context node: SaradcSent (type=container, path=/Mcu/GtmConfiguration/GtmConfiguration_0/GtmToPeripheral/GtmToPeripheral/SaradcSent, children=['ChannelId', 'GtmTriggerSelect'])
[DEBUG] DEBUG_XPATH: _parse_path('*[num:i($SaradcCheckindex + 1)]/ChannelId') -> parts=['*[num:i($SaradcCheckindex + 1)]', 'ChannelId']
[DEBUG] DEBUG_XPATH: Navigating segment '*' (axis=child) from 1 nodes
[DEBUG] DEBUG_XPATH:   Current context node: SaradcSent (type=container, path=/Mcu/GtmConfiguration/GtmConfiguration_0/GtmToPeripheral/GtmToPeripheral/SaradcSent, children=['ChannelId', 'GtmTriggerSelect'])
[DEBUG] DEBUG: Evaluating condition: $ChidIn = $ChidOut
[DEBUG] DEBUG: Comparison [$ChidIn = $ChidOut] => [None = None] Result: True
[DEBUG] DEBUG: Evaluating condition: $triggIn = $triggOut
[DEBUG] DEBUG: Comparison [$triggIn = $triggOut] => [both empty ''] Result: False
[DEBUG] DEBUG_XPATH: _parse_path('*[num:i($SaradcCheckindexIn + 1)]/GtmTriggerSelect') -> parts=['*[num:i($SaradcCheckindexIn + 1)]', 'GtmTriggerSelect']
[DEBUG] DEBUG_XPATH: Navigating segment '*' (axis=child) from 1 nodes
[DEBUG] DEBUG_XPATH:   Current context node: SaradcSent (type=container, path=/Mcu/GtmConfiguration/GtmConfiguration_0/GtmToPeripheral/GtmToPeripheral/SaradcSent, children=['ChannelId', 'GtmTriggerSelect'])
[DEBUG] DEBUG_XPATH: _parse_path('*[num:i($SaradcCheckindexIn + 1)]/GtmTriggerSelect') -> parts=['*[num:i($SaradcCheckindexIn + 1)]', 'GtmTriggerSelect']
[DEBUG] DEBUG_XPATH: Navigating segment '*' (axis=child) from 1 nodes
[DEBUG] DEBUG_XPATH:   Current context node: SaradcSent (type=container, path=/Mcu/GtmConfiguration/GtmConfiguration_0/GtmToPeripheral/GtmToPeripheral/SaradcSent, children=['ChannelId', 'GtmTriggerSelect'])
[DEBUG] DEBUG_XPATH: _parse_path('*[num:i($SaradcCheckindex + 1)]/GtmTriggerSelect') -> parts=['*[num:i($SaradcCheckindex + 1)]', 'GtmTriggerSelect']
[DEBUG] DEBUG_XPATH: Navigating segment '*' (axis=child) from 1 nodes
[DEBUG] DEBUG_XPATH:   Current context node: SaradcSent (type=container, path=/Mcu/GtmConfiguration/GtmConfiguration_0/GtmToPeripheral/GtmToPeripheral/SaradcSent, children=['ChannelId', 'GtmTriggerSelect'])
[DEBUG] DEBUG_XPATH: _parse_path('*[num:i($SaradcCheckindex + 1)]/GtmTriggerSelect') -> parts=['*[num:i($SaradcCheckindex + 1)]', 'GtmTriggerSelect']
[DEBUG] DEBUG_XPATH: Navigating segment '*' (axis=child) from 1 nodes
[DEBUG] DEBUG_XPATH:   Current context node: SaradcSent (type=container, path=/Mcu/GtmConfiguration/GtmConfiguration_0/GtmToPeripheral/GtmToPeripheral/SaradcSent, children=['ChannelId', 'GtmTriggerSelect'])
[DEBUG] DEBUG_XPATH: _parse_path('*[num:i($SaradcCheckindexIn + 1)]/ChannelId') -> parts=['*[num:i($SaradcCheckindexIn + 1)]', 'ChannelId']
[DEBUG] DEBUG_XPATH: Navigating segment '*' (axis=child) from 1 nodes
[DEBUG] DEBUG_XPATH:   Current context node: SaradcSent (type=container, path=/Mcu/GtmConfiguration/GtmConfiguration_0/GtmToPeripheral/GtmToPeripheral/SaradcSent, children=['ChannelId', 'GtmTriggerSelect'])
[DEBUG] DEBUG_XPATH: _parse_path('*[num:i($SaradcCheckindex + 1)]/ChannelId') -> parts=['*[num:i($SaradcCheckindex + 1)]', 'ChannelId']
[DEBUG] DEBUG_XPATH: Navigating segment '*' (axis=child) from 1 nodes
[DEBUG] DEBUG_XPATH:   Current context node: SaradcSent (type=container, path=/Mcu/GtmConfiguration/GtmConfiguration_0/GtmToPeripheral/GtmToPeripheral/SaradcSent, children=['ChannelId', 'GtmTriggerSelect'])
[DEBUG] DEBUG: Evaluating condition: $ChidIn = $ChidOut
[DEBUG] DEBUG: Comparison [$ChidIn = $ChidOut] => [None = None] Result: True
[DEBUG] DEBUG: Evaluating condition: $triggIn = $triggOut
[DEBUG] DEBUG: Comparison [$triggIn = $triggOut] => [both empty ''] Result: False
[DEBUG] DEBUG_XPATH: _parse_path('*[num:i($SaradcCheckindexIn + 1)]/GtmTriggerSelect') -> parts=['*[num:i($SaradcCheckindexIn + 1)]', 'GtmTriggerSelect']
[DEBUG] DEBUG_XPATH: Navigating segment '*' (axis=child) from 1 nodes
[DEBUG] DEBUG_XPATH:   Current context node: SaradcSent (type=container, path=/Mcu/GtmConfiguration/GtmConfiguration_0/GtmToPeripheral/GtmToPeripheral/SaradcSent, children=['ChannelId', 'GtmTriggerSelect'])
[DEBUG] DEBUG_XPATH: _parse_path('*[num:i($SaradcCheckindexIn + 1)]/GtmTriggerSelect') -> parts=['*[num:i($SaradcCheckindexIn + 1)]', 'GtmTriggerSelect']
[DEBUG] DEBUG_XPATH: Navigating segment '*' (axis=child) from 1 nodes
[DEBUG] DEBUG_XPATH:   Current context node: SaradcSent (type=container, path=/Mcu/GtmConfiguration/GtmConfiguration_0/GtmToPeripheral/GtmToPeripheral/SaradcSent, children=['ChannelId', 'GtmTriggerSelect'])
[DEBUG] DEBUG_XPATH: _parse_path('*[num:i($SaradcCheckindex + 1)]/GtmTriggerSelect') -> parts=['*[num:i($SaradcCheckindex + 1)]', 'GtmTriggerSelect']
[DEBUG] DEBUG_XPATH: Navigating segment '*' (axis=child) from 1 nodes
[DEBUG] DEBUG_XPATH:   Current context node: SaradcSent (type=container, path=/Mcu/GtmConfiguration/GtmConfiguration_0/GtmToPeripheral/GtmToPeripheral/SaradcSent, children=['ChannelId', 'GtmTriggerSelect'])
[DEBUG] DEBUG_XPATH: _parse_path('*[num:i($SaradcCheckindex + 1)]/GtmTriggerSelect') -> parts=['*[num:i($SaradcCheckindex + 1)]', 'GtmTriggerSelect']
[DEBUG] DEBUG_XPATH: Navigating segment '*' (axis=child) from 1 nodes
[DEBUG] DEBUG_XPATH:   Current context node: SaradcSent (type=container, path=/Mcu/GtmConfiguration/GtmConfiguration_0/GtmToPeripheral/GtmToPeripheral/SaradcSent, children=['ChannelId', 'GtmTriggerSelect'])
[DEBUG] DEBUG_XPATH: _parse_path('*[num:i($SaradcCheckindexIn + 1)]/ChannelId') -> parts=['*[num:i($SaradcCheckindexIn + 1)]', 'ChannelId']
[DEBUG] DEBUG_XPATH: Navigating segment '*' (axis=child) from 1 nodes
[DEBUG] DEBUG_XPATH:   Current context node: SaradcSent (type=container, path=/Mcu/GtmConfiguration/GtmConfiguration_0/GtmToPeripheral/GtmToPeripheral/SaradcSent, children=['ChannelId', 'GtmTriggerSelect'])
[DEBUG] DEBUG_XPATH: _parse_path('*[num:i($SaradcCheckindex + 1)]/ChannelId') -> parts=['*[num:i($SaradcCheckindex + 1)]', 'ChannelId']
[DEBUG] DEBUG_XPATH: Navigating segment '*' (axis=child) from 1 nodes
[DEBUG] DEBUG_XPATH:   Current context node: SaradcSent (type=container, path=/Mcu/GtmConfiguration/GtmConfiguration_0/GtmToPeripheral/GtmToPeripheral/SaradcSent, children=['ChannelId', 'GtmTriggerSelect'])
[DEBUG] DEBUG: Evaluating condition: $ChidIn = $ChidOut
[DEBUG] DEBUG: Comparison [$ChidIn = $ChidOut] => [None = None] Result: True
[DEBUG] DEBUG: Evaluating condition: $triggIn = $triggOut
[DEBUG] DEBUG: Comparison [$triggIn = $triggOut] => [both empty ''] Result: False
[DEBUG] DEBUG_XPATH: _parse_path('*[num:i($SaradcCheckindexIn + 1)]/GtmTriggerSelect') -> parts=['*[num:i($SaradcCheckindexIn + 1)]', 'GtmTriggerSelect']
[DEBUG] DEBUG_XPATH: Navigating segment '*' (axis=child) from 1 nodes
[DEBUG] DEBUG_XPATH:   Current context node: SaradcSent (type=container, path=/Mcu/GtmConfiguration/GtmConfiguration_0/GtmToPeripheral/GtmToPeripheral/SaradcSent, children=['ChannelId', 'GtmTriggerSelect'])
[DEBUG] DEBUG_XPATH: _parse_path('*[num:i($SaradcCheckindexIn + 1)]/GtmTriggerSelect') -> parts=['*[num:i($SaradcCheckindexIn + 1)]', 'GtmTriggerSelect']
[DEBUG] DEBUG_XPATH: Navigating segment '*' (axis=child) from 1 nodes
[DEBUG] DEBUG_XPATH:   Current context node: SaradcSent (type=container, path=/Mcu/GtmConfiguration/GtmConfiguration_0/GtmToPeripheral/GtmToPeripheral/SaradcSent, children=['ChannelId', 'GtmTriggerSelect'])
[DEBUG] DEBUG_XPATH: _parse_path('*[num:i($SaradcCheckindex + 1)]/GtmTriggerSelect') -> parts=['*[num:i($SaradcCheckindex + 1)]', 'GtmTriggerSelect']
[DEBUG] DEBUG_XPATH: Navigating segment '*' (axis=child) from 1 nodes
[DEBUG] DEBUG_XPATH:   Current context node: SaradcSent (type=container, path=/Mcu/GtmConfiguration/GtmConfiguration_0/GtmToPeripheral/GtmToPeripheral/SaradcSent, children=['ChannelId', 'GtmTriggerSelect'])
[DEBUG] DEBUG_XPATH: _parse_path('*[num:i($SaradcCheckindex + 1)]/GtmTriggerSelect') -> parts=['*[num:i($SaradcCheckindex + 1)]', 'GtmTriggerSelect']
[DEBUG] DEBUG_XPATH: Navigating segment '*' (axis=child) from 1 nodes
[DEBUG] DEBUG_XPATH:   Current context node: SaradcSent (type=container, path=/Mcu/GtmConfiguration/GtmConfiguration_0/GtmToPeripheral/GtmToPeripheral/SaradcSent, children=['ChannelId', 'GtmTriggerSelect'])
[DEBUG] DEBUG_XPATH: _parse_path('*[num:i($SaradcCheckindexIn + 1)]/ChannelId') -> parts=['*[num:i($SaradcCheckindexIn + 1)]', 'ChannelId']
[DEBUG] DEBUG_XPATH: Navigating segment '*' (axis=child) from 1 nodes
[DEBUG] DEBUG_XPATH:   Current context node: SaradcSent (type=container, path=/Mcu/GtmConfiguration/GtmConfiguration_0/GtmToPeripheral/GtmToPeripheral/SaradcSent, children=['ChannelId', 'GtmTriggerSelect'])
[DEBUG] DEBUG_XPATH: _parse_path('*[num:i($SaradcCheckindex + 1)]/ChannelId') -> parts=['*[num:i($SaradcCheckindex + 1)]', 'ChannelId']
[DEBUG] DEBUG_XPATH: Navigating segment '*' (axis=child) from 1 nodes
[DEBUG] DEBUG_XPATH:   Current context node: SaradcSent (type=container, path=/Mcu/GtmConfiguration/GtmConfiguration_0/GtmToPeripheral/GtmToPeripheral/SaradcSent, children=['ChannelId', 'GtmTriggerSelect'])
[DEBUG] DEBUG: Evaluating condition: $ChidIn = $ChidOut
[DEBUG] DEBUG: Comparison [$ChidIn = $ChidOut] => [None = None] Result: True
[DEBUG] DEBUG: Evaluating condition: $triggIn = $triggOut
[DEBUG] DEBUG: Comparison [$triggIn = $triggOut] => [both empty ''] Result: False
[DEBUG] DEBUG_XPATH: _parse_path('*[num:i($SaradcCheckindexIn + 1)]/GtmTriggerSelect') -> parts=['*[num:i($SaradcCheckindexIn + 1)]', 'GtmTriggerSelect']
[DEBUG] DEBUG_XPATH: Navigating segment '*' (axis=child) from 1 nodes
[DEBUG] DEBUG_XPATH:   Current context node: SaradcSent (type=container, path=/Mcu/GtmConfiguration/GtmConfiguration_0/GtmToPeripheral/GtmToPeripheral/SaradcSent, children=['ChannelId', 'GtmTriggerSelect'])
[DEBUG] DEBUG_XPATH: _parse_path('*[num:i($SaradcCheckindexIn + 1)]/GtmTriggerSelect') -> parts=['*[num:i($SaradcCheckindexIn + 1)]', 'GtmTriggerSelect']
[DEBUG] DEBUG_XPATH: Navigating segment '*' (axis=child) from 1 nodes
[DEBUG] DEBUG_XPATH:   Current context node: SaradcSent (type=container, path=/Mcu/GtmConfiguration/GtmConfiguration_0/GtmToPeripheral/GtmToPeripheral/SaradcSent, children=['ChannelId', 'GtmTriggerSelect'])
[DEBUG] DEBUG_XPATH: _parse_path('*[num:i($SaradcCheckindex + 1)]/GtmTriggerSelect') -> parts=['*[num:i($SaradcCheckindex + 1)]', 'GtmTriggerSelect']
[DEBUG] DEBUG_XPATH: Navigating segment '*' (axis=child) from 1 nodes
[DEBUG] DEBUG_XPATH:   Current context node: SaradcSent (type=container, path=/Mcu/GtmConfiguration/GtmConfiguration_0/GtmToPeripheral/GtmToPeripheral/SaradcSent, children=['ChannelId', 'GtmTriggerSelect'])
[DEBUG] DEBUG_XPATH: _parse_path('*[num:i($SaradcCheckindex + 1)]/GtmTriggerSelect') -> parts=['*[num:i($SaradcCheckindex + 1)]', 'GtmTriggerSelect']
[DEBUG] DEBUG_XPATH: Navigating segment '*' (axis=child) from 1 nodes
[DEBUG] DEBUG_XPATH:   Current context node: SaradcSent (type=container, path=/Mcu/GtmConfiguration/GtmConfiguration_0/GtmToPeripheral/GtmToPeripheral/SaradcSent, children=['ChannelId', 'GtmTriggerSelect'])
[DEBUG] DEBUG_XPATH: _parse_path('*[num:i($SaradcCheckindexIn + 1)]/ChannelId') -> parts=['*[num:i($SaradcCheckindexIn + 1)]', 'ChannelId']
[DEBUG] DEBUG_XPATH: Navigating segment '*' (axis=child) from 1 nodes
[DEBUG] DEBUG_XPATH:   Current context node: SaradcSent (type=container, path=/Mcu/GtmConfiguration/GtmConfiguration_0/GtmToPeripheral/GtmToPeripheral/SaradcSent, children=['ChannelId', 'GtmTriggerSelect'])
[DEBUG] DEBUG_XPATH: _parse_path('*[num:i($SaradcCheckindex + 1)]/ChannelId') -> parts=['*[num:i($SaradcCheckindex + 1)]', 'ChannelId']
[DEBUG] DEBUG_XPATH: Navigating segment '*' (axis=child) from 1 nodes
[DEBUG] DEBUG_XPATH:   Current context node: SaradcSent (type=container, path=/Mcu/GtmConfiguration/GtmConfiguration_0/GtmToPeripheral/GtmToPeripheral/SaradcSent, children=['ChannelId', 'GtmTriggerSelect'])
[DEBUG] DEBUG: Evaluating condition: $ChidIn = $ChidOut
[DEBUG] DEBUG: Comparison [$ChidIn = $ChidOut] => [None = None] Result: True
[DEBUG] DEBUG: Evaluating condition: $triggIn = $triggOut
[DEBUG] DEBUG: Comparison [$triggIn = $triggOut] => [both empty ''] Result: False
[DEBUG] DEBUG_XPATH: _parse_path('*[num:i($SaradcCheckindexIn + 1)]/GtmTriggerSelect') -> parts=['*[num:i($SaradcCheckindexIn + 1)]', 'GtmTriggerSelect']
[DEBUG] DEBUG_XPATH: Navigating segment '*' (axis=child) from 1 nodes
[DEBUG] DEBUG_XPATH:   Current context node: SaradcSent (type=container, path=/Mcu/GtmConfiguration/GtmConfiguration_0/GtmToPeripheral/GtmToPeripheral/SaradcSent, children=['ChannelId', 'GtmTriggerSelect'])
[DEBUG] DEBUG_XPATH: _parse_path('*[num:i($SaradcCheckindexIn + 1)]/GtmTriggerSelect') -> parts=['*[num:i($SaradcCheckindexIn + 1)]', 'GtmTriggerSelect']
[DEBUG] DEBUG_XPATH: Navigating segment '*' (axis=child) from 1 nodes
[DEBUG] DEBUG_XPATH:   Current context node: SaradcSent (type=container, path=/Mcu/GtmConfiguration/GtmConfiguration_0/GtmToPeripheral/GtmToPeripheral/SaradcSent, children=['ChannelId', 'GtmTriggerSelect'])
[DEBUG] DEBUG_XPATH: _parse_path('*[num:i($SaradcCheckindex + 1)]/GtmTriggerSelect') -> parts=['*[num:i($SaradcCheckindex + 1)]', 'GtmTriggerSelect']
[DEBUG] DEBUG_XPATH: Navigating segment '*' (axis=child) from 1 nodes
[DEBUG] DEBUG_XPATH:   Current context node: SaradcSent (type=container, path=/Mcu/GtmConfiguration/GtmConfiguration_0/GtmToPeripheral/GtmToPeripheral/SaradcSent, children=['ChannelId', 'GtmTriggerSelect'])
[DEBUG] DEBUG_XPATH: _parse_path('*[num:i($SaradcCheckindex + 1)]/GtmTriggerSelect') -> parts=['*[num:i($SaradcCheckindex + 1)]', 'GtmTriggerSelect']
[DEBUG] DEBUG_XPATH: Navigating segment '*' (axis=child) from 1 nodes
[DEBUG] DEBUG_XPATH:   Current context node: SaradcSent (type=container, path=/Mcu/GtmConfiguration/GtmConfiguration_0/GtmToPeripheral/GtmToPeripheral/SaradcSent, children=['ChannelId', 'GtmTriggerSelect'])
[DEBUG] DEBUG_XPATH: _parse_path('*[num:i($SaradcCheckindexIn + 1)]/ChannelId') -> parts=['*[num:i($SaradcCheckindexIn + 1)]', 'ChannelId']
[DEBUG] DEBUG_XPATH: Navigating segment '*' (axis=child) from 1 nodes
[DEBUG] DEBUG_XPATH:   Current context node: SaradcSent (type=container, path=/Mcu/GtmConfiguration/GtmConfiguration_0/GtmToPeripheral/GtmToPeripheral/SaradcSent, children=['ChannelId', 'GtmTriggerSelect'])
[DEBUG] DEBUG_XPATH: _parse_path('*[num:i($SaradcCheckindex + 1)]/ChannelId') -> parts=['*[num:i($SaradcCheckindex + 1)]', 'ChannelId']
[DEBUG] DEBUG_XPATH: Navigating segment '*' (axis=child) from 1 nodes
[DEBUG] DEBUG_XPATH:   Current context node: SaradcSent (type=container, path=/Mcu/GtmConfiguration/GtmConfiguration_0/GtmToPeripheral/GtmToPeripheral/SaradcSent, children=['ChannelId', 'GtmTriggerSelect'])
[DEBUG] DEBUG: Evaluating condition: $ChidIn = $ChidOut
[DEBUG] DEBUG: Comparison [$ChidIn = $ChidOut] => [None = None] Result: True
[DEBUG] DEBUG: Evaluating condition: $triggIn = $triggOut
[DEBUG] DEBUG: Comparison [$triggIn = $triggOut] => [both empty ''] Result: False
[DEBUG] DEBUG_XPATH: _parse_path('*[num:i($SaradcCheckindexIn + 1)]/GtmTriggerSelect') -> parts=['*[num:i($SaradcCheckindexIn + 1)]', 'GtmTriggerSelect']
[DEBUG] DEBUG_XPATH: Navigating segment '*' (axis=child) from 1 nodes
[DEBUG] DEBUG_XPATH:   Current context node: SaradcSent (type=container, path=/Mcu/GtmConfiguration/GtmConfiguration_0/GtmToPeripheral/GtmToPeripheral/SaradcSent, children=['ChannelId', 'GtmTriggerSelect'])
[DEBUG] DEBUG_XPATH: _parse_path('*[num:i($SaradcCheckindexIn + 1)]/GtmTriggerSelect') -> parts=['*[num:i($SaradcCheckindexIn + 1)]', 'GtmTriggerSelect']
[DEBUG] DEBUG_XPATH: Navigating segment '*' (axis=child) from 1 nodes
[DEBUG] DEBUG_XPATH:   Current context node: SaradcSent (type=container, path=/Mcu/GtmConfiguration/GtmConfiguration_0/GtmToPeripheral/GtmToPeripheral/SaradcSent, children=['ChannelId', 'GtmTriggerSelect'])
[DEBUG] DEBUG_XPATH: _parse_path('*[num:i($SaradcCheckindex + 1)]/GtmTriggerSelect') -> parts=['*[num:i($SaradcCheckindex + 1)]', 'GtmTriggerSelect']
[DEBUG] DEBUG_XPATH: Navigating segment '*' (axis=child) from 1 nodes
[DEBUG] DEBUG_XPATH:   Current context node: SaradcSent (type=container, path=/Mcu/GtmConfiguration/GtmConfiguration_0/GtmToPeripheral/GtmToPeripheral/SaradcSent, children=['ChannelId', 'GtmTriggerSelect'])
[DEBUG] DEBUG_XPATH: _parse_path('*[num:i($SaradcCheckindex + 1)]/GtmTriggerSelect') -> parts=['*[num:i($SaradcCheckindex + 1)]', 'GtmTriggerSelect']
[DEBUG] DEBUG_XPATH: Navigating segment '*' (axis=child) from 1 nodes
[DEBUG] DEBUG_XPATH:   Current context node: SaradcSent (type=container, path=/Mcu/GtmConfiguration/GtmConfiguration_0/GtmToPeripheral/GtmToPeripheral/SaradcSent, children=['ChannelId', 'GtmTriggerSelect'])
[DEBUG] DEBUG_XPATH: _parse_path('*[num:i($SaradcCheckindexIn + 1)]/ChannelId') -> parts=['*[num:i($SaradcCheckindexIn + 1)]', 'ChannelId']
[DEBUG] DEBUG_XPATH: Navigating segment '*' (axis=child) from 1 nodes
[DEBUG] DEBUG_XPATH:   Current context node: SaradcSent (type=container, path=/Mcu/GtmConfiguration/GtmConfiguration_0/GtmToPeripheral/GtmToPeripheral/SaradcSent, children=['ChannelId', 'GtmTriggerSelect'])
[DEBUG] DEBUG_XPATH: _parse_path('*[num:i($SaradcCheckindex + 1)]/ChannelId') -> parts=['*[num:i($SaradcCheckindex + 1)]', 'ChannelId']
[DEBUG] DEBUG_XPATH: Navigating segment '*' (axis=child) from 1 nodes
[DEBUG] DEBUG_XPATH:   Current context node: SaradcSent (type=container, path=/Mcu/GtmConfiguration/GtmConfiguration_0/GtmToPeripheral/GtmToPeripheral/SaradcSent, children=['ChannelId', 'GtmTriggerSelect'])
[DEBUG] DEBUG: Evaluating condition: $ChidIn = $ChidOut
[DEBUG] DEBUG: Comparison [$ChidIn = $ChidOut] => [None = None] Result: True
[DEBUG] DEBUG: Evaluating condition: $triggIn = $triggOut
[DEBUG] DEBUG: Comparison [$triggIn = $triggOut] => [both empty ''] Result: False
[DEBUG] DEBUG_XPATH: _parse_path('*[num:i($SaradcCheckindexIn + 1)]/GtmTriggerSelect') -> parts=['*[num:i($SaradcCheckindexIn + 1)]', 'GtmTriggerSelect']
[DEBUG] DEBUG_XPATH: Navigating segment '*' (axis=child) from 1 nodes
[DEBUG] DEBUG_XPATH:   Current context node: SaradcSent (type=container, path=/Mcu/GtmConfiguration/GtmConfiguration_0/GtmToPeripheral/GtmToPeripheral/SaradcSent, children=['ChannelId', 'GtmTriggerSelect'])
[DEBUG] DEBUG_XPATH: _parse_path('*[num:i($SaradcCheckindexIn + 1)]/GtmTriggerSelect') -> parts=['*[num:i($SaradcCheckindexIn + 1)]', 'GtmTriggerSelect']
[DEBUG] DEBUG_XPATH: Navigating segment '*' (axis=child) from 1 nodes
[DEBUG] DEBUG_XPATH:   Current context node: SaradcSent (type=container, path=/Mcu/GtmConfiguration/GtmConfiguration_0/GtmToPeripheral/GtmToPeripheral/SaradcSent, children=['ChannelId', 'GtmTriggerSelect'])
[DEBUG] DEBUG_XPATH: _parse_path('*[num:i($SaradcCheckindex + 1)]/GtmTriggerSelect') -> parts=['*[num:i($SaradcCheckindex + 1)]', 'GtmTriggerSelect']
[DEBUG] DEBUG_XPATH: Navigating segment '*' (axis=child) from 1 nodes
[DEBUG] DEBUG_XPATH:   Current context node: SaradcSent (type=container, path=/Mcu/GtmConfiguration/GtmConfiguration_0/GtmToPeripheral/GtmToPeripheral/SaradcSent, children=['ChannelId', 'GtmTriggerSelect'])
[DEBUG] DEBUG_XPATH: _parse_path('*[num:i($SaradcCheckindex + 1)]/GtmTriggerSelect') -> parts=['*[num:i($SaradcCheckindex + 1)]', 'GtmTriggerSelect']
[DEBUG] DEBUG_XPATH: Navigating segment '*' (axis=child) from 1 nodes
[DEBUG] DEBUG_XPATH:   Current context node: SaradcSent (type=container, path=/Mcu/GtmConfiguration/GtmConfiguration_0/GtmToPeripheral/GtmToPeripheral/SaradcSent, children=['ChannelId', 'GtmTriggerSelect'])
[DEBUG] DEBUG_XPATH: _parse_path('*[num:i($SaradcCheckindexIn + 1)]/ChannelId') -> parts=['*[num:i($SaradcCheckindexIn + 1)]', 'ChannelId']
[DEBUG] DEBUG_XPATH: Navigating segment '*' (axis=child) from 1 nodes
[DEBUG] DEBUG_XPATH:   Current context node: SaradcSent (type=container, path=/Mcu/GtmConfiguration/GtmConfiguration_0/GtmToPeripheral/GtmToPeripheral/SaradcSent, children=['ChannelId', 'GtmTriggerSelect'])
[DEBUG] DEBUG_XPATH: _parse_path('*[num:i($SaradcCheckindex + 1)]/ChannelId') -> parts=['*[num:i($SaradcCheckindex + 1)]', 'ChannelId']
[DEBUG] DEBUG_XPATH: Navigating segment '*' (axis=child) from 1 nodes
[DEBUG] DEBUG_XPATH:   Current context node: SaradcSent (type=container, path=/Mcu/GtmConfiguration/GtmConfiguration_0/GtmToPeripheral/GtmToPeripheral/SaradcSent, children=['ChannelId', 'GtmTriggerSelect'])
[DEBUG] DEBUG: Evaluating condition: $ChidIn = $ChidOut
[DEBUG] DEBUG: Comparison [$ChidIn = $ChidOut] => [None = None] Result: True
[DEBUG] DEBUG: Evaluating condition: $triggIn = $triggOut
[DEBUG] DEBUG: Comparison [$triggIn = $triggOut] => [both empty ''] Result: False
[DEBUG] DEBUG_XPATH: _parse_path('*[num:i($SaradcCheckindexIn + 1)]/GtmTriggerSelect') -> parts=['*[num:i($SaradcCheckindexIn + 1)]', 'GtmTriggerSelect']
[DEBUG] DEBUG_XPATH: Navigating segment '*' (axis=child) from 1 nodes
[DEBUG] DEBUG_XPATH:   Current context node: SaradcSent (type=container, path=/Mcu/GtmConfiguration/GtmConfiguration_0/GtmToPeripheral/GtmToPeripheral/SaradcSent, children=['ChannelId', 'GtmTriggerSelect'])
[DEBUG] DEBUG_XPATH: _parse_path('*[num:i($SaradcCheckindexIn + 1)]/GtmTriggerSelect') -> parts=['*[num:i($SaradcCheckindexIn + 1)]', 'GtmTriggerSelect']
[DEBUG] DEBUG_XPATH: Navigating segment '*' (axis=child) from 1 nodes
[DEBUG] DEBUG_XPATH:   Current context node: SaradcSent (type=container, path=/Mcu/GtmConfiguration/GtmConfiguration_0/GtmToPeripheral/GtmToPeripheral/SaradcSent, children=['ChannelId', 'GtmTriggerSelect'])
[DEBUG] DEBUG_XPATH: _parse_path('*[num:i($SaradcCheckindex + 1)]/GtmTriggerSelect') -> parts=['*[num:i($SaradcCheckindex + 1)]', 'GtmTriggerSelect']
[DEBUG] DEBUG_XPATH: Navigating segment '*' (axis=child) from 1 nodes
[DEBUG] DEBUG_XPATH:   Current context node: SaradcSent (type=container, path=/Mcu/GtmConfiguration/GtmConfiguration_0/GtmToPeripheral/GtmToPeripheral/SaradcSent, children=['ChannelId', 'GtmTriggerSelect'])
[DEBUG] DEBUG_XPATH: _parse_path('*[num:i($SaradcCheckindex + 1)]/GtmTriggerSelect') -> parts=['*[num:i($SaradcCheckindex + 1)]', 'GtmTriggerSelect']
[DEBUG] DEBUG_XPATH: Navigating segment '*' (axis=child) from 1 nodes
[DEBUG] DEBUG_XPATH:   Current context node: SaradcSent (type=container, path=/Mcu/GtmConfiguration/GtmConfiguration_0/GtmToPeripheral/GtmToPeripheral/SaradcSent, children=['ChannelId', 'GtmTriggerSelect'])
[DEBUG] DEBUG_XPATH: _parse_path('*[num:i($SaradcCheckindexIn + 1)]/ChannelId') -> parts=['*[num:i($SaradcCheckindexIn + 1)]', 'ChannelId']
[DEBUG] DEBUG_XPATH: Navigating segment '*' (axis=child) from 1 nodes
[DEBUG] DEBUG_XPATH:   Current context node: SaradcSent (type=container, path=/Mcu/GtmConfiguration/GtmConfiguration_0/GtmToPeripheral/GtmToPeripheral/SaradcSent, children=['ChannelId', 'GtmTriggerSelect'])
[DEBUG] DEBUG_XPATH: _parse_path('*[num:i($SaradcCheckindex + 1)]/ChannelId') -> parts=['*[num:i($SaradcCheckindex + 1)]', 'ChannelId']
[DEBUG] DEBUG_XPATH: Navigating segment '*' (axis=child) from 1 nodes
[DEBUG] DEBUG_XPATH:   Current context node: SaradcSent (type=container, path=/Mcu/GtmConfiguration/GtmConfiguration_0/GtmToPeripheral/GtmToPeripheral/SaradcSent, children=['ChannelId', 'GtmTriggerSelect'])
[DEBUG] DEBUG: Evaluating condition: $ChidIn = $ChidOut
[DEBUG] DEBUG: Comparison [$ChidIn = $ChidOut] => [None = None] Result: True
[DEBUG] DEBUG: Evaluating condition: $triggIn = $triggOut
[DEBUG] DEBUG: Comparison [$triggIn = $triggOut] => [both empty ''] Result: False
[DEBUG] DEBUG_XPATH: _parse_path('*[num:i($SaradcCheckindexIn + 1)]/GtmTriggerSelect') -> parts=['*[num:i($SaradcCheckindexIn + 1)]', 'GtmTriggerSelect']
[DEBUG] DEBUG_XPATH: Navigating segment '*' (axis=child) from 1 nodes
[DEBUG] DEBUG_XPATH:   Current context node: SaradcSent (type=container, path=/Mcu/GtmConfiguration/GtmConfiguration_0/GtmToPeripheral/GtmToPeripheral/SaradcSent, children=['ChannelId', 'GtmTriggerSelect'])
[DEBUG] DEBUG_XPATH: _parse_path('*[num:i($SaradcCheckindexIn + 1)]/GtmTriggerSelect') -> parts=['*[num:i($SaradcCheckindexIn + 1)]', 'GtmTriggerSelect']
[DEBUG] DEBUG_XPATH: Navigating segment '*' (axis=child) from 1 nodes
[DEBUG] DEBUG_XPATH:   Current context node: SaradcSent (type=container, path=/Mcu/GtmConfiguration/GtmConfiguration_0/GtmToPeripheral/GtmToPeripheral/SaradcSent, children=['ChannelId', 'GtmTriggerSelect'])
[DEBUG] DEBUG_XPATH: _parse_path('*[num:i($SaradcCheckindex + 1)]/GtmTriggerSelect') -> parts=['*[num:i($SaradcCheckindex + 1)]', 'GtmTriggerSelect']
[DEBUG] DEBUG_XPATH: Navigating segment '*' (axis=child) from 1 nodes
[DEBUG] DEBUG_XPATH:   Current context node: SaradcSent (type=container, path=/Mcu/GtmConfiguration/GtmConfiguration_0/GtmToPeripheral/GtmToPeripheral/SaradcSent, children=['ChannelId', 'GtmTriggerSelect'])
[DEBUG] DEBUG_XPATH: _parse_path('*[num:i($SaradcCheckindex + 1)]/GtmTriggerSelect') -> parts=['*[num:i($SaradcCheckindex + 1)]', 'GtmTriggerSelect']
[DEBUG] DEBUG_XPATH: Navigating segment '*' (axis=child) from 1 nodes
[DEBUG] DEBUG_XPATH:   Current context node: SaradcSent (type=container, path=/Mcu/GtmConfiguration/GtmConfiguration_0/GtmToPeripheral/GtmToPeripheral/SaradcSent, children=['ChannelId', 'GtmTriggerSelect'])
[DEBUG] DEBUG_XPATH: _parse_path('*[num:i($SaradcCheckindexIn + 1)]/ChannelId') -> parts=['*[num:i($SaradcCheckindexIn + 1)]', 'ChannelId']
[DEBUG] DEBUG_XPATH: Navigating segment '*' (axis=child) from 1 nodes
[DEBUG] DEBUG_XPATH:   Current context node: SaradcSent (type=container, path=/Mcu/GtmConfiguration/GtmConfiguration_0/GtmToPeripheral/GtmToPeripheral/SaradcSent, children=['ChannelId', 'GtmTriggerSelect'])
[DEBUG] DEBUG_XPATH: _parse_path('*[num:i($SaradcCheckindex + 1)]/ChannelId') -> parts=['*[num:i($SaradcCheckindex + 1)]', 'ChannelId']
[DEBUG] DEBUG_XPATH: Navigating segment '*' (axis=child) from 1 nodes
[DEBUG] DEBUG_XPATH:   Current context node: SaradcSent (type=container, path=/Mcu/GtmConfiguration/GtmConfiguration_0/GtmToPeripheral/GtmToPeripheral/SaradcSent, children=['ChannelId', 'GtmTriggerSelect'])
[DEBUG] DEBUG: Evaluating condition: $ChidIn = $ChidOut
[DEBUG] DEBUG: Comparison [$ChidIn = $ChidOut] => [None = None] Result: True
[DEBUG] DEBUG: Evaluating condition: $triggIn = $triggOut
[DEBUG] DEBUG: Comparison [$triggIn = $triggOut] => [both empty ''] Result: False
[DEBUG] DEBUG_XPATH: _parse_path('*[num:i($SaradcCheckindexIn + 1)]/GtmTriggerSelect') -> parts=['*[num:i($SaradcCheckindexIn + 1)]', 'GtmTriggerSelect']
[DEBUG] DEBUG_XPATH: Navigating segment '*' (axis=child) from 1 nodes
[DEBUG] DEBUG_XPATH:   Current context node: SaradcSent (type=container, path=/Mcu/GtmConfiguration/GtmConfiguration_0/GtmToPeripheral/GtmToPeripheral/SaradcSent, children=['ChannelId', 'GtmTriggerSelect'])
[DEBUG] DEBUG_XPATH: _parse_path('*[num:i($SaradcCheckindexIn + 1)]/GtmTriggerSelect') -> parts=['*[num:i($SaradcCheckindexIn + 1)]', 'GtmTriggerSelect']
[DEBUG] DEBUG_XPATH: Navigating segment '*' (axis=child) from 1 nodes
[DEBUG] DEBUG_XPATH:   Current context node: SaradcSent (type=container, path=/Mcu/GtmConfiguration/GtmConfiguration_0/GtmToPeripheral/GtmToPeripheral/SaradcSent, children=['ChannelId', 'GtmTriggerSelect'])
[DEBUG] DEBUG_XPATH: _parse_path('*[num:i($SaradcCheckindex + 1)]/GtmTriggerSelect') -> parts=['*[num:i($SaradcCheckindex + 1)]', 'GtmTriggerSelect']
[DEBUG] DEBUG_XPATH: Navigating segment '*' (axis=child) from 1 nodes
[DEBUG] DEBUG_XPATH:   Current context node: SaradcSent (type=container, path=/Mcu/GtmConfiguration/GtmConfiguration_0/GtmToPeripheral/GtmToPeripheral/SaradcSent, children=['ChannelId', 'GtmTriggerSelect'])
[DEBUG] DEBUG_XPATH: _parse_path('*[num:i($SaradcCheckindex + 1)]/GtmTriggerSelect') -> parts=['*[num:i($SaradcCheckindex + 1)]', 'GtmTriggerSelect']
[DEBUG] DEBUG_XPATH: Navigating segment '*' (axis=child) from 1 nodes
[DEBUG] DEBUG_XPATH:   Current context node: SaradcSent (type=container, path=/Mcu/GtmConfiguration/GtmConfiguration_0/GtmToPeripheral/GtmToPeripheral/SaradcSent, children=['ChannelId', 'GtmTriggerSelect'])
[DEBUG] DEBUG_XPATH: _parse_path('*[num:i($SaradcCheckindexIn + 1)]/ChannelId') -> parts=['*[num:i($SaradcCheckindexIn + 1)]', 'ChannelId']
[DEBUG] DEBUG_XPATH: Navigating segment '*' (axis=child) from 1 nodes
[DEBUG] DEBUG_XPATH:   Current context node: SaradcSent (type=container, path=/Mcu/GtmConfiguration/GtmConfiguration_0/GtmToPeripheral/GtmToPeripheral/SaradcSent, children=['ChannelId', 'GtmTriggerSelect'])
[DEBUG] DEBUG_XPATH: _parse_path('*[num:i($SaradcCheckindex + 1)]/ChannelId') -> parts=['*[num:i($SaradcCheckindex + 1)]', 'ChannelId']
[DEBUG] DEBUG_XPATH: Navigating segment '*' (axis=child) from 1 nodes
[DEBUG] DEBUG_XPATH:   Current context node: SaradcSent (type=container, path=/Mcu/GtmConfiguration/GtmConfiguration_0/GtmToPeripheral/GtmToPeripheral/SaradcSent, children=['ChannelId', 'GtmTriggerSelect'])
[DEBUG] DEBUG: Evaluating condition: $ChidIn = $ChidOut
[DEBUG] DEBUG: Comparison [$ChidIn = $ChidOut] => [None = None] Result: True
[DEBUG] DEBUG: Evaluating condition: $triggIn = $triggOut
[DEBUG] DEBUG: Comparison [$triggIn = $triggOut] => [both empty ''] Result: False
[DEBUG] DEBUG_XPATH: _parse_path('*[num:i($SaradcCheckindexIn + 1)]/GtmTriggerSelect') -> parts=['*[num:i($SaradcCheckindexIn + 1)]', 'GtmTriggerSelect']
[DEBUG] DEBUG_XPATH: Navigating segment '*' (axis=child) from 1 nodes
[DEBUG] DEBUG_XPATH:   Current context node: SaradcSent (type=container, path=/Mcu/GtmConfiguration/GtmConfiguration_0/GtmToPeripheral/GtmToPeripheral/SaradcSent, children=['ChannelId', 'GtmTriggerSelect'])
[DEBUG] DEBUG_XPATH: _parse_path('*[num:i($SaradcCheckindexIn + 1)]/GtmTriggerSelect') -> parts=['*[num:i($SaradcCheckindexIn + 1)]', 'GtmTriggerSelect']
[DEBUG] DEBUG_XPATH: Navigating segment '*' (axis=child) from 1 nodes
[DEBUG] DEBUG_XPATH:   Current context node: SaradcSent (type=container, path=/Mcu/GtmConfiguration/GtmConfiguration_0/GtmToPeripheral/GtmToPeripheral/SaradcSent, children=['ChannelId', 'GtmTriggerSelect'])
[DEBUG] DEBUG_XPATH: _parse_path('*[num:i($SaradcCheckindex + 1)]/GtmTriggerSelect') -> parts=['*[num:i($SaradcCheckindex + 1)]', 'GtmTriggerSelect']
[DEBUG] DEBUG_XPATH: Navigating segment '*' (axis=child) from 1 nodes
[DEBUG] DEBUG_XPATH:   Current context node: SaradcSent (type=container, path=/Mcu/GtmConfiguration/GtmConfiguration_0/GtmToPeripheral/GtmToPeripheral/SaradcSent, children=['ChannelId', 'GtmTriggerSelect'])
[DEBUG] DEBUG_XPATH: _parse_path('*[num:i($SaradcCheckindex + 1)]/GtmTriggerSelect') -> parts=['*[num:i($SaradcCheckindex + 1)]', 'GtmTriggerSelect']
[DEBUG] DEBUG_XPATH: Navigating segment '*' (axis=child) from 1 nodes
[DEBUG] DEBUG_XPATH:   Current context node: SaradcSent (type=container, path=/Mcu/GtmConfiguration/GtmConfiguration_0/GtmToPeripheral/GtmToPeripheral/SaradcSent, children=['ChannelId', 'GtmTriggerSelect'])
[DEBUG] DEBUG_XPATH: _parse_path('*[num:i($SaradcCheckindexIn + 1)]/ChannelId') -> parts=['*[num:i($SaradcCheckindexIn + 1)]', 'ChannelId']
[DEBUG] DEBUG_XPATH: Navigating segment '*' (axis=child) from 1 nodes
[DEBUG] DEBUG_XPATH:   Current context node: SaradcSent (type=container, path=/Mcu/GtmConfiguration/GtmConfiguration_0/GtmToPeripheral/GtmToPeripheral/SaradcSent, children=['ChannelId', 'GtmTriggerSelect'])
[DEBUG] DEBUG_XPATH: _parse_path('*[num:i($SaradcCheckindex + 1)]/ChannelId') -> parts=['*[num:i($SaradcCheckindex + 1)]', 'ChannelId']
[DEBUG] DEBUG_XPATH: Navigating segment '*' (axis=child) from 1 nodes
[DEBUG] DEBUG_XPATH:   Current context node: SaradcSent (type=container, path=/Mcu/GtmConfiguration/GtmConfiguration_0/GtmToPeripheral/GtmToPeripheral/SaradcSent, children=['ChannelId', 'GtmTriggerSelect'])
[DEBUG] DEBUG: Evaluating condition: $ChidIn = $ChidOut
[DEBUG] DEBUG: Comparison [$ChidIn = $ChidOut] => [None = None] Result: True
[DEBUG] DEBUG: Evaluating condition: $triggIn = $triggOut
[DEBUG] DEBUG: Comparison [$triggIn = $triggOut] => [both empty ''] Result: False
[DEBUG] DEBUG_XPATH: _parse_path('*[num:i($SaradcCheckindexIn + 1)]/GtmTriggerSelect') -> parts=['*[num:i($SaradcCheckindexIn + 1)]', 'GtmTriggerSelect']
[DEBUG] DEBUG_XPATH: Navigating segment '*' (axis=child) from 1 nodes
[DEBUG] DEBUG_XPATH:   Current context node: SaradcSent (type=container, path=/Mcu/GtmConfiguration/GtmConfiguration_0/GtmToPeripheral/GtmToPeripheral/SaradcSent, children=['ChannelId', 'GtmTriggerSelect'])
[DEBUG] DEBUG_XPATH: _parse_path('*[num:i($SaradcCheckindexIn + 1)]/GtmTriggerSelect') -> parts=['*[num:i($SaradcCheckindexIn + 1)]', 'GtmTriggerSelect']
[DEBUG] DEBUG_XPATH: Navigating segment '*' (axis=child) from 1 nodes
[DEBUG] DEBUG_XPATH:   Current context node: SaradcSent (type=container, path=/Mcu/GtmConfiguration/GtmConfiguration_0/GtmToPeripheral/GtmToPeripheral/SaradcSent, children=['ChannelId', 'GtmTriggerSelect'])
[DEBUG] DEBUG_XPATH: _parse_path('*[num:i($SaradcCheckindex + 1)]/GtmTriggerSelect') -> parts=['*[num:i($SaradcCheckindex + 1)]', 'GtmTriggerSelect']
[DEBUG] DEBUG_XPATH: Navigating segment '*' (axis=child) from 1 nodes
[DEBUG] DEBUG_XPATH:   Current context node: SaradcSent (type=container, path=/Mcu/GtmConfiguration/GtmConfiguration_0/GtmToPeripheral/GtmToPeripheral/SaradcSent, children=['ChannelId', 'GtmTriggerSelect'])
[DEBUG] DEBUG_XPATH: _parse_path('*[num:i($SaradcCheckindex + 1)]/GtmTriggerSelect') -> parts=['*[num:i($SaradcCheckindex + 1)]', 'GtmTriggerSelect']
[DEBUG] DEBUG_XPATH: Navigating segment '*' (axis=child) from 1 nodes
[DEBUG] DEBUG_XPATH:   Current context node: SaradcSent (type=container, path=/Mcu/GtmConfiguration/GtmConfiguration_0/GtmToPeripheral/GtmToPeripheral/SaradcSent, children=['ChannelId', 'GtmTriggerSelect'])
[DEBUG] DEBUG_XPATH: _parse_path('*[num:i($SaradcCheckindexIn + 1)]/ChannelId') -> parts=['*[num:i($SaradcCheckindexIn + 1)]', 'ChannelId']
[DEBUG] DEBUG_XPATH: Navigating segment '*' (axis=child) from 1 nodes
[DEBUG] DEBUG_XPATH:   Current context node: SaradcSent (type=container, path=/Mcu/GtmConfiguration/GtmConfiguration_0/GtmToPeripheral/GtmToPeripheral/SaradcSent, children=['ChannelId', 'GtmTriggerSelect'])
[DEBUG] DEBUG_XPATH: _parse_path('*[num:i($SaradcCheckindex + 1)]/ChannelId') -> parts=['*[num:i($SaradcCheckindex + 1)]', 'ChannelId']
[DEBUG] DEBUG_XPATH: Navigating segment '*' (axis=child) from 1 nodes
[DEBUG] DEBUG_XPATH:   Current context node: SaradcSent (type=container, path=/Mcu/GtmConfiguration/GtmConfiguration_0/GtmToPeripheral/GtmToPeripheral/SaradcSent, children=['ChannelId', 'GtmTriggerSelect'])
[DEBUG] DEBUG: Evaluating condition: $ChidIn = $ChidOut
[DEBUG] DEBUG: Comparison [$ChidIn = $ChidOut] => [None = None] Result: True
[DEBUG] DEBUG: Evaluating condition: $triggIn = $triggOut
[DEBUG] DEBUG: Comparison [$triggIn = $triggOut] => [both empty ''] Result: False
[DEBUG] DEBUG_XPATH: _parse_path('*[num:i($SaradcCheckindexIn + 1)]/GtmTriggerSelect') -> parts=['*[num:i($SaradcCheckindexIn + 1)]', 'GtmTriggerSelect']
[DEBUG] DEBUG_XPATH: Navigating segment '*' (axis=child) from 1 nodes
[DEBUG] DEBUG_XPATH:   Current context node: SaradcSent (type=container, path=/Mcu/GtmConfiguration/GtmConfiguration_0/GtmToPeripheral/GtmToPeripheral/SaradcSent, children=['ChannelId', 'GtmTriggerSelect'])
[DEBUG] DEBUG_XPATH: _parse_path('*[num:i($SaradcCheckindexIn + 1)]/GtmTriggerSelect') -> parts=['*[num:i($SaradcCheckindexIn + 1)]', 'GtmTriggerSelect']
[DEBUG] DEBUG_XPATH: Navigating segment '*' (axis=child) from 1 nodes
[DEBUG] DEBUG_XPATH:   Current context node: SaradcSent (type=container, path=/Mcu/GtmConfiguration/GtmConfiguration_0/GtmToPeripheral/GtmToPeripheral/SaradcSent, children=['ChannelId', 'GtmTriggerSelect'])
[DEBUG] DEBUG_XPATH: _parse_path('*[num:i($SaradcCheckindex + 1)]/GtmTriggerSelect') -> parts=['*[num:i($SaradcCheckindex + 1)]', 'GtmTriggerSelect']
[DEBUG] DEBUG_XPATH: Navigating segment '*' (axis=child) from 1 nodes
[DEBUG] DEBUG_XPATH:   Current context node: SaradcSent (type=container, path=/Mcu/GtmConfiguration/GtmConfiguration_0/GtmToPeripheral/GtmToPeripheral/SaradcSent, children=['ChannelId', 'GtmTriggerSelect'])
[DEBUG] DEBUG_XPATH: _parse_path('*[num:i($SaradcCheckindex + 1)]/GtmTriggerSelect') -> parts=['*[num:i($SaradcCheckindex + 1)]', 'GtmTriggerSelect']
[DEBUG] DEBUG_XPATH: Navigating segment '*' (axis=child) from 1 nodes
[DEBUG] DEBUG_XPATH:   Current context node: SaradcSent (type=container, path=/Mcu/GtmConfiguration/GtmConfiguration_0/GtmToPeripheral/GtmToPeripheral/SaradcSent, children=['ChannelId', 'GtmTriggerSelect'])
[DEBUG] DEBUG_XPATH: _parse_path('*[num:i($SaradcCheckindexIn + 1)]/ChannelId') -> parts=['*[num:i($SaradcCheckindexIn + 1)]', 'ChannelId']
[DEBUG] DEBUG_XPATH: Navigating segment '*' (axis=child) from 1 nodes
[DEBUG] DEBUG_XPATH:   Current context node: SaradcSent (type=container, path=/Mcu/GtmConfiguration/GtmConfiguration_0/GtmToPeripheral/GtmToPeripheral/SaradcSent, children=['ChannelId', 'GtmTriggerSelect'])
[DEBUG] DEBUG_XPATH: _parse_path('*[num:i($SaradcCheckindex + 1)]/ChannelId') -> parts=['*[num:i($SaradcCheckindex + 1)]', 'ChannelId']
[DEBUG] DEBUG_XPATH: Navigating segment '*' (axis=child) from 1 nodes
[DEBUG] DEBUG_XPATH:   Current context node: SaradcSent (type=container, path=/Mcu/GtmConfiguration/GtmConfiguration_0/GtmToPeripheral/GtmToPeripheral/SaradcSent, children=['ChannelId', 'GtmTriggerSelect'])
[DEBUG] DEBUG: Evaluating condition: $ChidIn = $ChidOut
[DEBUG] DEBUG: Comparison [$ChidIn = $ChidOut] => [None = None] Result: True
[DEBUG] DEBUG: Evaluating condition: $triggIn = $triggOut
[DEBUG] DEBUG: Comparison [$triggIn = $triggOut] => [both empty ''] Result: False
[DEBUG] DEBUG_XPATH: _parse_path('*[num:i($SaradcCheckindexIn + 1)]/GtmTriggerSelect') -> parts=['*[num:i($SaradcCheckindexIn + 1)]', 'GtmTriggerSelect']
[DEBUG] DEBUG_XPATH: Navigating segment '*' (axis=child) from 1 nodes
[DEBUG] DEBUG_XPATH:   Current context node: SaradcSent (type=container, path=/Mcu/GtmConfiguration/GtmConfiguration_0/GtmToPeripheral/GtmToPeripheral/SaradcSent, children=['ChannelId', 'GtmTriggerSelect'])
[DEBUG] DEBUG_XPATH: _parse_path('*[num:i($SaradcCheckindexIn + 1)]/GtmTriggerSelect') -> parts=['*[num:i($SaradcCheckindexIn + 1)]', 'GtmTriggerSelect']
[DEBUG] DEBUG_XPATH: Navigating segment '*' (axis=child) from 1 nodes
[DEBUG] DEBUG_XPATH:   Current context node: SaradcSent (type=container, path=/Mcu/GtmConfiguration/GtmConfiguration_0/GtmToPeripheral/GtmToPeripheral/SaradcSent, children=['ChannelId', 'GtmTriggerSelect'])
[DEBUG] DEBUG_XPATH: _parse_path('*[num:i($SaradcCheckindex + 1)]/GtmTriggerSelect') -> parts=['*[num:i($SaradcCheckindex + 1)]', 'GtmTriggerSelect']
[DEBUG] DEBUG_XPATH: Navigating segment '*' (axis=child) from 1 nodes
[DEBUG] DEBUG_XPATH:   Current context node: SaradcSent (type=container, path=/Mcu/GtmConfiguration/GtmConfiguration_0/GtmToPeripheral/GtmToPeripheral/SaradcSent, children=['ChannelId', 'GtmTriggerSelect'])
[DEBUG] DEBUG_XPATH: _parse_path('*[num:i($SaradcCheckindex + 1)]/GtmTriggerSelect') -> parts=['*[num:i($SaradcCheckindex + 1)]', 'GtmTriggerSelect']
[DEBUG] DEBUG_XPATH: Navigating segment '*' (axis=child) from 1 nodes
[DEBUG] DEBUG_XPATH:   Current context node: SaradcSent (type=container, path=/Mcu/GtmConfiguration/GtmConfiguration_0/GtmToPeripheral/GtmToPeripheral/SaradcSent, children=['ChannelId', 'GtmTriggerSelect'])
[DEBUG] DEBUG_XPATH: _parse_path('*[num:i($SaradcCheckindexIn + 1)]/ChannelId') -> parts=['*[num:i($SaradcCheckindexIn + 1)]', 'ChannelId']
[DEBUG] DEBUG_XPATH: Navigating segment '*' (axis=child) from 1 nodes
[DEBUG] DEBUG_XPATH:   Current context node: SaradcSent (type=container, path=/Mcu/GtmConfiguration/GtmConfiguration_0/GtmToPeripheral/GtmToPeripheral/SaradcSent, children=['ChannelId', 'GtmTriggerSelect'])
[DEBUG] DEBUG_XPATH: _parse_path('*[num:i($SaradcCheckindex + 1)]/ChannelId') -> parts=['*[num:i($SaradcCheckindex + 1)]', 'ChannelId']
[DEBUG] DEBUG_XPATH: Navigating segment '*' (axis=child) from 1 nodes
[DEBUG] DEBUG_XPATH:   Current context node: SaradcSent (type=container, path=/Mcu/GtmConfiguration/GtmConfiguration_0/GtmToPeripheral/GtmToPeripheral/SaradcSent, children=['ChannelId', 'GtmTriggerSelect'])
[DEBUG] DEBUG: Evaluating condition: $ChidIn = $ChidOut
[DEBUG] DEBUG: Comparison [$ChidIn = $ChidOut] => [None = None] Result: True
[DEBUG] DEBUG: Evaluating condition: $triggIn = $triggOut
[DEBUG] DEBUG: Comparison [$triggIn = $triggOut] => [both empty ''] Result: False
[DEBUG] DEBUG_XPATH: _parse_path('*[num:i($SaradcCheckindexIn + 1)]/GtmTriggerSelect') -> parts=['*[num:i($SaradcCheckindexIn + 1)]', 'GtmTriggerSelect']
[DEBUG] DEBUG_XPATH: Navigating segment '*' (axis=child) from 1 nodes
[DEBUG] DEBUG_XPATH:   Current context node: SaradcSent (type=container, path=/Mcu/GtmConfiguration/GtmConfiguration_0/GtmToPeripheral/GtmToPeripheral/SaradcSent, children=['ChannelId', 'GtmTriggerSelect'])
[DEBUG] DEBUG_XPATH: _parse_path('*[num:i($SaradcCheckindexIn + 1)]/GtmTriggerSelect') -> parts=['*[num:i($SaradcCheckindexIn + 1)]', 'GtmTriggerSelect']
[DEBUG] DEBUG_XPATH: Navigating segment '*' (axis=child) from 1 nodes
[DEBUG] DEBUG_XPATH:   Current context node: SaradcSent (type=container, path=/Mcu/GtmConfiguration/GtmConfiguration_0/GtmToPeripheral/GtmToPeripheral/SaradcSent, children=['ChannelId', 'GtmTriggerSelect'])
[DEBUG] DEBUG_XPATH: _parse_path('*[num:i($SaradcCheckindex + 1)]/GtmTriggerSelect') -> parts=['*[num:i($SaradcCheckindex + 1)]', 'GtmTriggerSelect']
[DEBUG] DEBUG_XPATH: Navigating segment '*' (axis=child) from 1 nodes
[DEBUG] DEBUG_XPATH:   Current context node: SaradcSent (type=container, path=/Mcu/GtmConfiguration/GtmConfiguration_0/GtmToPeripheral/GtmToPeripheral/SaradcSent, children=['ChannelId', 'GtmTriggerSelect'])
[DEBUG] DEBUG_XPATH: _parse_path('*[num:i($SaradcCheckindex + 1)]/GtmTriggerSelect') -> parts=['*[num:i($SaradcCheckindex + 1)]', 'GtmTriggerSelect']
[DEBUG] DEBUG_XPATH: Navigating segment '*' (axis=child) from 1 nodes
[DEBUG] DEBUG_XPATH:   Current context node: SaradcSent (type=container, path=/Mcu/GtmConfiguration/GtmConfiguration_0/GtmToPeripheral/GtmToPeripheral/SaradcSent, children=['ChannelId', 'GtmTriggerSelect'])
[DEBUG] DEBUG_XPATH: _parse_path('*[num:i($SaradcCheckindexIn + 1)]/ChannelId') -> parts=['*[num:i($SaradcCheckindexIn + 1)]', 'ChannelId']
[DEBUG] DEBUG_XPATH: Navigating segment '*' (axis=child) from 1 nodes
[DEBUG] DEBUG_XPATH:   Current context node: SaradcSent (type=container, path=/Mcu/GtmConfiguration/GtmConfiguration_0/GtmToPeripheral/GtmToPeripheral/SaradcSent, children=['ChannelId', 'GtmTriggerSelect'])
[DEBUG] DEBUG_XPATH: _parse_path('*[num:i($SaradcCheckindex + 1)]/ChannelId') -> parts=['*[num:i($SaradcCheckindex + 1)]', 'ChannelId']
[DEBUG] DEBUG_XPATH: Navigating segment '*' (axis=child) from 1 nodes
[DEBUG] DEBUG_XPATH:   Current context node: SaradcSent (type=container, path=/Mcu/GtmConfiguration/GtmConfiguration_0/GtmToPeripheral/GtmToPeripheral/SaradcSent, children=['ChannelId', 'GtmTriggerSelect'])
[DEBUG] DEBUG: Evaluating condition: $ChidIn = $ChidOut
[DEBUG] DEBUG: Comparison [$ChidIn = $ChidOut] => [None = None] Result: True
[DEBUG] DEBUG: Evaluating condition: $triggIn = $triggOut
[DEBUG] DEBUG: Comparison [$triggIn = $triggOut] => [both empty ''] Result: False
[DEBUG] DEBUG_XPATH: _parse_path('*[num:i($SaradcCheckindexIn + 1)]/GtmTriggerSelect') -> parts=['*[num:i($SaradcCheckindexIn + 1)]', 'GtmTriggerSelect']
[DEBUG] DEBUG_XPATH: Navigating segment '*' (axis=child) from 1 nodes
[DEBUG] DEBUG_XPATH:   Current context node: SaradcSent (type=container, path=/Mcu/GtmConfiguration/GtmConfiguration_0/GtmToPeripheral/GtmToPeripheral/SaradcSent, children=['ChannelId', 'GtmTriggerSelect'])
[DEBUG] DEBUG_XPATH: _parse_path('*[num:i($SaradcCheckindexIn + 1)]/GtmTriggerSelect') -> parts=['*[num:i($SaradcCheckindexIn + 1)]', 'GtmTriggerSelect']
[DEBUG] DEBUG_XPATH: Navigating segment '*' (axis=child) from 1 nodes
[DEBUG] DEBUG_XPATH:   Current context node: SaradcSent (type=container, path=/Mcu/GtmConfiguration/GtmConfiguration_0/GtmToPeripheral/GtmToPeripheral/SaradcSent, children=['ChannelId', 'GtmTriggerSelect'])
[DEBUG] DEBUG_XPATH: _parse_path('*[num:i($SaradcCheckindex + 1)]/GtmTriggerSelect') -> parts=['*[num:i($SaradcCheckindex + 1)]', 'GtmTriggerSelect']
[DEBUG] DEBUG_XPATH: Navigating segment '*' (axis=child) from 1 nodes
[DEBUG] DEBUG_XPATH:   Current context node: SaradcSent (type=container, path=/Mcu/GtmConfiguration/GtmConfiguration_0/GtmToPeripheral/GtmToPeripheral/SaradcSent, children=['ChannelId', 'GtmTriggerSelect'])
[DEBUG] DEBUG_XPATH: _parse_path('*[num:i($SaradcCheckindex + 1)]/GtmTriggerSelect') -> parts=['*[num:i($SaradcCheckindex + 1)]', 'GtmTriggerSelect']
[DEBUG] DEBUG_XPATH: Navigating segment '*' (axis=child) from 1 nodes
[DEBUG] DEBUG_XPATH:   Current context node: SaradcSent (type=container, path=/Mcu/GtmConfiguration/GtmConfiguration_0/GtmToPeripheral/GtmToPeripheral/SaradcSent, children=['ChannelId', 'GtmTriggerSelect'])
[DEBUG] DEBUG_XPATH: _parse_path('*[num:i($SaradcCheckindexIn + 1)]/ChannelId') -> parts=['*[num:i($SaradcCheckindexIn + 1)]', 'ChannelId']
[DEBUG] DEBUG_XPATH: Navigating segment '*' (axis=child) from 1 nodes
[DEBUG] DEBUG_XPATH:   Current context node: SaradcSent (type=container, path=/Mcu/GtmConfiguration/GtmConfiguration_0/GtmToPeripheral/GtmToPeripheral/SaradcSent, children=['ChannelId', 'GtmTriggerSelect'])
[DEBUG] DEBUG_XPATH: _parse_path('*[num:i($SaradcCheckindex + 1)]/ChannelId') -> parts=['*[num:i($SaradcCheckindex + 1)]', 'ChannelId']
[DEBUG] DEBUG_XPATH: Navigating segment '*' (axis=child) from 1 nodes
[DEBUG] DEBUG_XPATH:   Current context node: SaradcSent (type=container, path=/Mcu/GtmConfiguration/GtmConfiguration_0/GtmToPeripheral/GtmToPeripheral/SaradcSent, children=['ChannelId', 'GtmTriggerSelect'])
[DEBUG] DEBUG: Evaluating condition: $ChidIn = $ChidOut
[DEBUG] DEBUG: Comparison [$ChidIn = $ChidOut] => [None = None] Result: True
[DEBUG] DEBUG: Evaluating condition: $triggIn = $triggOut
[DEBUG] DEBUG: Comparison [$triggIn = $triggOut] => [both empty ''] Result: False
[DEBUG] DEBUG_XPATH: _parse_path('*[num:i($SaradcCheckindexIn + 1)]/GtmTriggerSelect') -> parts=['*[num:i($SaradcCheckindexIn + 1)]', 'GtmTriggerSelect']
[DEBUG] DEBUG_XPATH: Navigating segment '*' (axis=child) from 1 nodes
[DEBUG] DEBUG_XPATH:   Current context node: SaradcSent (type=container, path=/Mcu/GtmConfiguration/GtmConfiguration_0/GtmToPeripheral/GtmToPeripheral/SaradcSent, children=['ChannelId', 'GtmTriggerSelect'])
[DEBUG] DEBUG_XPATH: _parse_path('*[num:i($SaradcCheckindexIn + 1)]/GtmTriggerSelect') -> parts=['*[num:i($SaradcCheckindexIn + 1)]', 'GtmTriggerSelect']
[DEBUG] DEBUG_XPATH: Navigating segment '*' (axis=child) from 1 nodes
[DEBUG] DEBUG_XPATH:   Current context node: SaradcSent (type=container, path=/Mcu/GtmConfiguration/GtmConfiguration_0/GtmToPeripheral/GtmToPeripheral/SaradcSent, children=['ChannelId', 'GtmTriggerSelect'])
[DEBUG] DEBUG_XPATH: _parse_path('*[num:i($SaradcCheckindex + 1)]/GtmTriggerSelect') -> parts=['*[num:i($SaradcCheckindex + 1)]', 'GtmTriggerSelect']
[DEBUG] DEBUG_XPATH: Navigating segment '*' (axis=child) from 1 nodes
[DEBUG] DEBUG_XPATH:   Current context node: SaradcSent (type=container, path=/Mcu/GtmConfiguration/GtmConfiguration_0/GtmToPeripheral/GtmToPeripheral/SaradcSent, children=['ChannelId', 'GtmTriggerSelect'])
[DEBUG] DEBUG_XPATH: _parse_path('*[num:i($SaradcCheckindex + 1)]/GtmTriggerSelect') -> parts=['*[num:i($SaradcCheckindex + 1)]', 'GtmTriggerSelect']
[DEBUG] DEBUG_XPATH: Navigating segment '*' (axis=child) from 1 nodes
[DEBUG] DEBUG_XPATH:   Current context node: SaradcSent (type=container, path=/Mcu/GtmConfiguration/GtmConfiguration_0/GtmToPeripheral/GtmToPeripheral/SaradcSent, children=['ChannelId', 'GtmTriggerSelect'])
[DEBUG] DEBUG_XPATH: _parse_path('*[num:i($SaradcCheckindexIn + 1)]/ChannelId') -> parts=['*[num:i($SaradcCheckindexIn + 1)]', 'ChannelId']
[DEBUG] DEBUG_XPATH: Navigating segment '*' (axis=child) from 1 nodes
[DEBUG] DEBUG_XPATH:   Current context node: SaradcSent (type=container, path=/Mcu/GtmConfiguration/GtmConfiguration_0/GtmToPeripheral/GtmToPeripheral/SaradcSent, children=['ChannelId', 'GtmTriggerSelect'])
[DEBUG] DEBUG_XPATH: _parse_path('*[num:i($SaradcCheckindex + 1)]/ChannelId') -> parts=['*[num:i($SaradcCheckindex + 1)]', 'ChannelId']
[DEBUG] DEBUG_XPATH: Navigating segment '*' (axis=child) from 1 nodes
[DEBUG] DEBUG_XPATH:   Current context node: SaradcSent (type=container, path=/Mcu/GtmConfiguration/GtmConfiguration_0/GtmToPeripheral/GtmToPeripheral/SaradcSent, children=['ChannelId', 'GtmTriggerSelect'])
[DEBUG] DEBUG: Evaluating condition: $ChidIn = $ChidOut
[DEBUG] DEBUG: Comparison [$ChidIn = $ChidOut] => [None = None] Result: True
[DEBUG] DEBUG: Evaluating condition: $triggIn = $triggOut
[DEBUG] DEBUG: Comparison [$triggIn = $triggOut] => [both empty ''] Result: False
[DEBUG] DEBUG_XPATH: _parse_path('*[num:i($SaradcCheckindexIn + 1)]/GtmTriggerSelect') -> parts=['*[num:i($SaradcCheckindexIn + 1)]', 'GtmTriggerSelect']
[DEBUG] DEBUG_XPATH: Navigating segment '*' (axis=child) from 1 nodes
[DEBUG] DEBUG_XPATH:   Current context node: SaradcSent (type=container, path=/Mcu/GtmConfiguration/GtmConfiguration_0/GtmToPeripheral/GtmToPeripheral/SaradcSent, children=['ChannelId', 'GtmTriggerSelect'])
[DEBUG] DEBUG_XPATH: _parse_path('*[num:i($SaradcCheckindexIn + 1)]/GtmTriggerSelect') -> parts=['*[num:i($SaradcCheckindexIn + 1)]', 'GtmTriggerSelect']
[DEBUG] DEBUG_XPATH: Navigating segment '*' (axis=child) from 1 nodes
[DEBUG] DEBUG_XPATH:   Current context node: SaradcSent (type=container, path=/Mcu/GtmConfiguration/GtmConfiguration_0/GtmToPeripheral/GtmToPeripheral/SaradcSent, children=['ChannelId', 'GtmTriggerSelect'])
[DEBUG] DEBUG_XPATH: _parse_path('*[num:i($SaradcCheckindex + 1)]/GtmTriggerSelect') -> parts=['*[num:i($SaradcCheckindex + 1)]', 'GtmTriggerSelect']
[DEBUG] DEBUG_XPATH: Navigating segment '*' (axis=child) from 1 nodes
[DEBUG] DEBUG_XPATH:   Current context node: SaradcSent (type=container, path=/Mcu/GtmConfiguration/GtmConfiguration_0/GtmToPeripheral/GtmToPeripheral/SaradcSent, children=['ChannelId', 'GtmTriggerSelect'])
[DEBUG] DEBUG_XPATH: _parse_path('*[num:i($SaradcCheckindex + 1)]/GtmTriggerSelect') -> parts=['*[num:i($SaradcCheckindex + 1)]', 'GtmTriggerSelect']
[DEBUG] DEBUG_XPATH: Navigating segment '*' (axis=child) from 1 nodes
[DEBUG] DEBUG_XPATH:   Current context node: SaradcSent (type=container, path=/Mcu/GtmConfiguration/GtmConfiguration_0/GtmToPeripheral/GtmToPeripheral/SaradcSent, children=['ChannelId', 'GtmTriggerSelect'])
[DEBUG] DEBUG_XPATH: _parse_path('*[num:i($SaradcCheckindexIn + 1)]/ChannelId') -> parts=['*[num:i($SaradcCheckindexIn + 1)]', 'ChannelId']
[DEBUG] DEBUG_XPATH: Navigating segment '*' (axis=child) from 1 nodes
[DEBUG] DEBUG_XPATH:   Current context node: SaradcSent (type=container, path=/Mcu/GtmConfiguration/GtmConfiguration_0/GtmToPeripheral/GtmToPeripheral/SaradcSent, children=['ChannelId', 'GtmTriggerSelect'])
[DEBUG] DEBUG_XPATH: _parse_path('*[num:i($SaradcCheckindex + 1)]/ChannelId') -> parts=['*[num:i($SaradcCheckindex + 1)]', 'ChannelId']
[DEBUG] DEBUG_XPATH: Navigating segment '*' (axis=child) from 1 nodes
[DEBUG] DEBUG_XPATH:   Current context node: SaradcSent (type=container, path=/Mcu/GtmConfiguration/GtmConfiguration_0/GtmToPeripheral/GtmToPeripheral/SaradcSent, children=['ChannelId', 'GtmTriggerSelect'])
[DEBUG] DEBUG: Evaluating condition: $ChidIn = $ChidOut
[DEBUG] DEBUG: Comparison [$ChidIn = $ChidOut] => [None = None] Result: True
[DEBUG] DEBUG: Evaluating condition: $triggIn = $triggOut
[DEBUG] DEBUG: Comparison [$triggIn = $triggOut] => [both empty ''] Result: False
[DEBUG] DEBUG_XPATH: _parse_path('*[num:i($SaradcCheckindexIn + 1)]/GtmTriggerSelect') -> parts=['*[num:i($SaradcCheckindexIn + 1)]', 'GtmTriggerSelect']
[DEBUG] DEBUG_XPATH: Navigating segment '*' (axis=child) from 1 nodes
[DEBUG] DEBUG_XPATH:   Current context node: SaradcSent (type=container, path=/Mcu/GtmConfiguration/GtmConfiguration_0/GtmToPeripheral/GtmToPeripheral/SaradcSent, children=['ChannelId', 'GtmTriggerSelect'])
[DEBUG] DEBUG_XPATH: _parse_path('*[num:i($SaradcCheckindexIn + 1)]/GtmTriggerSelect') -> parts=['*[num:i($SaradcCheckindexIn + 1)]', 'GtmTriggerSelect']
[DEBUG] DEBUG_XPATH: Navigating segment '*' (axis=child) from 1 nodes
[DEBUG] DEBUG_XPATH:   Current context node: SaradcSent (type=container, path=/Mcu/GtmConfiguration/GtmConfiguration_0/GtmToPeripheral/GtmToPeripheral/SaradcSent, children=['ChannelId', 'GtmTriggerSelect'])
[DEBUG] DEBUG_XPATH: _parse_path('*[num:i($SaradcCheckindex + 1)]/GtmTriggerSelect') -> parts=['*[num:i($SaradcCheckindex + 1)]', 'GtmTriggerSelect']
[DEBUG] DEBUG_XPATH: Navigating segment '*' (axis=child) from 1 nodes
[DEBUG] DEBUG_XPATH:   Current context node: SaradcSent (type=container, path=/Mcu/GtmConfiguration/GtmConfiguration_0/GtmToPeripheral/GtmToPeripheral/SaradcSent, children=['ChannelId', 'GtmTriggerSelect'])
[DEBUG] DEBUG_XPATH: _parse_path('*[num:i($SaradcCheckindex + 1)]/GtmTriggerSelect') -> parts=['*[num:i($SaradcCheckindex + 1)]', 'GtmTriggerSelect']
[DEBUG] DEBUG_XPATH: Navigating segment '*' (axis=child) from 1 nodes
[DEBUG] DEBUG_XPATH:   Current context node: SaradcSent (type=container, path=/Mcu/GtmConfiguration/GtmConfiguration_0/GtmToPeripheral/GtmToPeripheral/SaradcSent, children=['ChannelId', 'GtmTriggerSelect'])
[DEBUG] DEBUG_XPATH: _parse_path('*[num:i($SaradcCheckindexIn + 1)]/ChannelId') -> parts=['*[num:i($SaradcCheckindexIn + 1)]', 'ChannelId']
[DEBUG] DEBUG_XPATH: Navigating segment '*' (axis=child) from 1 nodes
[DEBUG] DEBUG_XPATH:   Current context node: SaradcSent (type=container, path=/Mcu/GtmConfiguration/GtmConfiguration_0/GtmToPeripheral/GtmToPeripheral/SaradcSent, children=['ChannelId', 'GtmTriggerSelect'])
[DEBUG] DEBUG_XPATH: _parse_path('*[num:i($SaradcCheckindex + 1)]/ChannelId') -> parts=['*[num:i($SaradcCheckindex + 1)]', 'ChannelId']
[DEBUG] DEBUG_XPATH: Navigating segment '*' (axis=child) from 1 nodes
[DEBUG] DEBUG_XPATH:   Current context node: SaradcSent (type=container, path=/Mcu/GtmConfiguration/GtmConfiguration_0/GtmToPeripheral/GtmToPeripheral/SaradcSent, children=['ChannelId', 'GtmTriggerSelect'])
[DEBUG] DEBUG: Evaluating condition: $ChidIn = $ChidOut
[DEBUG] DEBUG: Comparison [$ChidIn = $ChidOut] => [None = None] Result: True
[DEBUG] DEBUG: Evaluating condition: $triggIn = $triggOut
[DEBUG] DEBUG: Comparison [$triggIn = $triggOut] => [both empty ''] Result: False
[DEBUG] DEBUG_XPATH: _parse_path('*[num:i($SaradcCheckindexIn + 1)]/GtmTriggerSelect') -> parts=['*[num:i($SaradcCheckindexIn + 1)]', 'GtmTriggerSelect']
[DEBUG] DEBUG_XPATH: Navigating segment '*' (axis=child) from 1 nodes
[DEBUG] DEBUG_XPATH:   Current context node: SaradcSent (type=container, path=/Mcu/GtmConfiguration/GtmConfiguration_0/GtmToPeripheral/GtmToPeripheral/SaradcSent, children=['ChannelId', 'GtmTriggerSelect'])
[DEBUG] DEBUG_XPATH: _parse_path('*[num:i($SaradcCheckindexIn + 1)]/GtmTriggerSelect') -> parts=['*[num:i($SaradcCheckindexIn + 1)]', 'GtmTriggerSelect']
[DEBUG] DEBUG_XPATH: Navigating segment '*' (axis=child) from 1 nodes
[DEBUG] DEBUG_XPATH:   Current context node: SaradcSent (type=container, path=/Mcu/GtmConfiguration/GtmConfiguration_0/GtmToPeripheral/GtmToPeripheral/SaradcSent, children=['ChannelId', 'GtmTriggerSelect'])
[DEBUG] DEBUG_XPATH: _parse_path('*[num:i($SaradcCheckindex + 1)]/GtmTriggerSelect') -> parts=['*[num:i($SaradcCheckindex + 1)]', 'GtmTriggerSelect']
[DEBUG] DEBUG_XPATH: Navigating segment '*' (axis=child) from 1 nodes
[DEBUG] DEBUG_XPATH:   Current context node: SaradcSent (type=container, path=/Mcu/GtmConfiguration/GtmConfiguration_0/GtmToPeripheral/GtmToPeripheral/SaradcSent, children=['ChannelId', 'GtmTriggerSelect'])
[DEBUG] DEBUG_XPATH: _parse_path('*[num:i($SaradcCheckindex + 1)]/GtmTriggerSelect') -> parts=['*[num:i($SaradcCheckindex + 1)]', 'GtmTriggerSelect']
[DEBUG] DEBUG_XPATH: Navigating segment '*' (axis=child) from 1 nodes
[DEBUG] DEBUG_XPATH:   Current context node: SaradcSent (type=container, path=/Mcu/GtmConfiguration/GtmConfiguration_0/GtmToPeripheral/GtmToPeripheral/SaradcSent, children=['ChannelId', 'GtmTriggerSelect'])
[DEBUG] DEBUG_XPATH: _parse_path('*[num:i($SaradcCheckindexIn + 1)]/ChannelId') -> parts=['*[num:i($SaradcCheckindexIn + 1)]', 'ChannelId']
[DEBUG] DEBUG_XPATH: Navigating segment '*' (axis=child) from 1 nodes
[DEBUG] DEBUG_XPATH:   Current context node: SaradcSent (type=container, path=/Mcu/GtmConfiguration/GtmConfiguration_0/GtmToPeripheral/GtmToPeripheral/SaradcSent, children=['ChannelId', 'GtmTriggerSelect'])
[DEBUG] DEBUG_XPATH: _parse_path('*[num:i($SaradcCheckindex + 1)]/ChannelId') -> parts=['*[num:i($SaradcCheckindex + 1)]', 'ChannelId']
[DEBUG] DEBUG_XPATH: Navigating segment '*' (axis=child) from 1 nodes
[DEBUG] DEBUG_XPATH:   Current context node: SaradcSent (type=container, path=/Mcu/GtmConfiguration/GtmConfiguration_0/GtmToPeripheral/GtmToPeripheral/SaradcSent, children=['ChannelId', 'GtmTriggerSelect'])
[DEBUG] DEBUG: Evaluating condition: $ChidIn = $ChidOut
[DEBUG] DEBUG: Comparison [$ChidIn = $ChidOut] => [None = None] Result: True
[DEBUG] DEBUG: Evaluating condition: $triggIn = $triggOut
[DEBUG] DEBUG: Comparison [$triggIn = $triggOut] => [both empty ''] Result: False
[DEBUG] DEBUG_XPATH: _parse_path('*[num:i($SaradcCheckindexIn + 1)]/GtmTriggerSelect') -> parts=['*[num:i($SaradcCheckindexIn + 1)]', 'GtmTriggerSelect']
[DEBUG] DEBUG_XPATH: Navigating segment '*' (axis=child) from 1 nodes
[DEBUG] DEBUG_XPATH:   Current context node: SaradcSent (type=container, path=/Mcu/GtmConfiguration/GtmConfiguration_0/GtmToPeripheral/GtmToPeripheral/SaradcSent, children=['ChannelId', 'GtmTriggerSelect'])
[DEBUG] DEBUG_XPATH: _parse_path('*[num:i($SaradcCheckindexIn + 1)]/GtmTriggerSelect') -> parts=['*[num:i($SaradcCheckindexIn + 1)]', 'GtmTriggerSelect']
[DEBUG] DEBUG_XPATH: Navigating segment '*' (axis=child) from 1 nodes
[DEBUG] DEBUG_XPATH:   Current context node: SaradcSent (type=container, path=/Mcu/GtmConfiguration/GtmConfiguration_0/GtmToPeripheral/GtmToPeripheral/SaradcSent, children=['ChannelId', 'GtmTriggerSelect'])
[DEBUG] DEBUG_XPATH: _parse_path('*[num:i($SaradcCheckindex + 1)]/GtmTriggerSelect') -> parts=['*[num:i($SaradcCheckindex + 1)]', 'GtmTriggerSelect']
[DEBUG] DEBUG_XPATH: Navigating segment '*' (axis=child) from 1 nodes
[DEBUG] DEBUG_XPATH:   Current context node: SaradcSent (type=container, path=/Mcu/GtmConfiguration/GtmConfiguration_0/GtmToPeripheral/GtmToPeripheral/SaradcSent, children=['ChannelId', 'GtmTriggerSelect'])
[DEBUG] DEBUG_XPATH: _parse_path('*[num:i($SaradcCheckindex + 1)]/GtmTriggerSelect') -> parts=['*[num:i($SaradcCheckindex + 1)]', 'GtmTriggerSelect']
[DEBUG] DEBUG_XPATH: Navigating segment '*' (axis=child) from 1 nodes
[DEBUG] DEBUG_XPATH:   Current context node: SaradcSent (type=container, path=/Mcu/GtmConfiguration/GtmConfiguration_0/GtmToPeripheral/GtmToPeripheral/SaradcSent, children=['ChannelId', 'GtmTriggerSelect'])
[DEBUG] DEBUG_XPATH: _parse_path('*[num:i($SaradcCheckindexIn + 1)]/ChannelId') -> parts=['*[num:i($SaradcCheckindexIn + 1)]', 'ChannelId']
[DEBUG] DEBUG_XPATH: Navigating segment '*' (axis=child) from 1 nodes
[DEBUG] DEBUG_XPATH:   Current context node: SaradcSent (type=container, path=/Mcu/GtmConfiguration/GtmConfiguration_0/GtmToPeripheral/GtmToPeripheral/SaradcSent, children=['ChannelId', 'GtmTriggerSelect'])
[DEBUG] DEBUG_XPATH: _parse_path('*[num:i($SaradcCheckindex + 1)]/ChannelId') -> parts=['*[num:i($SaradcCheckindex + 1)]', 'ChannelId']
[DEBUG] DEBUG_XPATH: Navigating segment '*' (axis=child) from 1 nodes
[DEBUG] DEBUG_XPATH:   Current context node: SaradcSent (type=container, path=/Mcu/GtmConfiguration/GtmConfiguration_0/GtmToPeripheral/GtmToPeripheral/SaradcSent, children=['ChannelId', 'GtmTriggerSelect'])
[DEBUG] DEBUG: Evaluating condition: $ChidIn = $ChidOut
[DEBUG] DEBUG: Comparison [$ChidIn = $ChidOut] => [None = None] Result: True
[DEBUG] DEBUG: Evaluating condition: $triggIn = $triggOut
[DEBUG] DEBUG: Comparison [$triggIn = $triggOut] => [both empty ''] Result: False
[DEBUG] DEBUG_XPATH: _parse_path('*[num:i($SaradcCheckindexIn + 1)]/GtmTriggerSelect') -> parts=['*[num:i($SaradcCheckindexIn + 1)]', 'GtmTriggerSelect']
[DEBUG] DEBUG_XPATH: Navigating segment '*' (axis=child) from 1 nodes
[DEBUG] DEBUG_XPATH:   Current context node: SaradcSent (type=container, path=/Mcu/GtmConfiguration/GtmConfiguration_0/GtmToPeripheral/GtmToPeripheral/SaradcSent, children=['ChannelId', 'GtmTriggerSelect'])
[DEBUG] DEBUG_XPATH: _parse_path('*[num:i($SaradcCheckindexIn + 1)]/GtmTriggerSelect') -> parts=['*[num:i($SaradcCheckindexIn + 1)]', 'GtmTriggerSelect']
[DEBUG] DEBUG_XPATH: Navigating segment '*' (axis=child) from 1 nodes
[DEBUG] DEBUG_XPATH:   Current context node: SaradcSent (type=container, path=/Mcu/GtmConfiguration/GtmConfiguration_0/GtmToPeripheral/GtmToPeripheral/SaradcSent, children=['ChannelId', 'GtmTriggerSelect'])
[DEBUG] DEBUG_XPATH: _parse_path('*[num:i($SaradcCheckindex + 1)]/GtmTriggerSelect') -> parts=['*[num:i($SaradcCheckindex + 1)]', 'GtmTriggerSelect']
[DEBUG] DEBUG_XPATH: Navigating segment '*' (axis=child) from 1 nodes
[DEBUG] DEBUG_XPATH:   Current context node: SaradcSent (type=container, path=/Mcu/GtmConfiguration/GtmConfiguration_0/GtmToPeripheral/GtmToPeripheral/SaradcSent, children=['ChannelId', 'GtmTriggerSelect'])
[DEBUG] DEBUG_XPATH: _parse_path('*[num:i($SaradcCheckindex + 1)]/GtmTriggerSelect') -> parts=['*[num:i($SaradcCheckindex + 1)]', 'GtmTriggerSelect']
[DEBUG] DEBUG_XPATH: Navigating segment '*' (axis=child) from 1 nodes
[DEBUG] DEBUG_XPATH:   Current context node: SaradcSent (type=container, path=/Mcu/GtmConfiguration/GtmConfiguration_0/GtmToPeripheral/GtmToPeripheral/SaradcSent, children=['ChannelId', 'GtmTriggerSelect'])
[DEBUG] DEBUG_XPATH: _parse_path('*[num:i($SaradcCheckindexIn + 1)]/ChannelId') -> parts=['*[num:i($SaradcCheckindexIn + 1)]', 'ChannelId']
[DEBUG] DEBUG_XPATH: Navigating segment '*' (axis=child) from 1 nodes
[DEBUG] DEBUG_XPATH:   Current context node: SaradcSent (type=container, path=/Mcu/GtmConfiguration/GtmConfiguration_0/GtmToPeripheral/GtmToPeripheral/SaradcSent, children=['ChannelId', 'GtmTriggerSelect'])
[DEBUG] DEBUG_XPATH: _parse_path('*[num:i($SaradcCheckindex + 1)]/ChannelId') -> parts=['*[num:i($SaradcCheckindex + 1)]', 'ChannelId']
[DEBUG] DEBUG_XPATH: Navigating segment '*' (axis=child) from 1 nodes
[DEBUG] DEBUG_XPATH:   Current context node: SaradcSent (type=container, path=/Mcu/GtmConfiguration/GtmConfiguration_0/GtmToPeripheral/GtmToPeripheral/SaradcSent, children=['ChannelId', 'GtmTriggerSelect'])
[DEBUG] DEBUG: Evaluating condition: $ChidIn = $ChidOut
[DEBUG] DEBUG: Comparison [$ChidIn = $ChidOut] => [None = None] Result: True
[DEBUG] DEBUG: Evaluating condition: $triggIn = $triggOut
[DEBUG] DEBUG: Comparison [$triggIn = $triggOut] => [both empty ''] Result: False
[DEBUG] DEBUG_XPATH: _parse_path('*[num:i($AdcIndex + 1)]/GtmTriggerSelect') -> parts=['*[num:i($AdcIndex + 1)]', 'GtmTriggerSelect']
[DEBUG] DEBUG_XPATH: Navigating segment '*' (axis=child) from 1 nodes
[DEBUG] DEBUG_XPATH:   Current context node: SaradcSent (type=container, path=/Mcu/GtmConfiguration/GtmConfiguration_0/GtmToPeripheral/GtmToPeripheral/SaradcSent, children=['ChannelId', 'GtmTriggerSelect'])
[DEBUG] DEBUG: Evaluating condition: $TrigerSelect != 'NO_TRIGGER'
[DEBUG] DEBUG: Comparison [$TrigerSelect != 'NO_TRIGGER'] => [ != NO_TRIGGER] Result: True
[DEBUG] DEBUG_XPATH: _parse_path('*[num:i($AdcIndex + 1)]/GtmTriggerSelect') -> parts=['*[num:i($AdcIndex + 1)]', 'GtmTriggerSelect']
[DEBUG] DEBUG_XPATH: Navigating segment '*' (axis=child) from 1 nodes
[DEBUG] DEBUG_XPATH:   Current context node: SaradcSent (type=container, path=/Mcu/GtmConfiguration/GtmConfiguration_0/GtmToPeripheral/GtmToPeripheral/SaradcSent, children=['ChannelId', 'GtmTriggerSelect'])
[DEBUG] DEBUG_XPATH: _parse_path('*[num:i($AdcIndex + 1)]/ChannelId') -> parts=['*[num:i($AdcIndex + 1)]', 'ChannelId']
[DEBUG] DEBUG_XPATH: Navigating segment '*' (axis=child) from 1 nodes
[DEBUG] DEBUG_XPATH:   Current context node: SaradcSent (type=container, path=/Mcu/GtmConfiguration/GtmConfiguration_0/GtmToPeripheral/GtmToPeripheral/SaradcSent, children=['ChannelId', 'GtmTriggerSelect'])
[DEBUG] DEBUG_XPATH: _parse_path('*[num:i($AdcIndex + 1)]/GtmTriggerSelect') -> parts=['*[num:i($AdcIndex + 1)]', 'GtmTriggerSelect']
[DEBUG] DEBUG_XPATH: Navigating segment '*' (axis=child) from 1 nodes
[DEBUG] DEBUG_XPATH:   Current context node: SaradcSent (type=container, path=/Mcu/GtmConfiguration/GtmConfiguration_0/GtmToPeripheral/GtmToPeripheral/SaradcSent, children=['ChannelId', 'GtmTriggerSelect'])
[DEBUG] DEBUG_XPATH: _parse_path('*[num:i($AdcIndex + 1)]/GtmTriggerSelect') -> parts=['*[num:i($AdcIndex + 1)]', 'GtmTriggerSelect']
[DEBUG] DEBUG_XPATH: Navigating segment '*' (axis=child) from 1 nodes
[DEBUG] DEBUG_XPATH:   Current context node: SaradcSent (type=container, path=/Mcu/GtmConfiguration/GtmConfiguration_0/GtmToPeripheral/GtmToPeripheral/SaradcSent, children=['ChannelId', 'GtmTriggerSelect'])
[DEBUG] DEBUG_XPATH: _parse_path('*[num:i($AdcIndex + 1)]/GtmTriggerSelect') -> parts=['*[num:i($AdcIndex + 1)]', 'GtmTriggerSelect']
[DEBUG] DEBUG_XPATH: Navigating segment '*' (axis=child) from 1 nodes
[DEBUG] DEBUG_XPATH:   Current context node: SaradcSent (type=container, path=/Mcu/GtmConfiguration/GtmConfiguration_0/GtmToPeripheral/GtmToPeripheral/SaradcSent, children=['ChannelId', 'GtmTriggerSelect'])
[DEBUG] DEBUG: Evaluating condition: $TrigerSelect != 'NO_TRIGGER'
[DEBUG] DEBUG: Comparison [$TrigerSelect != 'NO_TRIGGER'] => [ != NO_TRIGGER] Result: True
[DEBUG] DEBUG_XPATH: _parse_path('*[num:i($AdcIndex + 1)]/GtmTriggerSelect') -> parts=['*[num:i($AdcIndex + 1)]', 'GtmTriggerSelect']
[DEBUG] DEBUG_XPATH: Navigating segment '*' (axis=child) from 1 nodes
[DEBUG] DEBUG_XPATH:   Current context node: SaradcSent (type=container, path=/Mcu/GtmConfiguration/GtmConfiguration_0/GtmToPeripheral/GtmToPeripheral/SaradcSent, children=['ChannelId', 'GtmTriggerSelect'])
[DEBUG] DEBUG_XPATH: _parse_path('*[num:i($AdcIndex + 1)]/ChannelId') -> parts=['*[num:i($AdcIndex + 1)]', 'ChannelId']
[DEBUG] DEBUG_XPATH: Navigating segment '*' (axis=child) from 1 nodes
[DEBUG] DEBUG_XPATH:   Current context node: SaradcSent (type=container, path=/Mcu/GtmConfiguration/GtmConfiguration_0/GtmToPeripheral/GtmToPeripheral/SaradcSent, children=['ChannelId', 'GtmTriggerSelect'])
[DEBUG] DEBUG_XPATH: _parse_path('*[num:i($AdcIndex + 1)]/GtmTriggerSelect') -> parts=['*[num:i($AdcIndex + 1)]', 'GtmTriggerSelect']
[DEBUG] DEBUG_XPATH: Navigating segment '*' (axis=child) from 1 nodes
[DEBUG] DEBUG_XPATH:   Current context node: SaradcSent (type=container, path=/Mcu/GtmConfiguration/GtmConfiguration_0/GtmToPeripheral/GtmToPeripheral/SaradcSent, children=['ChannelId', 'GtmTriggerSelect'])
[DEBUG] DEBUG_XPATH: _parse_path('*[num:i($AdcIndex + 1)]/GtmTriggerSelect') -> parts=['*[num:i($AdcIndex + 1)]', 'GtmTriggerSelect']
[DEBUG] DEBUG_XPATH: Navigating segment '*' (axis=child) from 1 nodes
[DEBUG] DEBUG_XPATH:   Current context node: SaradcSent (type=container, path=/Mcu/GtmConfiguration/GtmConfiguration_0/GtmToPeripheral/GtmToPeripheral/SaradcSent, children=['ChannelId', 'GtmTriggerSelect'])
[DEBUG] DEBUG_XPATH: _parse_path('*[num:i($AdcIndex + 1)]/GtmTriggerSelect') -> parts=['*[num:i($AdcIndex + 1)]', 'GtmTriggerSelect']
[DEBUG] DEBUG_XPATH: Navigating segment '*' (axis=child) from 1 nodes
[DEBUG] DEBUG_XPATH:   Current context node: SaradcSent (type=container, path=/Mcu/GtmConfiguration/GtmConfiguration_0/GtmToPeripheral/GtmToPeripheral/SaradcSent, children=['ChannelId', 'GtmTriggerSelect'])
[DEBUG] DEBUG: Evaluating condition: $TrigerSelect != 'NO_TRIGGER'
[DEBUG] DEBUG: Comparison [$TrigerSelect != 'NO_TRIGGER'] => [ != NO_TRIGGER] Result: True
[DEBUG] DEBUG_XPATH: _parse_path('*[num:i($AdcIndex + 1)]/GtmTriggerSelect') -> parts=['*[num:i($AdcIndex + 1)]', 'GtmTriggerSelect']
[DEBUG] DEBUG_XPATH: Navigating segment '*' (axis=child) from 1 nodes
[DEBUG] DEBUG_XPATH:   Current context node: SaradcSent (type=container, path=/Mcu/GtmConfiguration/GtmConfiguration_0/GtmToPeripheral/GtmToPeripheral/SaradcSent, children=['ChannelId', 'GtmTriggerSelect'])
[DEBUG] DEBUG_XPATH: _parse_path('*[num:i($AdcIndex + 1)]/ChannelId') -> parts=['*[num:i($AdcIndex + 1)]', 'ChannelId']
[DEBUG] DEBUG_XPATH: Navigating segment '*' (axis=child) from 1 nodes
[DEBUG] DEBUG_XPATH:   Current context node: SaradcSent (type=container, path=/Mcu/GtmConfiguration/GtmConfiguration_0/GtmToPeripheral/GtmToPeripheral/SaradcSent, children=['ChannelId', 'GtmTriggerSelect'])
[DEBUG] DEBUG_XPATH: _parse_path('*[num:i($AdcIndex + 1)]/GtmTriggerSelect') -> parts=['*[num:i($AdcIndex + 1)]', 'GtmTriggerSelect']
[DEBUG] DEBUG_XPATH: Navigating segment '*' (axis=child) from 1 nodes
[DEBUG] DEBUG_XPATH:   Current context node: SaradcSent (type=container, path=/Mcu/GtmConfiguration/GtmConfiguration_0/GtmToPeripheral/GtmToPeripheral/SaradcSent, children=['ChannelId', 'GtmTriggerSelect'])
[DEBUG] DEBUG_XPATH: _parse_path('*[num:i($AdcIndex + 1)]/GtmTriggerSelect') -> parts=['*[num:i($AdcIndex + 1)]', 'GtmTriggerSelect']
[DEBUG] DEBUG_XPATH: Navigating segment '*' (axis=child) from 1 nodes
[DEBUG] DEBUG_XPATH:   Current context node: SaradcSent (type=container, path=/Mcu/GtmConfiguration/GtmConfiguration_0/GtmToPeripheral/GtmToPeripheral/SaradcSent, children=['ChannelId', 'GtmTriggerSelect'])
[DEBUG] DEBUG_XPATH: _parse_path('*[num:i($AdcIndex + 1)]/GtmTriggerSelect') -> parts=['*[num:i($AdcIndex + 1)]', 'GtmTriggerSelect']
[DEBUG] DEBUG_XPATH: Navigating segment '*' (axis=child) from 1 nodes
[DEBUG] DEBUG_XPATH:   Current context node: SaradcSent (type=container, path=/Mcu/GtmConfiguration/GtmConfiguration_0/GtmToPeripheral/GtmToPeripheral/SaradcSent, children=['ChannelId', 'GtmTriggerSelect'])
[DEBUG] DEBUG: Evaluating condition: $TrigerSelect != 'NO_TRIGGER'
[DEBUG] DEBUG: Comparison [$TrigerSelect != 'NO_TRIGGER'] => [ != NO_TRIGGER] Result: True
[DEBUG] DEBUG_XPATH: _parse_path('*[num:i($AdcIndex + 1)]/GtmTriggerSelect') -> parts=['*[num:i($AdcIndex + 1)]', 'GtmTriggerSelect']
[DEBUG] DEBUG_XPATH: Navigating segment '*' (axis=child) from 1 nodes
[DEBUG] DEBUG_XPATH:   Current context node: SaradcSent (type=container, path=/Mcu/GtmConfiguration/GtmConfiguration_0/GtmToPeripheral/GtmToPeripheral/SaradcSent, children=['ChannelId', 'GtmTriggerSelect'])
[DEBUG] DEBUG_XPATH: _parse_path('*[num:i($AdcIndex + 1)]/ChannelId') -> parts=['*[num:i($AdcIndex + 1)]', 'ChannelId']
[DEBUG] DEBUG_XPATH: Navigating segment '*' (axis=child) from 1 nodes
[DEBUG] DEBUG_XPATH:   Current context node: SaradcSent (type=container, path=/Mcu/GtmConfiguration/GtmConfiguration_0/GtmToPeripheral/GtmToPeripheral/SaradcSent, children=['ChannelId', 'GtmTriggerSelect'])
[DEBUG] DEBUG_XPATH: _parse_path('*[num:i($AdcIndex + 1)]/GtmTriggerSelect') -> parts=['*[num:i($AdcIndex + 1)]', 'GtmTriggerSelect']
[DEBUG] DEBUG_XPATH: Navigating segment '*' (axis=child) from 1 nodes
[DEBUG] DEBUG_XPATH:   Current context node: SaradcSent (type=container, path=/Mcu/GtmConfiguration/GtmConfiguration_0/GtmToPeripheral/GtmToPeripheral/SaradcSent, children=['ChannelId', 'GtmTriggerSelect'])
[DEBUG] DEBUG_XPATH: _parse_path('*[num:i($AdcIndex + 1)]/GtmTriggerSelect') -> parts=['*[num:i($AdcIndex + 1)]', 'GtmTriggerSelect']
[DEBUG] DEBUG_XPATH: Navigating segment '*' (axis=child) from 1 nodes
[DEBUG] DEBUG_XPATH:   Current context node: SaradcSent (type=container, path=/Mcu/GtmConfiguration/GtmConfiguration_0/GtmToPeripheral/GtmToPeripheral/SaradcSent, children=['ChannelId', 'GtmTriggerSelect'])
[DEBUG] DEBUG_XPATH: _parse_path('*[num:i($AdcIndex + 1)]/GtmTriggerSelect') -> parts=['*[num:i($AdcIndex + 1)]', 'GtmTriggerSelect']
[DEBUG] DEBUG_XPATH: Navigating segment '*' (axis=child) from 1 nodes
[DEBUG] DEBUG_XPATH:   Current context node: SaradcSent (type=container, path=/Mcu/GtmConfiguration/GtmConfiguration_0/GtmToPeripheral/GtmToPeripheral/SaradcSent, children=['ChannelId', 'GtmTriggerSelect'])
[DEBUG] DEBUG: Evaluating condition: $TrigerSelect != 'NO_TRIGGER'
[DEBUG] DEBUG: Comparison [$TrigerSelect != 'NO_TRIGGER'] => [ != NO_TRIGGER] Result: True
[DEBUG] DEBUG_XPATH: _parse_path('*[num:i($AdcIndex + 1)]/GtmTriggerSelect') -> parts=['*[num:i($AdcIndex + 1)]', 'GtmTriggerSelect']
[DEBUG] DEBUG_XPATH: Navigating segment '*' (axis=child) from 1 nodes
[DEBUG] DEBUG_XPATH:   Current context node: SaradcSent (type=container, path=/Mcu/GtmConfiguration/GtmConfiguration_0/GtmToPeripheral/GtmToPeripheral/SaradcSent, children=['ChannelId', 'GtmTriggerSelect'])
[DEBUG] DEBUG_XPATH: _parse_path('*[num:i($AdcIndex + 1)]/ChannelId') -> parts=['*[num:i($AdcIndex + 1)]', 'ChannelId']
[DEBUG] DEBUG_XPATH: Navigating segment '*' (axis=child) from 1 nodes
[DEBUG] DEBUG_XPATH:   Current context node: SaradcSent (type=container, path=/Mcu/GtmConfiguration/GtmConfiguration_0/GtmToPeripheral/GtmToPeripheral/SaradcSent, children=['ChannelId', 'GtmTriggerSelect'])
[DEBUG] DEBUG_XPATH: _parse_path('*[num:i($AdcIndex + 1)]/GtmTriggerSelect') -> parts=['*[num:i($AdcIndex + 1)]', 'GtmTriggerSelect']
[DEBUG] DEBUG_XPATH: Navigating segment '*' (axis=child) from 1 nodes
[DEBUG] DEBUG_XPATH:   Current context node: SaradcSent (type=container, path=/Mcu/GtmConfiguration/GtmConfiguration_0/GtmToPeripheral/GtmToPeripheral/SaradcSent, children=['ChannelId', 'GtmTriggerSelect'])
[DEBUG] DEBUG_XPATH: _parse_path('*[num:i($AdcIndex + 1)]/GtmTriggerSelect') -> parts=['*[num:i($AdcIndex + 1)]', 'GtmTriggerSelect']
[DEBUG] DEBUG_XPATH: Navigating segment '*' (axis=child) from 1 nodes
[DEBUG] DEBUG_XPATH:   Current context node: SaradcSent (type=container, path=/Mcu/GtmConfiguration/GtmConfiguration_0/GtmToPeripheral/GtmToPeripheral/SaradcSent, children=['ChannelId', 'GtmTriggerSelect'])
[DEBUG] DEBUG_XPATH: _parse_path('*[num:i($AdcIndex + 1)]/GtmTriggerSelect') -> parts=['*[num:i($AdcIndex + 1)]', 'GtmTriggerSelect']
[DEBUG] DEBUG_XPATH: Navigating segment '*' (axis=child) from 1 nodes
[DEBUG] DEBUG_XPATH:   Current context node: SaradcSent (type=container, path=/Mcu/GtmConfiguration/GtmConfiguration_0/GtmToPeripheral/GtmToPeripheral/SaradcSent, children=['ChannelId', 'GtmTriggerSelect'])
[DEBUG] DEBUG: Evaluating condition: $TrigerSelect != 'NO_TRIGGER'
[DEBUG] DEBUG: Comparison [$TrigerSelect != 'NO_TRIGGER'] => [ != NO_TRIGGER] Result: True
[DEBUG] DEBUG_XPATH: _parse_path('*[num:i($AdcIndex + 1)]/GtmTriggerSelect') -> parts=['*[num:i($AdcIndex + 1)]', 'GtmTriggerSelect']
[DEBUG] DEBUG_XPATH: Navigating segment '*' (axis=child) from 1 nodes
[DEBUG] DEBUG_XPATH:   Current context node: SaradcSent (type=container, path=/Mcu/GtmConfiguration/GtmConfiguration_0/GtmToPeripheral/GtmToPeripheral/SaradcSent, children=['ChannelId', 'GtmTriggerSelect'])
[DEBUG] DEBUG_XPATH: _parse_path('*[num:i($AdcIndex + 1)]/ChannelId') -> parts=['*[num:i($AdcIndex + 1)]', 'ChannelId']
[DEBUG] DEBUG_XPATH: Navigating segment '*' (axis=child) from 1 nodes
[DEBUG] DEBUG_XPATH:   Current context node: SaradcSent (type=container, path=/Mcu/GtmConfiguration/GtmConfiguration_0/GtmToPeripheral/GtmToPeripheral/SaradcSent, children=['ChannelId', 'GtmTriggerSelect'])
[DEBUG] DEBUG_XPATH: _parse_path('*[num:i($AdcIndex + 1)]/GtmTriggerSelect') -> parts=['*[num:i($AdcIndex + 1)]', 'GtmTriggerSelect']
[DEBUG] DEBUG_XPATH: Navigating segment '*' (axis=child) from 1 nodes
[DEBUG] DEBUG_XPATH:   Current context node: SaradcSent (type=container, path=/Mcu/GtmConfiguration/GtmConfiguration_0/GtmToPeripheral/GtmToPeripheral/SaradcSent, children=['ChannelId', 'GtmTriggerSelect'])
[DEBUG] DEBUG_XPATH: _parse_path('*[num:i($AdcIndex + 1)]/GtmTriggerSelect') -> parts=['*[num:i($AdcIndex + 1)]', 'GtmTriggerSelect']
[DEBUG] DEBUG_XPATH: Navigating segment '*' (axis=child) from 1 nodes
[DEBUG] DEBUG_XPATH:   Current context node: SaradcSent (type=container, path=/Mcu/GtmConfiguration/GtmConfiguration_0/GtmToPeripheral/GtmToPeripheral/SaradcSent, children=['ChannelId', 'GtmTriggerSelect'])
[DEBUG] DEBUG_XPATH: _parse_path('*[num:i($AdcIndex + 1)]/GtmTriggerSelect') -> parts=['*[num:i($AdcIndex + 1)]', 'GtmTriggerSelect']
[DEBUG] DEBUG_XPATH: Navigating segment '*' (axis=child) from 1 nodes
[DEBUG] DEBUG_XPATH:   Current context node: SaradcSent (type=container, path=/Mcu/GtmConfiguration/GtmConfiguration_0/GtmToPeripheral/GtmToPeripheral/SaradcSent, children=['ChannelId', 'GtmTriggerSelect'])
[DEBUG] DEBUG: Evaluating condition: $TrigerSelect != 'NO_TRIGGER'
[DEBUG] DEBUG: Comparison [$TrigerSelect != 'NO_TRIGGER'] => [ != NO_TRIGGER] Result: True
[DEBUG] DEBUG_XPATH: _parse_path('*[num:i($AdcIndex + 1)]/GtmTriggerSelect') -> parts=['*[num:i($AdcIndex + 1)]', 'GtmTriggerSelect']
[DEBUG] DEBUG_XPATH: Navigating segment '*' (axis=child) from 1 nodes
[DEBUG] DEBUG_XPATH:   Current context node: SaradcSent (type=container, path=/Mcu/GtmConfiguration/GtmConfiguration_0/GtmToPeripheral/GtmToPeripheral/SaradcSent, children=['ChannelId', 'GtmTriggerSelect'])
[DEBUG] DEBUG_XPATH: _parse_path('*[num:i($AdcIndex + 1)]/ChannelId') -> parts=['*[num:i($AdcIndex + 1)]', 'ChannelId']
[DEBUG] DEBUG_XPATH: Navigating segment '*' (axis=child) from 1 nodes
[DEBUG] DEBUG_XPATH:   Current context node: SaradcSent (type=container, path=/Mcu/GtmConfiguration/GtmConfiguration_0/GtmToPeripheral/GtmToPeripheral/SaradcSent, children=['ChannelId', 'GtmTriggerSelect'])
[DEBUG] DEBUG_XPATH: _parse_path('*[num:i($AdcIndex + 1)]/GtmTriggerSelect') -> parts=['*[num:i($AdcIndex + 1)]', 'GtmTriggerSelect']
[DEBUG] DEBUG_XPATH: Navigating segment '*' (axis=child) from 1 nodes
[DEBUG] DEBUG_XPATH:   Current context node: SaradcSent (type=container, path=/Mcu/GtmConfiguration/GtmConfiguration_0/GtmToPeripheral/GtmToPeripheral/SaradcSent, children=['ChannelId', 'GtmTriggerSelect'])
[DEBUG] DEBUG_XPATH: _parse_path('*[num:i($AdcIndex + 1)]/GtmTriggerSelect') -> parts=['*[num:i($AdcIndex + 1)]', 'GtmTriggerSelect']
[DEBUG] DEBUG_XPATH: Navigating segment '*' (axis=child) from 1 nodes
[DEBUG] DEBUG_XPATH:   Current context node: SaradcSent (type=container, path=/Mcu/GtmConfiguration/GtmConfiguration_0/GtmToPeripheral/GtmToPeripheral/SaradcSent, children=['ChannelId', 'GtmTriggerSelect'])
[DEBUG] DEBUG_XPATH: _parse_path('*[num:i($AdcIndex + 1)]/GtmTriggerSelect') -> parts=['*[num:i($AdcIndex + 1)]', 'GtmTriggerSelect']
[DEBUG] DEBUG_XPATH: Navigating segment '*' (axis=child) from 1 nodes
[DEBUG] DEBUG_XPATH:   Current context node: SaradcSent (type=container, path=/Mcu/GtmConfiguration/GtmConfiguration_0/GtmToPeripheral/GtmToPeripheral/SaradcSent, children=['ChannelId', 'GtmTriggerSelect'])
[DEBUG] DEBUG: Evaluating condition: $TrigerSelect != 'NO_TRIGGER'
[DEBUG] DEBUG: Comparison [$TrigerSelect != 'NO_TRIGGER'] => [ != NO_TRIGGER] Result: True
[DEBUG] DEBUG_XPATH: _parse_path('*[num:i($AdcIndex + 1)]/GtmTriggerSelect') -> parts=['*[num:i($AdcIndex + 1)]', 'GtmTriggerSelect']
[DEBUG] DEBUG_XPATH: Navigating segment '*' (axis=child) from 1 nodes
[DEBUG] DEBUG_XPATH:   Current context node: SaradcSent (type=container, path=/Mcu/GtmConfiguration/GtmConfiguration_0/GtmToPeripheral/GtmToPeripheral/SaradcSent, children=['ChannelId', 'GtmTriggerSelect'])
[DEBUG] DEBUG_XPATH: _parse_path('*[num:i($AdcIndex + 1)]/ChannelId') -> parts=['*[num:i($AdcIndex + 1)]', 'ChannelId']
[DEBUG] DEBUG_XPATH: Navigating segment '*' (axis=child) from 1 nodes
[DEBUG] DEBUG_XPATH:   Current context node: SaradcSent (type=container, path=/Mcu/GtmConfiguration/GtmConfiguration_0/GtmToPeripheral/GtmToPeripheral/SaradcSent, children=['ChannelId', 'GtmTriggerSelect'])
[DEBUG] DEBUG_XPATH: _parse_path('*[num:i($AdcIndex + 1)]/GtmTriggerSelect') -> parts=['*[num:i($AdcIndex + 1)]', 'GtmTriggerSelect']
[DEBUG] DEBUG_XPATH: Navigating segment '*' (axis=child) from 1 nodes
[DEBUG] DEBUG_XPATH:   Current context node: SaradcSent (type=container, path=/Mcu/GtmConfiguration/GtmConfiguration_0/GtmToPeripheral/GtmToPeripheral/SaradcSent, children=['ChannelId', 'GtmTriggerSelect'])
[DEBUG] DEBUG_XPATH: _parse_path('*[num:i($AdcIndex + 1)]/GtmTriggerSelect') -> parts=['*[num:i($AdcIndex + 1)]', 'GtmTriggerSelect']
[DEBUG] DEBUG_XPATH: Navigating segment '*' (axis=child) from 1 nodes
[DEBUG] DEBUG_XPATH:   Current context node: SaradcSent (type=container, path=/Mcu/GtmConfiguration/GtmConfiguration_0/GtmToPeripheral/GtmToPeripheral/SaradcSent, children=['ChannelId', 'GtmTriggerSelect'])
[DEBUG] DEBUG_XPATH: _parse_path('*[num:i($AdcIndex + 1)]/GtmTriggerSelect') -> parts=['*[num:i($AdcIndex + 1)]', 'GtmTriggerSelect']
[DEBUG] DEBUG_XPATH: Navigating segment '*' (axis=child) from 1 nodes
[DEBUG] DEBUG_XPATH:   Current context node: SaradcSent (type=container, path=/Mcu/GtmConfiguration/GtmConfiguration_0/GtmToPeripheral/GtmToPeripheral/SaradcSent, children=['ChannelId', 'GtmTriggerSelect'])
[DEBUG] DEBUG: Evaluating condition: $TrigerSelect != 'NO_TRIGGER'
[DEBUG] DEBUG: Comparison [$TrigerSelect != 'NO_TRIGGER'] => [ != NO_TRIGGER] Result: True
[DEBUG] DEBUG_XPATH: _parse_path('*[num:i($AdcIndex + 1)]/GtmTriggerSelect') -> parts=['*[num:i($AdcIndex + 1)]', 'GtmTriggerSelect']
[DEBUG] DEBUG_XPATH: Navigating segment '*' (axis=child) from 1 nodes
[DEBUG] DEBUG_XPATH:   Current context node: SaradcSent (type=container, path=/Mcu/GtmConfiguration/GtmConfiguration_0/GtmToPeripheral/GtmToPeripheral/SaradcSent, children=['ChannelId', 'GtmTriggerSelect'])
[DEBUG] DEBUG_XPATH: _parse_path('*[num:i($AdcIndex + 1)]/ChannelId') -> parts=['*[num:i($AdcIndex + 1)]', 'ChannelId']
[DEBUG] DEBUG_XPATH: Navigating segment '*' (axis=child) from 1 nodes
[DEBUG] DEBUG_XPATH:   Current context node: SaradcSent (type=container, path=/Mcu/GtmConfiguration/GtmConfiguration_0/GtmToPeripheral/GtmToPeripheral/SaradcSent, children=['ChannelId', 'GtmTriggerSelect'])
[DEBUG] DEBUG_XPATH: _parse_path('*[num:i($AdcIndex + 1)]/GtmTriggerSelect') -> parts=['*[num:i($AdcIndex + 1)]', 'GtmTriggerSelect']
[DEBUG] DEBUG_XPATH: Navigating segment '*' (axis=child) from 1 nodes
[DEBUG] DEBUG_XPATH:   Current context node: SaradcSent (type=container, path=/Mcu/GtmConfiguration/GtmConfiguration_0/GtmToPeripheral/GtmToPeripheral/SaradcSent, children=['ChannelId', 'GtmTriggerSelect'])
[DEBUG] DEBUG_XPATH: _parse_path('*[num:i($AdcIndex + 1)]/GtmTriggerSelect') -> parts=['*[num:i($AdcIndex + 1)]', 'GtmTriggerSelect']
[DEBUG] DEBUG_XPATH: Navigating segment '*' (axis=child) from 1 nodes
[DEBUG] DEBUG_XPATH:   Current context node: SaradcSent (type=container, path=/Mcu/GtmConfiguration/GtmConfiguration_0/GtmToPeripheral/GtmToPeripheral/SaradcSent, children=['ChannelId', 'GtmTriggerSelect'])
[DEBUG] DEBUG_XPATH: _parse_path('*[num:i($AdcIndex + 1)]/GtmTriggerSelect') -> parts=['*[num:i($AdcIndex + 1)]', 'GtmTriggerSelect']
[DEBUG] DEBUG_XPATH: Navigating segment '*' (axis=child) from 1 nodes
[DEBUG] DEBUG_XPATH:   Current context node: SaradcSent (type=container, path=/Mcu/GtmConfiguration/GtmConfiguration_0/GtmToPeripheral/GtmToPeripheral/SaradcSent, children=['ChannelId', 'GtmTriggerSelect'])
[DEBUG] DEBUG: Evaluating condition: $TrigerSelect != 'NO_TRIGGER'
[DEBUG] DEBUG: Comparison [$TrigerSelect != 'NO_TRIGGER'] => [ != NO_TRIGGER] Result: True
[DEBUG] DEBUG_XPATH: _parse_path('*[num:i($AdcIndex + 1)]/GtmTriggerSelect') -> parts=['*[num:i($AdcIndex + 1)]', 'GtmTriggerSelect']
[DEBUG] DEBUG_XPATH: Navigating segment '*' (axis=child) from 1 nodes
[DEBUG] DEBUG_XPATH:   Current context node: SaradcSent (type=container, path=/Mcu/GtmConfiguration/GtmConfiguration_0/GtmToPeripheral/GtmToPeripheral/SaradcSent, children=['ChannelId', 'GtmTriggerSelect'])
[DEBUG] DEBUG_XPATH: _parse_path('*[num:i($AdcIndex + 1)]/ChannelId') -> parts=['*[num:i($AdcIndex + 1)]', 'ChannelId']
[DEBUG] DEBUG_XPATH: Navigating segment '*' (axis=child) from 1 nodes
[DEBUG] DEBUG_XPATH:   Current context node: SaradcSent (type=container, path=/Mcu/GtmConfiguration/GtmConfiguration_0/GtmToPeripheral/GtmToPeripheral/SaradcSent, children=['ChannelId', 'GtmTriggerSelect'])
[DEBUG] DEBUG_XPATH: _parse_path('*[num:i($AdcIndex + 1)]/GtmTriggerSelect') -> parts=['*[num:i($AdcIndex + 1)]', 'GtmTriggerSelect']
[DEBUG] DEBUG_XPATH: Navigating segment '*' (axis=child) from 1 nodes
[DEBUG] DEBUG_XPATH:   Current context node: SaradcSent (type=container, path=/Mcu/GtmConfiguration/GtmConfiguration_0/GtmToPeripheral/GtmToPeripheral/SaradcSent, children=['ChannelId', 'GtmTriggerSelect'])
[DEBUG] DEBUG_XPATH: _parse_path('*[num:i($AdcIndex + 1)]/GtmTriggerSelect') -> parts=['*[num:i($AdcIndex + 1)]', 'GtmTriggerSelect']
[DEBUG] DEBUG_XPATH: Navigating segment '*' (axis=child) from 1 nodes
[DEBUG] DEBUG_XPATH:   Current context node: SaradcSent (type=container, path=/Mcu/GtmConfiguration/GtmConfiguration_0/GtmToPeripheral/GtmToPeripheral/SaradcSent, children=['ChannelId', 'GtmTriggerSelect'])
[DEBUG] DEBUG_XPATH: _parse_path('*[num:i($AdcIndex + 1)]/GtmTriggerSelect') -> parts=['*[num:i($AdcIndex + 1)]', 'GtmTriggerSelect']
[DEBUG] DEBUG_XPATH: Navigating segment '*' (axis=child) from 1 nodes
[DEBUG] DEBUG_XPATH:   Current context node: SaradcSent (type=container, path=/Mcu/GtmConfiguration/GtmConfiguration_0/GtmToPeripheral/GtmToPeripheral/SaradcSent, children=['ChannelId', 'GtmTriggerSelect'])
[DEBUG] DEBUG: Evaluating condition: $TrigerSelect != 'NO_TRIGGER'
[DEBUG] DEBUG: Comparison [$TrigerSelect != 'NO_TRIGGER'] => [ != NO_TRIGGER] Result: True
[DEBUG] DEBUG_XPATH: _parse_path('*[num:i($AdcIndex + 1)]/GtmTriggerSelect') -> parts=['*[num:i($AdcIndex + 1)]', 'GtmTriggerSelect']
[DEBUG] DEBUG_XPATH: Navigating segment '*' (axis=child) from 1 nodes
[DEBUG] DEBUG_XPATH:   Current context node: SaradcSent (type=container, path=/Mcu/GtmConfiguration/GtmConfiguration_0/GtmToPeripheral/GtmToPeripheral/SaradcSent, children=['ChannelId', 'GtmTriggerSelect'])
[DEBUG] DEBUG_XPATH: _parse_path('*[num:i($AdcIndex + 1)]/ChannelId') -> parts=['*[num:i($AdcIndex + 1)]', 'ChannelId']
[DEBUG] DEBUG_XPATH: Navigating segment '*' (axis=child) from 1 nodes
[DEBUG] DEBUG_XPATH:   Current context node: SaradcSent (type=container, path=/Mcu/GtmConfiguration/GtmConfiguration_0/GtmToPeripheral/GtmToPeripheral/SaradcSent, children=['ChannelId', 'GtmTriggerSelect'])
[DEBUG] DEBUG_XPATH: _parse_path('*[num:i($AdcIndex + 1)]/GtmTriggerSelect') -> parts=['*[num:i($AdcIndex + 1)]', 'GtmTriggerSelect']
[DEBUG] DEBUG_XPATH: Navigating segment '*' (axis=child) from 1 nodes
[DEBUG] DEBUG_XPATH:   Current context node: SaradcSent (type=container, path=/Mcu/GtmConfiguration/GtmConfiguration_0/GtmToPeripheral/GtmToPeripheral/SaradcSent, children=['ChannelId', 'GtmTriggerSelect'])
[DEBUG] DEBUG_XPATH: _parse_path('*[num:i($AdcIndex + 1)]/GtmTriggerSelect') -> parts=['*[num:i($AdcIndex + 1)]', 'GtmTriggerSelect']
[DEBUG] DEBUG_XPATH: Navigating segment '*' (axis=child) from 1 nodes
[DEBUG] DEBUG_XPATH:   Current context node: SaradcSent (type=container, path=/Mcu/GtmConfiguration/GtmConfiguration_0/GtmToPeripheral/GtmToPeripheral/SaradcSent, children=['ChannelId', 'GtmTriggerSelect'])
[DEBUG] DEBUG_XPATH: _parse_path('*[num:i($AdcIndex + 1)]/GtmTriggerSelect') -> parts=['*[num:i($AdcIndex + 1)]', 'GtmTriggerSelect']
[DEBUG] DEBUG_XPATH: Navigating segment '*' (axis=child) from 1 nodes
[DEBUG] DEBUG_XPATH:   Current context node: SaradcSent (type=container, path=/Mcu/GtmConfiguration/GtmConfiguration_0/GtmToPeripheral/GtmToPeripheral/SaradcSent, children=['ChannelId', 'GtmTriggerSelect'])
[DEBUG] DEBUG: Evaluating condition: $TrigerSelect != 'NO_TRIGGER'
[DEBUG] DEBUG: Comparison [$TrigerSelect != 'NO_TRIGGER'] => [ != NO_TRIGGER] Result: True
[DEBUG] DEBUG_XPATH: _parse_path('*[num:i($AdcIndex + 1)]/GtmTriggerSelect') -> parts=['*[num:i($AdcIndex + 1)]', 'GtmTriggerSelect']
[DEBUG] DEBUG_XPATH: Navigating segment '*' (axis=child) from 1 nodes
[DEBUG] DEBUG_XPATH:   Current context node: SaradcSent (type=container, path=/Mcu/GtmConfiguration/GtmConfiguration_0/GtmToPeripheral/GtmToPeripheral/SaradcSent, children=['ChannelId', 'GtmTriggerSelect'])
[DEBUG] DEBUG_XPATH: _parse_path('*[num:i($AdcIndex + 1)]/ChannelId') -> parts=['*[num:i($AdcIndex + 1)]', 'ChannelId']
[DEBUG] DEBUG_XPATH: Navigating segment '*' (axis=child) from 1 nodes
[DEBUG] DEBUG_XPATH:   Current context node: SaradcSent (type=container, path=/Mcu/GtmConfiguration/GtmConfiguration_0/GtmToPeripheral/GtmToPeripheral/SaradcSent, children=['ChannelId', 'GtmTriggerSelect'])
[DEBUG] DEBUG_XPATH: _parse_path('*[num:i($AdcIndex + 1)]/GtmTriggerSelect') -> parts=['*[num:i($AdcIndex + 1)]', 'GtmTriggerSelect']
[DEBUG] DEBUG_XPATH: Navigating segment '*' (axis=child) from 1 nodes
[DEBUG] DEBUG_XPATH:   Current context node: SaradcSent (type=container, path=/Mcu/GtmConfiguration/GtmConfiguration_0/GtmToPeripheral/GtmToPeripheral/SaradcSent, children=['ChannelId', 'GtmTriggerSelect'])
[DEBUG] DEBUG_XPATH: _parse_path('*[num:i($AdcIndex + 1)]/GtmTriggerSelect') -> parts=['*[num:i($AdcIndex + 1)]', 'GtmTriggerSelect']
[DEBUG] DEBUG_XPATH: Navigating segment '*' (axis=child) from 1 nodes
[DEBUG] DEBUG_XPATH:   Current context node: SaradcSent (type=container, path=/Mcu/GtmConfiguration/GtmConfiguration_0/GtmToPeripheral/GtmToPeripheral/SaradcSent, children=['ChannelId', 'GtmTriggerSelect'])
[DEBUG] DEBUG_XPATH: _parse_path('*[num:i($AdcIndex + 1)]/GtmTriggerSelect') -> parts=['*[num:i($AdcIndex + 1)]', 'GtmTriggerSelect']
[DEBUG] DEBUG_XPATH: Navigating segment '*' (axis=child) from 1 nodes
[DEBUG] DEBUG_XPATH:   Current context node: SaradcSent (type=container, path=/Mcu/GtmConfiguration/GtmConfiguration_0/GtmToPeripheral/GtmToPeripheral/SaradcSent, children=['ChannelId', 'GtmTriggerSelect'])
[DEBUG] DEBUG: Evaluating condition: $TrigerSelect != 'NO_TRIGGER'
[DEBUG] DEBUG: Comparison [$TrigerSelect != 'NO_TRIGGER'] => [ != NO_TRIGGER] Result: True
[DEBUG] DEBUG_XPATH: _parse_path('*[num:i($AdcIndex + 1)]/GtmTriggerSelect') -> parts=['*[num:i($AdcIndex + 1)]', 'GtmTriggerSelect']
[DEBUG] DEBUG_XPATH: Navigating segment '*' (axis=child) from 1 nodes
[DEBUG] DEBUG_XPATH:   Current context node: SaradcSent (type=container, path=/Mcu/GtmConfiguration/GtmConfiguration_0/GtmToPeripheral/GtmToPeripheral/SaradcSent, children=['ChannelId', 'GtmTriggerSelect'])
[DEBUG] DEBUG_XPATH: _parse_path('*[num:i($AdcIndex + 1)]/ChannelId') -> parts=['*[num:i($AdcIndex + 1)]', 'ChannelId']
[DEBUG] DEBUG_XPATH: Navigating segment '*' (axis=child) from 1 nodes
[DEBUG] DEBUG_XPATH:   Current context node: SaradcSent (type=container, path=/Mcu/GtmConfiguration/GtmConfiguration_0/GtmToPeripheral/GtmToPeripheral/SaradcSent, children=['ChannelId', 'GtmTriggerSelect'])
[DEBUG] DEBUG_XPATH: _parse_path('*[num:i($AdcIndex + 1)]/GtmTriggerSelect') -> parts=['*[num:i($AdcIndex + 1)]', 'GtmTriggerSelect']
[DEBUG] DEBUG_XPATH: Navigating segment '*' (axis=child) from 1 nodes
[DEBUG] DEBUG_XPATH:   Current context node: SaradcSent (type=container, path=/Mcu/GtmConfiguration/GtmConfiguration_0/GtmToPeripheral/GtmToPeripheral/SaradcSent, children=['ChannelId', 'GtmTriggerSelect'])
[DEBUG] DEBUG_XPATH: _parse_path('*[num:i($AdcIndex + 1)]/GtmTriggerSelect') -> parts=['*[num:i($AdcIndex + 1)]', 'GtmTriggerSelect']
[DEBUG] DEBUG_XPATH: Navigating segment '*' (axis=child) from 1 nodes
[DEBUG] DEBUG_XPATH:   Current context node: SaradcSent (type=container, path=/Mcu/GtmConfiguration/GtmConfiguration_0/GtmToPeripheral/GtmToPeripheral/SaradcSent, children=['ChannelId', 'GtmTriggerSelect'])
[DEBUG] DEBUG_XPATH: _parse_path('*[num:i($AdcIndex + 1)]/GtmTriggerSelect') -> parts=['*[num:i($AdcIndex + 1)]', 'GtmTriggerSelect']
[DEBUG] DEBUG_XPATH: Navigating segment '*' (axis=child) from 1 nodes
[DEBUG] DEBUG_XPATH:   Current context node: SaradcSent (type=container, path=/Mcu/GtmConfiguration/GtmConfiguration_0/GtmToPeripheral/GtmToPeripheral/SaradcSent, children=['ChannelId', 'GtmTriggerSelect'])
[DEBUG] DEBUG: Evaluating condition: $TrigerSelect != 'NO_TRIGGER'
[DEBUG] DEBUG: Comparison [$TrigerSelect != 'NO_TRIGGER'] => [ != NO_TRIGGER] Result: True
[DEBUG] DEBUG_XPATH: _parse_path('*[num:i($AdcIndex + 1)]/GtmTriggerSelect') -> parts=['*[num:i($AdcIndex + 1)]', 'GtmTriggerSelect']
[DEBUG] DEBUG_XPATH: Navigating segment '*' (axis=child) from 1 nodes
[DEBUG] DEBUG_XPATH:   Current context node: SaradcSent (type=container, path=/Mcu/GtmConfiguration/GtmConfiguration_0/GtmToPeripheral/GtmToPeripheral/SaradcSent, children=['ChannelId', 'GtmTriggerSelect'])
[DEBUG] DEBUG_XPATH: _parse_path('*[num:i($AdcIndex + 1)]/ChannelId') -> parts=['*[num:i($AdcIndex + 1)]', 'ChannelId']
[DEBUG] DEBUG_XPATH: Navigating segment '*' (axis=child) from 1 nodes
[DEBUG] DEBUG_XPATH:   Current context node: SaradcSent (type=container, path=/Mcu/GtmConfiguration/GtmConfiguration_0/GtmToPeripheral/GtmToPeripheral/SaradcSent, children=['ChannelId', 'GtmTriggerSelect'])
[DEBUG] DEBUG_XPATH: _parse_path('*[num:i($AdcIndex + 1)]/GtmTriggerSelect') -> parts=['*[num:i($AdcIndex + 1)]', 'GtmTriggerSelect']
[DEBUG] DEBUG_XPATH: Navigating segment '*' (axis=child) from 1 nodes
[DEBUG] DEBUG_XPATH:   Current context node: SaradcSent (type=container, path=/Mcu/GtmConfiguration/GtmConfiguration_0/GtmToPeripheral/GtmToPeripheral/SaradcSent, children=['ChannelId', 'GtmTriggerSelect'])
[DEBUG] DEBUG_XPATH: _parse_path('*[num:i($AdcIndex + 1)]/GtmTriggerSelect') -> parts=['*[num:i($AdcIndex + 1)]', 'GtmTriggerSelect']
[DEBUG] DEBUG_XPATH: Navigating segment '*' (axis=child) from 1 nodes
[DEBUG] DEBUG_XPATH:   Current context node: SaradcSent (type=container, path=/Mcu/GtmConfiguration/GtmConfiguration_0/GtmToPeripheral/GtmToPeripheral/SaradcSent, children=['ChannelId', 'GtmTriggerSelect'])
[DEBUG] DEBUG_XPATH: _parse_path('*[num:i($AdcIndex + 1)]/GtmTriggerSelect') -> parts=['*[num:i($AdcIndex + 1)]', 'GtmTriggerSelect']
[DEBUG] DEBUG_XPATH: Navigating segment '*' (axis=child) from 1 nodes
[DEBUG] DEBUG_XPATH:   Current context node: SaradcSent (type=container, path=/Mcu/GtmConfiguration/GtmConfiguration_0/GtmToPeripheral/GtmToPeripheral/SaradcSent, children=['ChannelId', 'GtmTriggerSelect'])
[DEBUG] DEBUG: Evaluating condition: $TrigerSelect != 'NO_TRIGGER'
[DEBUG] DEBUG: Comparison [$TrigerSelect != 'NO_TRIGGER'] => [ != NO_TRIGGER] Result: True
[DEBUG] DEBUG_XPATH: _parse_path('*[num:i($AdcIndex + 1)]/GtmTriggerSelect') -> parts=['*[num:i($AdcIndex + 1)]', 'GtmTriggerSelect']
[DEBUG] DEBUG_XPATH: Navigating segment '*' (axis=child) from 1 nodes
[DEBUG] DEBUG_XPATH:   Current context node: SaradcSent (type=container, path=/Mcu/GtmConfiguration/GtmConfiguration_0/GtmToPeripheral/GtmToPeripheral/SaradcSent, children=['ChannelId', 'GtmTriggerSelect'])
[DEBUG] DEBUG_XPATH: _parse_path('*[num:i($AdcIndex + 1)]/ChannelId') -> parts=['*[num:i($AdcIndex + 1)]', 'ChannelId']
[DEBUG] DEBUG_XPATH: Navigating segment '*' (axis=child) from 1 nodes
[DEBUG] DEBUG_XPATH:   Current context node: SaradcSent (type=container, path=/Mcu/GtmConfiguration/GtmConfiguration_0/GtmToPeripheral/GtmToPeripheral/SaradcSent, children=['ChannelId', 'GtmTriggerSelect'])
[DEBUG] DEBUG_XPATH: _parse_path('*[num:i($AdcIndex + 1)]/GtmTriggerSelect') -> parts=['*[num:i($AdcIndex + 1)]', 'GtmTriggerSelect']
[DEBUG] DEBUG_XPATH: Navigating segment '*' (axis=child) from 1 nodes
[DEBUG] DEBUG_XPATH:   Current context node: SaradcSent (type=container, path=/Mcu/GtmConfiguration/GtmConfiguration_0/GtmToPeripheral/GtmToPeripheral/SaradcSent, children=['ChannelId', 'GtmTriggerSelect'])
[DEBUG] DEBUG_XPATH: _parse_path('*[num:i($AdcIndex + 1)]/GtmTriggerSelect') -> parts=['*[num:i($AdcIndex + 1)]', 'GtmTriggerSelect']
[DEBUG] DEBUG_XPATH: Navigating segment '*' (axis=child) from 1 nodes
[DEBUG] DEBUG_XPATH:   Current context node: SaradcSent (type=container, path=/Mcu/GtmConfiguration/GtmConfiguration_0/GtmToPeripheral/GtmToPeripheral/SaradcSent, children=['ChannelId', 'GtmTriggerSelect'])
[DEBUG] DEBUG_XPATH: _parse_path('*[num:i($AdcIndex + 1)]/GtmTriggerSelect') -> parts=['*[num:i($AdcIndex + 1)]', 'GtmTriggerSelect']
[DEBUG] DEBUG_XPATH: Navigating segment '*' (axis=child) from 1 nodes
[DEBUG] DEBUG_XPATH:   Current context node: SaradcSent (type=container, path=/Mcu/GtmConfiguration/GtmConfiguration_0/GtmToPeripheral/GtmToPeripheral/SaradcSent, children=['ChannelId', 'GtmTriggerSelect'])
[DEBUG] DEBUG: Evaluating condition: $TrigerSelect != 'NO_TRIGGER'
[DEBUG] DEBUG: Comparison [$TrigerSelect != 'NO_TRIGGER'] => [ != NO_TRIGGER] Result: True
[DEBUG] DEBUG_XPATH: _parse_path('*[num:i($AdcIndex + 1)]/GtmTriggerSelect') -> parts=['*[num:i($AdcIndex + 1)]', 'GtmTriggerSelect']
[DEBUG] DEBUG_XPATH: Navigating segment '*' (axis=child) from 1 nodes
[DEBUG] DEBUG_XPATH:   Current context node: SaradcSent (type=container, path=/Mcu/GtmConfiguration/GtmConfiguration_0/GtmToPeripheral/GtmToPeripheral/SaradcSent, children=['ChannelId', 'GtmTriggerSelect'])
[DEBUG] DEBUG_XPATH: _parse_path('*[num:i($AdcIndex + 1)]/ChannelId') -> parts=['*[num:i($AdcIndex + 1)]', 'ChannelId']
[DEBUG] DEBUG_XPATH: Navigating segment '*' (axis=child) from 1 nodes
[DEBUG] DEBUG_XPATH:   Current context node: SaradcSent (type=container, path=/Mcu/GtmConfiguration/GtmConfiguration_0/GtmToPeripheral/GtmToPeripheral/SaradcSent, children=['ChannelId', 'GtmTriggerSelect'])
[DEBUG] DEBUG_XPATH: _parse_path('*[num:i($AdcIndex + 1)]/GtmTriggerSelect') -> parts=['*[num:i($AdcIndex + 1)]', 'GtmTriggerSelect']
[DEBUG] DEBUG_XPATH: Navigating segment '*' (axis=child) from 1 nodes
[DEBUG] DEBUG_XPATH:   Current context node: SaradcSent (type=container, path=/Mcu/GtmConfiguration/GtmConfiguration_0/GtmToPeripheral/GtmToPeripheral/SaradcSent, children=['ChannelId', 'GtmTriggerSelect'])
[DEBUG] DEBUG_XPATH: _parse_path('*[num:i($AdcIndex + 1)]/GtmTriggerSelect') -> parts=['*[num:i($AdcIndex + 1)]', 'GtmTriggerSelect']
[DEBUG] DEBUG_XPATH: Navigating segment '*' (axis=child) from 1 nodes
[DEBUG] DEBUG_XPATH:   Current context node: SaradcSent (type=container, path=/Mcu/GtmConfiguration/GtmConfiguration_0/GtmToPeripheral/GtmToPeripheral/SaradcSent, children=['ChannelId', 'GtmTriggerSelect'])
[DEBUG] DEBUG_XPATH: _parse_path('*[num:i($AdcIndex + 1)]/GtmTriggerSelect') -> parts=['*[num:i($AdcIndex + 1)]', 'GtmTriggerSelect']
[DEBUG] DEBUG_XPATH: Navigating segment '*' (axis=child) from 1 nodes
[DEBUG] DEBUG_XPATH:   Current context node: SaradcSent (type=container, path=/Mcu/GtmConfiguration/GtmConfiguration_0/GtmToPeripheral/GtmToPeripheral/SaradcSent, children=['ChannelId', 'GtmTriggerSelect'])
[DEBUG] DEBUG: Evaluating condition: $TrigerSelect != 'NO_TRIGGER'
[DEBUG] DEBUG: Comparison [$TrigerSelect != 'NO_TRIGGER'] => [ != NO_TRIGGER] Result: True
[DEBUG] DEBUG_XPATH: _parse_path('*[num:i($AdcIndex + 1)]/GtmTriggerSelect') -> parts=['*[num:i($AdcIndex + 1)]', 'GtmTriggerSelect']
[DEBUG] DEBUG_XPATH: Navigating segment '*' (axis=child) from 1 nodes
[DEBUG] DEBUG_XPATH:   Current context node: SaradcSent (type=container, path=/Mcu/GtmConfiguration/GtmConfiguration_0/GtmToPeripheral/GtmToPeripheral/SaradcSent, children=['ChannelId', 'GtmTriggerSelect'])
[DEBUG] DEBUG_XPATH: _parse_path('*[num:i($AdcIndex + 1)]/ChannelId') -> parts=['*[num:i($AdcIndex + 1)]', 'ChannelId']
[DEBUG] DEBUG_XPATH: Navigating segment '*' (axis=child) from 1 nodes
[DEBUG] DEBUG_XPATH:   Current context node: SaradcSent (type=container, path=/Mcu/GtmConfiguration/GtmConfiguration_0/GtmToPeripheral/GtmToPeripheral/SaradcSent, children=['ChannelId', 'GtmTriggerSelect'])
[DEBUG] DEBUG_XPATH: _parse_path('*[num:i($AdcIndex + 1)]/GtmTriggerSelect') -> parts=['*[num:i($AdcIndex + 1)]', 'GtmTriggerSelect']
[DEBUG] DEBUG_XPATH: Navigating segment '*' (axis=child) from 1 nodes
[DEBUG] DEBUG_XPATH:   Current context node: SaradcSent (type=container, path=/Mcu/GtmConfiguration/GtmConfiguration_0/GtmToPeripheral/GtmToPeripheral/SaradcSent, children=['ChannelId', 'GtmTriggerSelect'])
[DEBUG] DEBUG_XPATH: _parse_path('*[num:i($AdcIndex + 1)]/GtmTriggerSelect') -> parts=['*[num:i($AdcIndex + 1)]', 'GtmTriggerSelect']
[DEBUG] DEBUG_XPATH: Navigating segment '*' (axis=child) from 1 nodes
[DEBUG] DEBUG_XPATH:   Current context node: SaradcSent (type=container, path=/Mcu/GtmConfiguration/GtmConfiguration_0/GtmToPeripheral/GtmToPeripheral/SaradcSent, children=['ChannelId', 'GtmTriggerSelect'])
[DEBUG] DEBUG_XPATH: _parse_path('*[num:i($AdcIndex + 1)]/GtmTriggerSelect') -> parts=['*[num:i($AdcIndex + 1)]', 'GtmTriggerSelect']
[DEBUG] DEBUG_XPATH: Navigating segment '*' (axis=child) from 1 nodes
[DEBUG] DEBUG_XPATH:   Current context node: SaradcSent (type=container, path=/Mcu/GtmConfiguration/GtmConfiguration_0/GtmToPeripheral/GtmToPeripheral/SaradcSent, children=['ChannelId', 'GtmTriggerSelect'])
[DEBUG] DEBUG: Evaluating condition: $TrigerSelect != 'NO_TRIGGER'
[DEBUG] DEBUG: Comparison [$TrigerSelect != 'NO_TRIGGER'] => [ != NO_TRIGGER] Result: True
[DEBUG] DEBUG_XPATH: _parse_path('*[num:i($AdcIndex + 1)]/GtmTriggerSelect') -> parts=['*[num:i($AdcIndex + 1)]', 'GtmTriggerSelect']
[DEBUG] DEBUG_XPATH: Navigating segment '*' (axis=child) from 1 nodes
[DEBUG] DEBUG_XPATH:   Current context node: SaradcSent (type=container, path=/Mcu/GtmConfiguration/GtmConfiguration_0/GtmToPeripheral/GtmToPeripheral/SaradcSent, children=['ChannelId', 'GtmTriggerSelect'])
[DEBUG] DEBUG_XPATH: _parse_path('*[num:i($AdcIndex + 1)]/ChannelId') -> parts=['*[num:i($AdcIndex + 1)]', 'ChannelId']
[DEBUG] DEBUG_XPATH: Navigating segment '*' (axis=child) from 1 nodes
[DEBUG] DEBUG_XPATH:   Current context node: SaradcSent (type=container, path=/Mcu/GtmConfiguration/GtmConfiguration_0/GtmToPeripheral/GtmToPeripheral/SaradcSent, children=['ChannelId', 'GtmTriggerSelect'])
[DEBUG] DEBUG_XPATH: _parse_path('*[num:i($AdcIndex + 1)]/GtmTriggerSelect') -> parts=['*[num:i($AdcIndex + 1)]', 'GtmTriggerSelect']
[DEBUG] DEBUG_XPATH: Navigating segment '*' (axis=child) from 1 nodes
[DEBUG] DEBUG_XPATH:   Current context node: SaradcSent (type=container, path=/Mcu/GtmConfiguration/GtmConfiguration_0/GtmToPeripheral/GtmToPeripheral/SaradcSent, children=['ChannelId', 'GtmTriggerSelect'])
[DEBUG] DEBUG_XPATH: _parse_path('*[num:i($AdcIndex + 1)]/GtmTriggerSelect') -> parts=['*[num:i($AdcIndex + 1)]', 'GtmTriggerSelect']
[DEBUG] DEBUG_XPATH: Navigating segment '*' (axis=child) from 1 nodes
[DEBUG] DEBUG_XPATH:   Current context node: SaradcSent (type=container, path=/Mcu/GtmConfiguration/GtmConfiguration_0/GtmToPeripheral/GtmToPeripheral/SaradcSent, children=['ChannelId', 'GtmTriggerSelect'])
[DEBUG] DEBUG_XPATH: _parse_path('*[num:i($AdcIndex + 1)]/GtmTriggerSelect') -> parts=['*[num:i($AdcIndex + 1)]', 'GtmTriggerSelect']
[DEBUG] DEBUG_XPATH: Navigating segment '*' (axis=child) from 1 nodes
[DEBUG] DEBUG_XPATH:   Current context node: SaradcSent (type=container, path=/Mcu/GtmConfiguration/GtmConfiguration_0/GtmToPeripheral/GtmToPeripheral/SaradcSent, children=['ChannelId', 'GtmTriggerSelect'])
[DEBUG] DEBUG: Evaluating condition: $TrigerSelect != 'NO_TRIGGER'
[DEBUG] DEBUG: Comparison [$TrigerSelect != 'NO_TRIGGER'] => [ != NO_TRIGGER] Result: True
[DEBUG] DEBUG_XPATH: _parse_path('*[num:i($AdcIndex + 1)]/GtmTriggerSelect') -> parts=['*[num:i($AdcIndex + 1)]', 'GtmTriggerSelect']
[DEBUG] DEBUG_XPATH: Navigating segment '*' (axis=child) from 1 nodes
[DEBUG] DEBUG_XPATH:   Current context node: SaradcSent (type=container, path=/Mcu/GtmConfiguration/GtmConfiguration_0/GtmToPeripheral/GtmToPeripheral/SaradcSent, children=['ChannelId', 'GtmTriggerSelect'])
[DEBUG] DEBUG_XPATH: _parse_path('*[num:i($AdcIndex + 1)]/ChannelId') -> parts=['*[num:i($AdcIndex + 1)]', 'ChannelId']
[DEBUG] DEBUG_XPATH: Navigating segment '*' (axis=child) from 1 nodes
[DEBUG] DEBUG_XPATH:   Current context node: SaradcSent (type=container, path=/Mcu/GtmConfiguration/GtmConfiguration_0/GtmToPeripheral/GtmToPeripheral/SaradcSent, children=['ChannelId', 'GtmTriggerSelect'])
[DEBUG] DEBUG_XPATH: _parse_path('*[num:i($AdcIndex + 1)]/GtmTriggerSelect') -> parts=['*[num:i($AdcIndex + 1)]', 'GtmTriggerSelect']
[DEBUG] DEBUG_XPATH: Navigating segment '*' (axis=child) from 1 nodes
[DEBUG] DEBUG_XPATH:   Current context node: SaradcSent (type=container, path=/Mcu/GtmConfiguration/GtmConfiguration_0/GtmToPeripheral/GtmToPeripheral/SaradcSent, children=['ChannelId', 'GtmTriggerSelect'])
[DEBUG] DEBUG_XPATH: _parse_path('*[num:i($AdcIndex + 1)]/GtmTriggerSelect') -> parts=['*[num:i($AdcIndex + 1)]', 'GtmTriggerSelect']
[DEBUG] DEBUG_XPATH: Navigating segment '*' (axis=child) from 1 nodes
[DEBUG] DEBUG_XPATH:   Current context node: SaradcSent (type=container, path=/Mcu/GtmConfiguration/GtmConfiguration_0/GtmToPeripheral/GtmToPeripheral/SaradcSent, children=['ChannelId', 'GtmTriggerSelect'])
[DEBUG] DEBUG_XPATH: _parse_path('*[num:i($AdcIndex + 1)]/GtmTriggerSelect') -> parts=['*[num:i($AdcIndex + 1)]', 'GtmTriggerSelect']
[DEBUG] DEBUG_XPATH: Navigating segment '*' (axis=child) from 1 nodes
[DEBUG] DEBUG_XPATH:   Current context node: SaradcSent (type=container, path=/Mcu/GtmConfiguration/GtmConfiguration_0/GtmToPeripheral/GtmToPeripheral/SaradcSent, children=['ChannelId', 'GtmTriggerSelect'])
[DEBUG] DEBUG: Evaluating condition: $TrigerSelect != 'NO_TRIGGER'
[DEBUG] DEBUG: Comparison [$TrigerSelect != 'NO_TRIGGER'] => [ != NO_TRIGGER] Result: True
[DEBUG] DEBUG_XPATH: _parse_path('*[num:i($AdcIndex + 1)]/GtmTriggerSelect') -> parts=['*[num:i($AdcIndex + 1)]', 'GtmTriggerSelect']
[DEBUG] DEBUG_XPATH: Navigating segment '*' (axis=child) from 1 nodes
[DEBUG] DEBUG_XPATH:   Current context node: SaradcSent (type=container, path=/Mcu/GtmConfiguration/GtmConfiguration_0/GtmToPeripheral/GtmToPeripheral/SaradcSent, children=['ChannelId', 'GtmTriggerSelect'])
[DEBUG] DEBUG_XPATH: _parse_path('*[num:i($AdcIndex + 1)]/ChannelId') -> parts=['*[num:i($AdcIndex + 1)]', 'ChannelId']
[DEBUG] DEBUG_XPATH: Navigating segment '*' (axis=child) from 1 nodes
[DEBUG] DEBUG_XPATH:   Current context node: SaradcSent (type=container, path=/Mcu/GtmConfiguration/GtmConfiguration_0/GtmToPeripheral/GtmToPeripheral/SaradcSent, children=['ChannelId', 'GtmTriggerSelect'])
[DEBUG] DEBUG_XPATH: _parse_path('*[num:i($AdcIndex + 1)]/GtmTriggerSelect') -> parts=['*[num:i($AdcIndex + 1)]', 'GtmTriggerSelect']
[DEBUG] DEBUG_XPATH: Navigating segment '*' (axis=child) from 1 nodes
[DEBUG] DEBUG_XPATH:   Current context node: SaradcSent (type=container, path=/Mcu/GtmConfiguration/GtmConfiguration_0/GtmToPeripheral/GtmToPeripheral/SaradcSent, children=['ChannelId', 'GtmTriggerSelect'])
[DEBUG] DEBUG_XPATH: _parse_path('*[num:i($AdcIndex + 1)]/GtmTriggerSelect') -> parts=['*[num:i($AdcIndex + 1)]', 'GtmTriggerSelect']
[DEBUG] DEBUG_XPATH: Navigating segment '*' (axis=child) from 1 nodes
[DEBUG] DEBUG_XPATH:   Current context node: SaradcSent (type=container, path=/Mcu/GtmConfiguration/GtmConfiguration_0/GtmToPeripheral/GtmToPeripheral/SaradcSent, children=['ChannelId', 'GtmTriggerSelect'])
[DEBUG] DEBUG_XPATH: _parse_path('GtmConfiguration/*[1]/GtmToPeripheral/*[1]/GtmOutput') -> parts=['GtmConfiguration', '*[1]', 'GtmToPeripheral', '*[1]', 'GtmOutput']
[DEBUG] DEBUG_XPATH: Navigating segment 'GtmConfiguration' (axis=child) from 1 nodes
[DEBUG] DEBUG_XPATH:   Current context node: Mcu (type=module, path=/Mcu, children=['McuGeneralConfiguration', 'McuModuleConfiguration', 'McuPublishedInformation', 'GtmConfiguration', 'CommonPublishedInformation'])
[DEBUG] DEBUG_XPATH: Navigating segment '*' (axis=child) from 1 nodes
[DEBUG] DEBUG_XPATH:   Current context node: GtmConfiguration (type=container, path=/Mcu/GtmConfiguration, children=['GtmConfiguration_0', 'GtmConfiguration_1', 'GtmGeneral', 'Cmu', 'Tbu', 'Tom', 'Atom', 'Tim', 'GtmToPeripheral', 'GtmResourceAllocationConf'])
[DEBUG] DEBUG_XPATH: Navigating segment 'GtmToPeripheral' (axis=child) from 1 nodes
[DEBUG] DEBUG_XPATH:   Current context node: GtmConfiguration_0 (type=container, path=/Mcu/GtmConfiguration/GtmConfiguration_0, children=['GtmGeneral', 'Cmu', 'Tbu', 'Tom', 'Atom', 'Tim', 'GtmToPeripheral', 'GtmResourceAllocationConf'])
[DEBUG] DEBUG_XPATH: Navigating segment '*' (axis=child) from 1 nodes
[DEBUG] DEBUG_XPATH:   Current context node: GtmToPeripheral (type=container, path=/Mcu/GtmConfiguration/GtmConfiguration_0/GtmToPeripheral, children=['GtmToPeripheral'])
[DEBUG] DEBUG_XPATH: Navigating segment 'GtmOutput' (axis=child) from 1 nodes
[DEBUG] DEBUG_XPATH:   Current context node: GtmToPeripheral (type=container, path=/Mcu/GtmConfiguration/GtmConfiguration_0/GtmToPeripheral/GtmToPeripheral, children=['SaradcSent', 'Dsadc', 'Msc', 'Dma'])
[DEBUG] DEBUG_XPATH: _parse_path('*') -> parts=['*']
[DEBUG] DEBUG_XPATH: Navigating segment '*' (axis=child) from 1 nodes
[DEBUG] DEBUG_XPATH:   Current context node: Mcu (type=module, path=/Mcu, children=['McuGeneralConfiguration', 'McuModuleConfiguration', 'McuPublishedInformation', 'GtmConfiguration', 'CommonPublishedInformation'])
[DEBUG] DEBUG: Evaluating condition: $McuGtmSourceNum != 0
[DEBUG] DEBUG: Comparison [$McuGtmSourceNum != 0] => [5 != 0] Result: True
[DEBUG] DEBUG: Evaluating condition: node:containsValue(as:modconf('Resource')/ResourceGeneral/ResourceSubderivative, 'THA610X_LFBGA180')
[DEBUG] as_modconf: Looking for module 'Resource'
[DEBUG] as_modconf: Available modules: ['mcu', 'resource']
[DEBUG] as_modconf: Found Resource module with children: ['ResourceGeneral', 'ResourceCoreConfigSet', 'CommonPublishedInformation']
[DEBUG] DEBUG: as:modconf('Resource') - Module FOUND
[DEBUG] DEBUG_XPATH: _parse_path('ResourceGeneral/ResourceSubderivative') -> parts=['ResourceGeneral', 'ResourceSubderivative']
[DEBUG] DEBUG_XPATH: navigating segments [{'name': 'ResourceGeneral', 'predicates': [], 'axis': 'child'}, {'name': 'ResourceSubderivative', 'predicates': [], 'axis': 'child'}] from Resource
[DEBUG] DEBUG_XPATH: Navigating segment 'ResourceGeneral' (axis=child) from 1 nodes
[DEBUG] DEBUG_XPATH:   Current context node: Resource (type=module, path=/Resource, children=['ResourceGeneral', 'ResourceCoreConfigSet', 'CommonPublishedInformation'])
[DEBUG] DEBUG_XPATH: Navigating segment 'ResourceSubderivative' (axis=child) from 1 nodes
[DEBUG] DEBUG_XPATH:   Current context node: ResourceGeneral (type=container, path=/Resource/ResourceGeneral, children=['ResourceGeneral', 'ResourceSubderivative'])
[DEBUG] DEBUG: Evaluating condition: num:i(count(McuModuleConfiguration/McuRamSectorSettingConf/*)) > 0
[DEBUG] DEBUG_XPATH: _parse_path('McuModuleConfiguration/McuRamSectorSettingConf/*') -> parts=['McuModuleConfiguration', 'McuRamSectorSettingConf', '*']
[DEBUG] DEBUG_XPATH: Navigating segment 'McuModuleConfiguration' (axis=child) from 1 nodes
[DEBUG] DEBUG_XPATH:   Current context node: Mcu (type=module, path=/Mcu, children=['McuGeneralConfiguration', 'McuModuleConfiguration', 'McuPublishedInformation', 'GtmConfiguration', 'CommonPublishedInformation'])
[DEBUG] DEBUG_XPATH: Navigating segment 'McuRamSectorSettingConf' (axis=child) from 1 nodes
[DEBUG] DEBUG_XPATH:   Current context node: McuModuleConfiguration (type=container, path=/Mcu/McuModuleConfiguration, children=['McuModuleConfiguration_0', 'McuClockSrcFailureNotification', 'McuNumberOfMcuModes', 'McuRamSectors', 'McuResetSetting', 'McuResetConfig', 'McuClockSettingConfig', 'McuDemEventParameterRefs', 'McuModeSettingConf', 'McuRamSectorSettingConf'])
[DEBUG] DEBUG_XPATH: Navigating segment '*' (axis=child) from 1 nodes
[DEBUG] DEBUG_XPATH:   Current context node: McuRamSectorSettingConf (type=container, path=/Mcu/McuModuleConfiguration/McuModuleConfiguration_0/McuRamSectorSettingConf, children=['McuRamSectorSettingConf_0'])
[DEBUG] DEBUG: Comparison [num:i(count(McuModuleConfiguration/McuRamSectorSettingConf/*)) > 0] => [1 > 0] Result: True
[DEBUG] DEBUG_XPATH: _parse_path('McuModuleConfiguration/McuRamSectorSettingConf/*') -> parts=['McuModuleConfiguration', 'McuRamSectorSettingConf', '*']
[DEBUG] DEBUG_XPATH: Navigating segment 'McuModuleConfiguration' (axis=child) from 1 nodes
[DEBUG] DEBUG_XPATH:   Current context node: Mcu (type=module, path=/Mcu, children=['McuGeneralConfiguration', 'McuModuleConfiguration', 'McuPublishedInformation', 'GtmConfiguration', 'CommonPublishedInformation'])
[DEBUG] DEBUG_XPATH: Navigating segment 'McuRamSectorSettingConf' (axis=child) from 1 nodes
[DEBUG] DEBUG_XPATH:   Current context node: McuModuleConfiguration (type=container, path=/Mcu/McuModuleConfiguration, children=['McuModuleConfiguration_0', 'McuClockSrcFailureNotification', 'McuNumberOfMcuModes', 'McuRamSectors', 'McuResetSetting', 'McuResetConfig', 'McuClockSettingConfig', 'McuDemEventParameterRefs', 'McuModeSettingConf', 'McuRamSectorSettingConf'])
[DEBUG] DEBUG_XPATH: Navigating segment '*' (axis=child) from 1 nodes
[DEBUG] DEBUG_XPATH:   Current context node: McuRamSectorSettingConf (type=container, path=/Mcu/McuModuleConfiguration/McuModuleConfiguration_0/McuRamSectorSettingConf, children=['McuRamSectorSettingConf_0'])
[DEBUG] DEBUG_XPATH: _parse_path('McuModuleConfiguration/McuRamSectorSettingConf/*') -> parts=['McuModuleConfiguration', 'McuRamSectorSettingConf', '*']
[DEBUG] DEBUG_XPATH: Navigating segment 'McuModuleConfiguration' (axis=child) from 1 nodes
[DEBUG] DEBUG_XPATH:   Current context node: Mcu (type=module, path=/Mcu, children=['McuGeneralConfiguration', 'McuModuleConfiguration', 'McuPublishedInformation', 'GtmConfiguration', 'CommonPublishedInformation'])
[DEBUG] DEBUG_XPATH: Navigating segment 'McuRamSectorSettingConf' (axis=child) from 1 nodes
[DEBUG] DEBUG_XPATH:   Current context node: McuModuleConfiguration (type=container, path=/Mcu/McuModuleConfiguration, children=['McuModuleConfiguration_0', 'McuClockSrcFailureNotification', 'McuNumberOfMcuModes', 'McuRamSectors', 'McuResetSetting', 'McuResetConfig', 'McuClockSettingConfig', 'McuDemEventParameterRefs', 'McuModeSettingConf', 'McuRamSectorSettingConf'])
[DEBUG] DEBUG_XPATH: Navigating segment '*' (axis=child) from 1 nodes
[DEBUG] DEBUG_XPATH:   Current context node: McuRamSectorSettingConf (type=container, path=/Mcu/McuModuleConfiguration/McuModuleConfiguration_0/McuRamSectorSettingConf, children=['McuRamSectorSettingConf_0'])
[DEBUG] DEBUG_XPATH: _parse_path('McuRamSectionBaseAddress') -> parts=['McuRamSectionBaseAddress']
[DEBUG] DEBUG_XPATH: Navigating segment 'McuRamSectionBaseAddress' (axis=child) from 1 nodes
[DEBUG] DEBUG_XPATH:   Current context node: McuRamSectorSettingConf_0 (type=container, path=/Mcu/McuModuleConfiguration/McuModuleConfiguration_0/McuRamSectorSettingConf/McuRamSectorSettingConf_0, children=['McuRamDefaultValue', 'McuRamSectionBaseAddress', 'McuRamSectionSize', 'McuRamSectionWriteSize'])
[DEBUG] DEBUG_XPATH: _parse_path('McuRamSectionSize') -> parts=['McuRamSectionSize']
[DEBUG] DEBUG_XPATH: Navigating segment 'McuRamSectionSize' (axis=child) from 1 nodes
[DEBUG] DEBUG_XPATH:   Current context node: McuRamSectorSettingConf_0 (type=container, path=/Mcu/McuModuleConfiguration/McuModuleConfiguration_0/McuRamSectorSettingConf/McuRamSectorSettingConf_0, children=['McuRamDefaultValue', 'McuRamSectionBaseAddress', 'McuRamSectionSize', 'McuRamSectionWriteSize'])
[DEBUG] DEBUG: Evaluating condition: not((($BaseAdr >= ecu:get('Mcu.GMU_CACHED_Start')) and (($BaseAdr+$Size - num:i(1)) <= ecu:get('Mcu.GMU_CACHED_End'))) or
                (($BaseAdr >= ecu:get('Mcu.ATCM_AXIM_Start')) and (($BaseAdr+$Size - num:i(1)) <= ecu:get('Mcu.ATCM_AXIM_End'))) or
                (($BaseAdr >= ecu:get('Mcu.BTCM_AXIM_Start')) and (($BaseAdr+$Size - num:i(1)) <= ecu:get('Mcu.BTCM_AXIM_End'))) or
                (($BaseAdr >= ecu:get('Mcu.CTCM_AXIM_Start')) and (($BaseAdr+$Size - num:i(1)) <= ecu:get('Mcu.CTCM_AXIM_End'))) or
                (($BaseAdr >= ecu:get('Mcu.ATCMStart')) and (($BaseAdr+$Size - num:i(1)) <= ecu:get('Mcu.ATCMEnd'))) or
                (($BaseAdr >= ecu:get('Mcu.CTCMStart')) and (($BaseAdr+$Size - num:i(1)) <= ecu:get('Mcu.CTCMEnd'))) or

                (($BaseAdr >= ecu:get('Mcu.LMU_CACHED_Start')) and (($BaseAdr+$Size - num:i(1)) <= ecu:get('Mcu.LMU_CACHED_End'))) or
                (($BaseAdr >= ecu:get('Mcu.LMU1_NON_CACHED_Start')) and (($BaseAdr+$Size - num:i(1)) <= ecu:get('Mcu.LMU1_NON_CACHED_End'))) or
                (($BaseAdr >= ecu:get('Mcu.LMU2_NON_CACHED_Start')) and (($BaseAdr+$Size - num:i(1)) <= ecu:get('Mcu.LMU2_NON_CACHED_End'))) or
                (($BaseAdr >= ecu:get('Mcu.LMU3_NON_CACHED_Start')) and (($BaseAdr+$Size - num:i(1)) <= ecu:get('Mcu.LMU3_NON_CACHED_End'))) or



                (($BaseAdr >= ecu:get('Mcu.GMU_NON_CACHED_Start')) and (($BaseAdr+$Size - num:i(1)) <= ecu:get('Mcu.GMU_NON_CACHED_End'))))
[DEBUG] DEBUG_XPATH: _parse_path('not((($BaseAdr') -> parts=['not((($BaseAdr']
[DEBUG] DEBUG_XPATH: Navigating segment 'not((($BaseAdr' (axis=child) from 1 nodes
[DEBUG] DEBUG_XPATH:   Current context node: McuRamSectorSettingConf_0 (type=container, path=/Mcu/McuModuleConfiguration/McuModuleConfiguration_0/McuRamSectorSettingConf/McuRamSectorSettingConf_0, children=['McuRamDefaultValue', 'McuRamSectionBaseAddress', 'McuRamSectionSize', 'McuRamSectionWriteSize'])
WARNING: ecu:get('Mcu.GMU_CACHED_Start') not found in ECU_DEFAULTS or modules, returning 0
[DEBUG] DEBUG_XPATH: _parse_path('') -> parts=[]
WARNING: ecu:get('Mcu.GMU_CACHED_End') not found in ECU_DEFAULTS or modules, returning 0
[DEBUG] DEBUG_XPATH: _parse_path('') -> parts=[]
WARNING: ecu:get('Mcu.ATCM_AXIM_Start') not found in ECU_DEFAULTS or modules, returning 0
[DEBUG] DEBUG_XPATH: _parse_path('') -> parts=[]
WARNING: ecu:get('Mcu.ATCM_AXIM_End') not found in ECU_DEFAULTS or modules, returning 0
[DEBUG] DEBUG_XPATH: _parse_path('') -> parts=[]
WARNING: ecu:get('Mcu.BTCM_AXIM_Start') not found in ECU_DEFAULTS or modules, returning 0
[DEBUG] DEBUG_XPATH: _parse_path('') -> parts=[]
WARNING: ecu:get('Mcu.BTCM_AXIM_End') not found in ECU_DEFAULTS or modules, returning 0
[DEBUG] DEBUG_XPATH: _parse_path('') -> parts=[]
WARNING: ecu:get('Mcu.CTCM_AXIM_Start') not found in ECU_DEFAULTS or modules, returning 0
[DEBUG] DEBUG_XPATH: _parse_path('') -> parts=[]
WARNING: ecu:get('Mcu.CTCM_AXIM_End') not found in ECU_DEFAULTS or modules, returning 0
[DEBUG] DEBUG_XPATH: _parse_path('') -> parts=[]
WARNING: ecu:get('Mcu.ATCMStart') not found in ECU_DEFAULTS or modules, returning 0
[DEBUG] DEBUG_XPATH: _parse_path('') -> parts=[]
WARNING: ecu:get('Mcu.ATCMEnd') not found in ECU_DEFAULTS or modules, returning 0
[DEBUG] DEBUG_XPATH: _parse_path('') -> parts=[]
WARNING: ecu:get('Mcu.CTCMStart') not found in ECU_DEFAULTS or modules, returning 0
[DEBUG] DEBUG_XPATH: _parse_path('') -> parts=[]
WARNING: ecu:get('Mcu.CTCMEnd') not found in ECU_DEFAULTS or modules, returning 0
[DEBUG] DEBUG_XPATH: _parse_path('') -> parts=[]
WARNING: ecu:get('Mcu.LMU_CACHED_Start') not found in ECU_DEFAULTS or modules, returning 0
[DEBUG] DEBUG_XPATH: _parse_path('') -> parts=[]
WARNING: ecu:get('Mcu.LMU_CACHED_End') not found in ECU_DEFAULTS or modules, returning 0
[DEBUG] DEBUG_XPATH: _parse_path('') -> parts=[]
WARNING: ecu:get('Mcu.LMU1_NON_CACHED_Start') not found in ECU_DEFAULTS or modules, returning 0
[DEBUG] DEBUG_XPATH: _parse_path('') -> parts=[]
WARNING: ecu:get('Mcu.LMU1_NON_CACHED_End') not found in ECU_DEFAULTS or modules, returning 0
[DEBUG] DEBUG_XPATH: _parse_path('') -> parts=[]
WARNING: ecu:get('Mcu.LMU2_NON_CACHED_Start') not found in ECU_DEFAULTS or modules, returning 0
[DEBUG] DEBUG_XPATH: _parse_path('') -> parts=[]
WARNING: ecu:get('Mcu.LMU2_NON_CACHED_End') not found in ECU_DEFAULTS or modules, returning 0
[DEBUG] DEBUG_XPATH: _parse_path('') -> parts=[]
WARNING: ecu:get('Mcu.LMU3_NON_CACHED_Start') not found in ECU_DEFAULTS or modules, returning 0
[DEBUG] DEBUG_XPATH: _parse_path('') -> parts=[]
WARNING: ecu:get('Mcu.LMU3_NON_CACHED_End') not found in ECU_DEFAULTS or modules, returning 0
[DEBUG] DEBUG_XPATH: _parse_path('') -> parts=[]
WARNING: ecu:get('Mcu.GMU_NON_CACHED_Start') not found in ECU_DEFAULTS or modules, returning 0
[DEBUG] DEBUG_XPATH: _parse_path('') -> parts=[]
WARNING: ecu:get('Mcu.GMU_NON_CACHED_End') not found in ECU_DEFAULTS or modules, returning 0
[DEBUG] DEBUG: Comparison [not((($BaseAdr >= ecu:get('Mcu.GMU_CACHED_Start')) and (($BaseAdr+$Size - num:i(1)) <= ecu:get('Mcu.GMU_CACHED_End'))) or
                (($BaseAdr >= ecu:get('Mcu.ATCM_AXIM_Start')) and (($BaseAdr+$Size - num:i(1)) <= ecu:get('Mcu.ATCM_AXIM_End'))) or
                (($BaseAdr >= ecu:get('Mcu.BTCM_AXIM_Start')) and (($BaseAdr+$Size - num:i(1)) <= ecu:get('Mcu.BTCM_AXIM_End'))) or
                (($BaseAdr >= ecu:get('Mcu.CTCM_AXIM_Start')) and (($BaseAdr+$Size - num:i(1)) <= ecu:get('Mcu.CTCM_AXIM_End'))) or
                (($BaseAdr >= ecu:get('Mcu.ATCMStart')) and (($BaseAdr+$Size - num:i(1)) <= ecu:get('Mcu.ATCMEnd'))) or
                (($BaseAdr >= ecu:get('Mcu.CTCMStart')) and (($BaseAdr+$Size - num:i(1)) <= ecu:get('Mcu.CTCMEnd'))) or

                (($BaseAdr >= ecu:get('Mcu.LMU_CACHED_Start')) and (($BaseAdr+$Size - num:i(1)) <= ecu:get('Mcu.LMU_CACHED_End'))) or
                (($BaseAdr >= ecu:get('Mcu.LMU1_NON_CACHED_Start')) and (($BaseAdr+$Size - num:i(1)) <= ecu:get('Mcu.LMU1_NON_CACHED_End'))) or
                (($BaseAdr >= ecu:get('Mcu.LMU2_NON_CACHED_Start')) and (($BaseAdr+$Size - num:i(1)) <= ecu:get('Mcu.LMU2_NON_CACHED_End'))) or
                (($BaseAdr >= ecu:get('Mcu.LMU3_NON_CACHED_Start')) and (($BaseAdr+$Size - num:i(1)) <= ecu:get('Mcu.LMU3_NON_CACHED_End'))) or



                (($BaseAdr >= ecu:get('Mcu.GMU_NON_CACHED_Start')) and (($BaseAdr+$Size - num:i(1)) <= ecu:get('Mcu.GMU_NON_CACHED_End'))))] => [None >= True] Result: False
[DEBUG] DEBUG_XPATH: _parse_path('McuRamSectionBaseAddress') -> parts=['McuRamSectionBaseAddress']
[DEBUG] DEBUG_XPATH: Navigating segment 'McuRamSectionBaseAddress' (axis=child) from 1 nodes
[DEBUG] DEBUG_XPATH:   Current context node: McuRamSectorSettingConf_0 (type=container, path=/Mcu/McuModuleConfiguration/McuModuleConfiguration_0/McuRamSectorSettingConf/McuRamSectorSettingConf_0, children=['McuRamDefaultValue', 'McuRamSectionBaseAddress', 'McuRamSectionSize', 'McuRamSectionWriteSize'])
[DEBUG] DEBUG_XPATH: _parse_path('McuRamSectionSize') -> parts=['McuRamSectionSize']
[DEBUG] DEBUG_XPATH: Navigating segment 'McuRamSectionSize' (axis=child) from 1 nodes
[DEBUG] DEBUG_XPATH:   Current context node: McuRamSectorSettingConf_0 (type=container, path=/Mcu/McuModuleConfiguration/McuModuleConfiguration_0/McuRamSectorSettingConf/McuRamSectorSettingConf_0, children=['McuRamDefaultValue', 'McuRamSectionBaseAddress', 'McuRamSectionSize', 'McuRamSectionWriteSize'])
[DEBUG] DEBUG_XPATH: _parse_path('McuRamDefaultValue') -> parts=['McuRamDefaultValue']
[DEBUG] DEBUG_XPATH: Navigating segment 'McuRamDefaultValue' (axis=child) from 1 nodes
[DEBUG] DEBUG_XPATH:   Current context node: McuRamSectorSettingConf_0 (type=container, path=/Mcu/McuModuleConfiguration/McuModuleConfiguration_0/McuRamSectorSettingConf/McuRamSectorSettingConf_0, children=['McuRamDefaultValue', 'McuRamSectionBaseAddress', 'McuRamSectionSize', 'McuRamSectionWriteSize'])
[DEBUG] DEBUG_XPATH: _parse_path('McuRamSectionWriteSize') -> parts=['McuRamSectionWriteSize']
[DEBUG] DEBUG_XPATH: Navigating segment 'McuRamSectionWriteSize' (axis=child) from 1 nodes
[DEBUG] DEBUG_XPATH:   Current context node: McuRamSectorSettingConf_0 (type=container, path=/Mcu/McuModuleConfiguration/McuModuleConfiguration_0/McuRamSectorSettingConf/McuRamSectorSettingConf_0, children=['McuRamDefaultValue', 'McuRamSectionBaseAddress', 'McuRamSectionSize', 'McuRamSectionWriteSize'])
[DEBUG] DEBUG_XPATH: _parse_path('McuModuleConfiguration/McuClockSettingConfig/*') -> parts=['McuModuleConfiguration', 'McuClockSettingConfig', '*']
[DEBUG] DEBUG_XPATH: Navigating segment 'McuModuleConfiguration' (axis=child) from 1 nodes
[DEBUG] DEBUG_XPATH:   Current context node: Mcu (type=module, path=/Mcu, children=['McuGeneralConfiguration', 'McuModuleConfiguration', 'McuPublishedInformation', 'GtmConfiguration', 'CommonPublishedInformation'])
[DEBUG] DEBUG_XPATH: Navigating segment 'McuClockSettingConfig' (axis=child) from 1 nodes
[DEBUG] DEBUG_XPATH:   Current context node: McuModuleConfiguration (type=container, path=/Mcu/McuModuleConfiguration, children=['McuModuleConfiguration_0', 'McuClockSrcFailureNotification', 'McuNumberOfMcuModes', 'McuRamSectors', 'McuResetSetting', 'McuResetConfig', 'McuClockSettingConfig', 'McuDemEventParameterRefs', 'McuModeSettingConf', 'McuRamSectorSettingConf'])
[DEBUG] DEBUG_XPATH: Navigating segment '*' (axis=child) from 1 nodes
[DEBUG] DEBUG_XPATH:   Current context node: McuClockSettingConfig (type=container, path=/Mcu/McuModuleConfiguration/McuModuleConfiguration_0/McuClockSettingConfig, children=['McuClockSettingConfig_0'])
[DEBUG] DEBUG_XPATH: _parse_path('McuModuleConfiguration/McuClockSettingConfig/*') -> parts=['McuModuleConfiguration', 'McuClockSettingConfig', '*']
[DEBUG] DEBUG_XPATH: Navigating segment 'McuModuleConfiguration' (axis=child) from 1 nodes
[DEBUG] DEBUG_XPATH:   Current context node: Mcu (type=module, path=/Mcu, children=['McuGeneralConfiguration', 'McuModuleConfiguration', 'McuPublishedInformation', 'GtmConfiguration', 'CommonPublishedInformation'])
[DEBUG] DEBUG_XPATH: Navigating segment 'McuClockSettingConfig' (axis=child) from 1 nodes
[DEBUG] DEBUG_XPATH:   Current context node: McuModuleConfiguration (type=container, path=/Mcu/McuModuleConfiguration, children=['McuModuleConfiguration_0', 'McuClockSrcFailureNotification', 'McuNumberOfMcuModes', 'McuRamSectors', 'McuResetSetting', 'McuResetConfig', 'McuClockSettingConfig', 'McuDemEventParameterRefs', 'McuModeSettingConf', 'McuRamSectorSettingConf'])
[DEBUG] DEBUG_XPATH: Navigating segment '*' (axis=child) from 1 nodes
[DEBUG] DEBUG_XPATH:   Current context node: McuClockSettingConfig (type=container, path=/Mcu/McuModuleConfiguration/McuModuleConfiguration_0/McuClockSettingConfig, children=['McuClockSettingConfig_0'])
[DEBUG] DEBUG_XPATH: _parse_path('McuClockSettingId') -> parts=['McuClockSettingId']
[DEBUG] DEBUG_XPATH: Navigating segment 'McuClockSettingId' (axis=child) from 1 nodes
[DEBUG] DEBUG_XPATH:   Current context node: Mcu (type=module, path=/Mcu, children=['McuGeneralConfiguration', 'McuModuleConfiguration', 'McuPublishedInformation', 'GtmConfiguration', 'CommonPublishedInformation'])
[DEBUG] DEBUG_XPATH: _parse_path('McuSysPllClk_Configuration/McuSysPllSource') -> parts=['McuSysPllClk_Configuration', 'McuSysPllSource']
[DEBUG] DEBUG_XPATH: Navigating segment 'McuSysPllClk_Configuration' (axis=child) from 1 nodes
[DEBUG] DEBUG_XPATH:   Current context node: McuClockSettingConfig_0 (type=container, path=/Mcu/McuModuleConfiguration/McuModuleConfiguration_0/McuClockSettingConfig/McuClockSettingConfig_0, children=['McuClockSettingId', 'McuSysPllClk_Configuration', 'McuPerPllClk_Configuration', 'McuSysClkDiv_Configuration', 'McuGTMClk_Configuration', 'McuMSCClk_Configuration', 'McuESPIClk_Configuration', 'McuWDTClk_Configuration', 'McuCanClk_Configuration', 'McuDMAClk_Configuration', 'McuSarAdcClk_Configuration', 'McuBaseTimerClk_Configuration', 'Mcu_Dsadc_Rdc_Clk_Configuration', 'McuClockReferencePoint'])
[DEBUG] DEBUG_XPATH: Navigating segment 'McuSysPllSource' (axis=child) from 1 nodes
[DEBUG] DEBUG_XPATH:   Current context node: McuSysPllClk_Configuration (type=container, path=/Mcu/McuModuleConfiguration/McuModuleConfiguration_0/McuClockSettingConfig/McuClockSettingConfig_0/McuSysPllClk_Configuration, children=['McuSysPllClk_Configuration'])
[DEBUG] DEBUG_XPATH: _parse_path('McuSysPllClk_Configuration/McuSysPllMode') -> parts=['McuSysPllClk_Configuration', 'McuSysPllMode']
[DEBUG] DEBUG_XPATH: Navigating segment 'McuSysPllClk_Configuration' (axis=child) from 1 nodes
[DEBUG] DEBUG_XPATH:   Current context node: McuClockSettingConfig_0 (type=container, path=/Mcu/McuModuleConfiguration/McuModuleConfiguration_0/McuClockSettingConfig/McuClockSettingConfig_0, children=['McuClockSettingId', 'McuSysPllClk_Configuration', 'McuPerPllClk_Configuration', 'McuSysClkDiv_Configuration', 'McuGTMClk_Configuration', 'McuMSCClk_Configuration', 'McuESPIClk_Configuration', 'McuWDTClk_Configuration', 'McuCanClk_Configuration', 'McuDMAClk_Configuration', 'McuSarAdcClk_Configuration', 'McuBaseTimerClk_Configuration', 'Mcu_Dsadc_Rdc_Clk_Configuration', 'McuClockReferencePoint'])
[DEBUG] DEBUG_XPATH: Navigating segment 'McuSysPllMode' (axis=child) from 1 nodes
[DEBUG] DEBUG_XPATH:   Current context node: McuSysPllClk_Configuration (type=container, path=/Mcu/McuModuleConfiguration/McuModuleConfiguration_0/McuClockSettingConfig/McuClockSettingConfig_0/McuSysPllClk_Configuration, children=['McuSysPllClk_Configuration'])
[DEBUG] DEBUG_XPATH: _parse_path('McuSysPllClk_Configuration/McuHSEClkFrequency') -> parts=['McuSysPllClk_Configuration', 'McuHSEClkFrequency']
[DEBUG] DEBUG_XPATH: Navigating segment 'McuSysPllClk_Configuration' (axis=child) from 1 nodes
[DEBUG] DEBUG_XPATH:   Current context node: McuClockSettingConfig_0 (type=container, path=/Mcu/McuModuleConfiguration/McuModuleConfiguration_0/McuClockSettingConfig/McuClockSettingConfig_0, children=['McuClockSettingId', 'McuSysPllClk_Configuration', 'McuPerPllClk_Configuration', 'McuSysClkDiv_Configuration', 'McuGTMClk_Configuration', 'McuMSCClk_Configuration', 'McuESPIClk_Configuration', 'McuWDTClk_Configuration', 'McuCanClk_Configuration', 'McuDMAClk_Configuration', 'McuSarAdcClk_Configuration', 'McuBaseTimerClk_Configuration', 'Mcu_Dsadc_Rdc_Clk_Configuration', 'McuClockReferencePoint'])
[DEBUG] DEBUG_XPATH: Navigating segment 'McuHSEClkFrequency' (axis=child) from 1 nodes
[DEBUG] DEBUG_XPATH:   Current context node: McuSysPllClk_Configuration (type=container, path=/Mcu/McuModuleConfiguration/McuModuleConfiguration_0/McuClockSettingConfig/McuClockSettingConfig_0/McuSysPllClk_Configuration, children=['McuSysPllClk_Configuration'])
[DEBUG] DEBUG_XPATH: _parse_path('McuSysPllClk_Configuration/McuHSIClkFrequency') -> parts=['McuSysPllClk_Configuration', 'McuHSIClkFrequency']
[DEBUG] DEBUG_XPATH: Navigating segment 'McuSysPllClk_Configuration' (axis=child) from 1 nodes
[DEBUG] DEBUG_XPATH:   Current context node: McuClockSettingConfig_0 (type=container, path=/Mcu/McuModuleConfiguration/McuModuleConfiguration_0/McuClockSettingConfig/McuClockSettingConfig_0, children=['McuClockSettingId', 'McuSysPllClk_Configuration', 'McuPerPllClk_Configuration', 'McuSysClkDiv_Configuration', 'McuGTMClk_Configuration', 'McuMSCClk_Configuration', 'McuESPIClk_Configuration', 'McuWDTClk_Configuration', 'McuCanClk_Configuration', 'McuDMAClk_Configuration', 'McuSarAdcClk_Configuration', 'McuBaseTimerClk_Configuration', 'Mcu_Dsadc_Rdc_Clk_Configuration', 'McuClockReferencePoint'])
[DEBUG] DEBUG_XPATH: Navigating segment 'McuHSIClkFrequency' (axis=child) from 1 nodes
[DEBUG] DEBUG_XPATH:   Current context node: McuSysPllClk_Configuration (type=container, path=/Mcu/McuModuleConfiguration/McuModuleConfiguration_0/McuClockSettingConfig/McuClockSettingConfig_0/McuSysPllClk_Configuration, children=['McuSysPllClk_Configuration'])
[DEBUG] DEBUG_XPATH: _parse_path('McuSysPllClk_Configuration/McuSysPllFBDiv') -> parts=['McuSysPllClk_Configuration', 'McuSysPllFBDiv']
[DEBUG] DEBUG_XPATH: Navigating segment 'McuSysPllClk_Configuration' (axis=child) from 1 nodes
[DEBUG] DEBUG_XPATH:   Current context node: McuClockSettingConfig_0 (type=container, path=/Mcu/McuModuleConfiguration/McuModuleConfiguration_0/McuClockSettingConfig/McuClockSettingConfig_0, children=['McuClockSettingId', 'McuSysPllClk_Configuration', 'McuPerPllClk_Configuration', 'McuSysClkDiv_Configuration', 'McuGTMClk_Configuration', 'McuMSCClk_Configuration', 'McuESPIClk_Configuration', 'McuWDTClk_Configuration', 'McuCanClk_Configuration', 'McuDMAClk_Configuration', 'McuSarAdcClk_Configuration', 'McuBaseTimerClk_Configuration', 'Mcu_Dsadc_Rdc_Clk_Configuration', 'McuClockReferencePoint'])
[DEBUG] DEBUG_XPATH: Navigating segment 'McuSysPllFBDiv' (axis=child) from 1 nodes
[DEBUG] DEBUG_XPATH:   Current context node: McuSysPllClk_Configuration (type=container, path=/Mcu/McuModuleConfiguration/McuModuleConfiguration_0/McuClockSettingConfig/McuClockSettingConfig_0/McuSysPllClk_Configuration, children=['McuSysPllClk_Configuration'])
[DEBUG] DEBUG_XPATH: _parse_path('McuSysPllClk_Configuration/McuSysPllRefDiv') -> parts=['McuSysPllClk_Configuration', 'McuSysPllRefDiv']
[DEBUG] DEBUG_XPATH: Navigating segment 'McuSysPllClk_Configuration' (axis=child) from 1 nodes
[DEBUG] DEBUG_XPATH:   Current context node: McuClockSettingConfig_0 (type=container, path=/Mcu/McuModuleConfiguration/McuModuleConfiguration_0/McuClockSettingConfig/McuClockSettingConfig_0, children=['McuClockSettingId', 'McuSysPllClk_Configuration', 'McuPerPllClk_Configuration', 'McuSysClkDiv_Configuration', 'McuGTMClk_Configuration', 'McuMSCClk_Configuration', 'McuESPIClk_Configuration', 'McuWDTClk_Configuration', 'McuCanClk_Configuration', 'McuDMAClk_Configuration', 'McuSarAdcClk_Configuration', 'McuBaseTimerClk_Configuration', 'Mcu_Dsadc_Rdc_Clk_Configuration', 'McuClockReferencePoint'])
[DEBUG] DEBUG_XPATH: Navigating segment 'McuSysPllRefDiv' (axis=child) from 1 nodes
[DEBUG] DEBUG_XPATH:   Current context node: McuSysPllClk_Configuration (type=container, path=/Mcu/McuModuleConfiguration/McuModuleConfiguration_0/McuClockSettingConfig/McuClockSettingConfig_0/McuSysPllClk_Configuration, children=['McuSysPllClk_Configuration'])
[DEBUG] DEBUG_XPATH: _parse_path('McuSysPllClk_Configuration/McuSysPllFRAC') -> parts=['McuSysPllClk_Configuration', 'McuSysPllFRAC']
[DEBUG] DEBUG_XPATH: Navigating segment 'McuSysPllClk_Configuration' (axis=child) from 1 nodes
[DEBUG] DEBUG_XPATH:   Current context node: McuClockSettingConfig_0 (type=container, path=/Mcu/McuModuleConfiguration/McuModuleConfiguration_0/McuClockSettingConfig/McuClockSettingConfig_0, children=['McuClockSettingId', 'McuSysPllClk_Configuration', 'McuPerPllClk_Configuration', 'McuSysClkDiv_Configuration', 'McuGTMClk_Configuration', 'McuMSCClk_Configuration', 'McuESPIClk_Configuration', 'McuWDTClk_Configuration', 'McuCanClk_Configuration', 'McuDMAClk_Configuration', 'McuSarAdcClk_Configuration', 'McuBaseTimerClk_Configuration', 'Mcu_Dsadc_Rdc_Clk_Configuration', 'McuClockReferencePoint'])
[DEBUG] DEBUG_XPATH: Navigating segment 'McuSysPllFRAC' (axis=child) from 1 nodes
[DEBUG] DEBUG_XPATH:   Current context node: McuSysPllClk_Configuration (type=container, path=/Mcu/McuModuleConfiguration/McuModuleConfiguration_0/McuClockSettingConfig/McuClockSettingConfig_0/McuSysPllClk_Configuration, children=['McuSysPllClk_Configuration'])
[DEBUG] DEBUG: Evaluating condition: $mode = 'RCC_PLLMODE_INTEGER'
[DEBUG] DEBUG: Comparison [$mode = 'RCC_PLLMODE_INTEGER'] => [RCC_PLLMODE_INTEGER = RCC_PLLMODE_INTEGER] Result: True
[DEBUG] DEBUG: Evaluating condition: $source = 'RCC_PLLCLOCKSOURCE_HSE'
[DEBUG] DEBUG: Comparison [$source = 'RCC_PLLCLOCKSOURCE_HSE'] => [RCC_PLLCLOCKSOURCE_HSE = RCC_PLLCLOCKSOURCE_HSE] Result: True
[DEBUG] DEBUG: Evaluating condition: (400000000 < $foutvco) and (1600000000 > $foutvco)
[DEBUG] DEBUG: Evaluating condition: (400000000 < $foutvco)
[DEBUG] DEBUG: Comparison [400000000 < $foutvco] => [400000000 < 800000000.0] Result: True
[DEBUG] DEBUG: Evaluating condition: (1600000000 > $foutvco)
[DEBUG] DEBUG: Comparison [1600000000 > $foutvco] => [1600000000 > 800000000.0] Result: True
[DEBUG] DEBUG_XPATH: _parse_path('McuSysPllClk_Configuration/McuSysPllSource') -> parts=['McuSysPllClk_Configuration', 'McuSysPllSource']
[DEBUG] DEBUG_XPATH: Navigating segment 'McuSysPllClk_Configuration' (axis=child) from 1 nodes
[DEBUG] DEBUG_XPATH:   Current context node: McuClockSettingConfig_0 (type=container, path=/Mcu/McuModuleConfiguration/McuModuleConfiguration_0/McuClockSettingConfig/McuClockSettingConfig_0, children=['McuClockSettingId', 'McuSysPllClk_Configuration', 'McuPerPllClk_Configuration', 'McuSysClkDiv_Configuration', 'McuGTMClk_Configuration', 'McuMSCClk_Configuration', 'McuESPIClk_Configuration', 'McuWDTClk_Configuration', 'McuCanClk_Configuration', 'McuDMAClk_Configuration', 'McuSarAdcClk_Configuration', 'McuBaseTimerClk_Configuration', 'Mcu_Dsadc_Rdc_Clk_Configuration', 'McuClockReferencePoint'])
[DEBUG] DEBUG_XPATH: Navigating segment 'McuSysPllSource' (axis=child) from 1 nodes
[DEBUG] DEBUG_XPATH:   Current context node: McuSysPllClk_Configuration (type=container, path=/Mcu/McuModuleConfiguration/McuModuleConfiguration_0/McuClockSettingConfig/McuClockSettingConfig_0/McuSysPllClk_Configuration, children=['McuSysPllClk_Configuration'])
[DEBUG] DEBUG_XPATH: _parse_path('McuSysPllClk_Configuration/McuSysPllMode') -> parts=['McuSysPllClk_Configuration', 'McuSysPllMode']
[DEBUG] DEBUG_XPATH: Navigating segment 'McuSysPllClk_Configuration' (axis=child) from 1 nodes
[DEBUG] DEBUG_XPATH:   Current context node: McuClockSettingConfig_0 (type=container, path=/Mcu/McuModuleConfiguration/McuModuleConfiguration_0/McuClockSettingConfig/McuClockSettingConfig_0, children=['McuClockSettingId', 'McuSysPllClk_Configuration', 'McuPerPllClk_Configuration', 'McuSysClkDiv_Configuration', 'McuGTMClk_Configuration', 'McuMSCClk_Configuration', 'McuESPIClk_Configuration', 'McuWDTClk_Configuration', 'McuCanClk_Configuration', 'McuDMAClk_Configuration', 'McuSarAdcClk_Configuration', 'McuBaseTimerClk_Configuration', 'Mcu_Dsadc_Rdc_Clk_Configuration', 'McuClockReferencePoint'])
[DEBUG] DEBUG_XPATH: Navigating segment 'McuSysPllMode' (axis=child) from 1 nodes
[DEBUG] DEBUG_XPATH:   Current context node: McuSysPllClk_Configuration (type=container, path=/Mcu/McuModuleConfiguration/McuModuleConfiguration_0/McuClockSettingConfig/McuClockSettingConfig_0/McuSysPllClk_Configuration, children=['McuSysPllClk_Configuration'])
[DEBUG] DEBUG_XPATH: _parse_path('McuSysPllClk_Configuration/McuSysPllRefDiv') -> parts=['McuSysPllClk_Configuration', 'McuSysPllRefDiv']
[DEBUG] DEBUG_XPATH: Navigating segment 'McuSysPllClk_Configuration' (axis=child) from 1 nodes
[DEBUG] DEBUG_XPATH:   Current context node: McuClockSettingConfig_0 (type=container, path=/Mcu/McuModuleConfiguration/McuModuleConfiguration_0/McuClockSettingConfig/McuClockSettingConfig_0, children=['McuClockSettingId', 'McuSysPllClk_Configuration', 'McuPerPllClk_Configuration', 'McuSysClkDiv_Configuration', 'McuGTMClk_Configuration', 'McuMSCClk_Configuration', 'McuESPIClk_Configuration', 'McuWDTClk_Configuration', 'McuCanClk_Configuration', 'McuDMAClk_Configuration', 'McuSarAdcClk_Configuration', 'McuBaseTimerClk_Configuration', 'Mcu_Dsadc_Rdc_Clk_Configuration', 'McuClockReferencePoint'])
[DEBUG] DEBUG_XPATH: Navigating segment 'McuSysPllRefDiv' (axis=child) from 1 nodes
[DEBUG] DEBUG_XPATH:   Current context node: McuSysPllClk_Configuration (type=container, path=/Mcu/McuModuleConfiguration/McuModuleConfiguration_0/McuClockSettingConfig/McuClockSettingConfig_0/McuSysPllClk_Configuration, children=['McuSysPllClk_Configuration'])
[DEBUG] DEBUG_XPATH: _parse_path('McuSysPllClk_Configuration/McuSysPllPostDiv1') -> parts=['McuSysPllClk_Configuration', 'McuSysPllPostDiv1']
[DEBUG] DEBUG_XPATH: Navigating segment 'McuSysPllClk_Configuration' (axis=child) from 1 nodes
[DEBUG] DEBUG_XPATH:   Current context node: McuClockSettingConfig_0 (type=container, path=/Mcu/McuModuleConfiguration/McuModuleConfiguration_0/McuClockSettingConfig/McuClockSettingConfig_0, children=['McuClockSettingId', 'McuSysPllClk_Configuration', 'McuPerPllClk_Configuration', 'McuSysClkDiv_Configuration', 'McuGTMClk_Configuration', 'McuMSCClk_Configuration', 'McuESPIClk_Configuration', 'McuWDTClk_Configuration', 'McuCanClk_Configuration', 'McuDMAClk_Configuration', 'McuSarAdcClk_Configuration', 'McuBaseTimerClk_Configuration', 'Mcu_Dsadc_Rdc_Clk_Configuration', 'McuClockReferencePoint'])
[DEBUG] DEBUG_XPATH: Navigating segment 'McuSysPllPostDiv1' (axis=child) from 1 nodes
[DEBUG] DEBUG_XPATH:   Current context node: McuSysPllClk_Configuration (type=container, path=/Mcu/McuModuleConfiguration/McuModuleConfiguration_0/McuClockSettingConfig/McuClockSettingConfig_0/McuSysPllClk_Configuration, children=['McuSysPllClk_Configuration'])
[DEBUG] DEBUG_XPATH: _parse_path('McuSysPllClk_Configuration/McuSysPllPostDiv2') -> parts=['McuSysPllClk_Configuration', 'McuSysPllPostDiv2']
[DEBUG] DEBUG_XPATH: Navigating segment 'McuSysPllClk_Configuration' (axis=child) from 1 nodes
[DEBUG] DEBUG_XPATH:   Current context node: McuClockSettingConfig_0 (type=container, path=/Mcu/McuModuleConfiguration/McuModuleConfiguration_0/McuClockSettingConfig/McuClockSettingConfig_0, children=['McuClockSettingId', 'McuSysPllClk_Configuration', 'McuPerPllClk_Configuration', 'McuSysClkDiv_Configuration', 'McuGTMClk_Configuration', 'McuMSCClk_Configuration', 'McuESPIClk_Configuration', 'McuWDTClk_Configuration', 'McuCanClk_Configuration', 'McuDMAClk_Configuration', 'McuSarAdcClk_Configuration', 'McuBaseTimerClk_Configuration', 'Mcu_Dsadc_Rdc_Clk_Configuration', 'McuClockReferencePoint'])
[DEBUG] DEBUG_XPATH: Navigating segment 'McuSysPllPostDiv2' (axis=child) from 1 nodes
[DEBUG] DEBUG_XPATH:   Current context node: McuSysPllClk_Configuration (type=container, path=/Mcu/McuModuleConfiguration/McuModuleConfiguration_0/McuClockSettingConfig/McuClockSettingConfig_0/McuSysPllClk_Configuration, children=['McuSysPllClk_Configuration'])
[DEBUG] DEBUG_XPATH: _parse_path('McuSysPllClk_Configuration/McuSysPllFBDiv') -> parts=['McuSysPllClk_Configuration', 'McuSysPllFBDiv']
[DEBUG] DEBUG_XPATH: Navigating segment 'McuSysPllClk_Configuration' (axis=child) from 1 nodes
[DEBUG] DEBUG_XPATH:   Current context node: McuClockSettingConfig_0 (type=container, path=/Mcu/McuModuleConfiguration/McuModuleConfiguration_0/McuClockSettingConfig/McuClockSettingConfig_0, children=['McuClockSettingId', 'McuSysPllClk_Configuration', 'McuPerPllClk_Configuration', 'McuSysClkDiv_Configuration', 'McuGTMClk_Configuration', 'McuMSCClk_Configuration', 'McuESPIClk_Configuration', 'McuWDTClk_Configuration', 'McuCanClk_Configuration', 'McuDMAClk_Configuration', 'McuSarAdcClk_Configuration', 'McuBaseTimerClk_Configuration', 'Mcu_Dsadc_Rdc_Clk_Configuration', 'McuClockReferencePoint'])
[DEBUG] DEBUG_XPATH: Navigating segment 'McuSysPllFBDiv' (axis=child) from 1 nodes
[DEBUG] DEBUG_XPATH:   Current context node: McuSysPllClk_Configuration (type=container, path=/Mcu/McuModuleConfiguration/McuModuleConfiguration_0/McuClockSettingConfig/McuClockSettingConfig_0/McuSysPllClk_Configuration, children=['McuSysPllClk_Configuration'])
[DEBUG] DEBUG_XPATH: _parse_path('McuSysPllClk_Configuration/McuSysPllFRAC') -> parts=['McuSysPllClk_Configuration', 'McuSysPllFRAC']
[DEBUG] DEBUG_XPATH: Navigating segment 'McuSysPllClk_Configuration' (axis=child) from 1 nodes
[DEBUG] DEBUG_XPATH:   Current context node: McuClockSettingConfig_0 (type=container, path=/Mcu/McuModuleConfiguration/McuModuleConfiguration_0/McuClockSettingConfig/McuClockSettingConfig_0, children=['McuClockSettingId', 'McuSysPllClk_Configuration', 'McuPerPllClk_Configuration', 'McuSysClkDiv_Configuration', 'McuGTMClk_Configuration', 'McuMSCClk_Configuration', 'McuESPIClk_Configuration', 'McuWDTClk_Configuration', 'McuCanClk_Configuration', 'McuDMAClk_Configuration', 'McuSarAdcClk_Configuration', 'McuBaseTimerClk_Configuration', 'Mcu_Dsadc_Rdc_Clk_Configuration', 'McuClockReferencePoint'])
[DEBUG] DEBUG_XPATH: Navigating segment 'McuSysPllFRAC' (axis=child) from 1 nodes
[DEBUG] DEBUG_XPATH:   Current context node: McuSysPllClk_Configuration (type=container, path=/Mcu/McuModuleConfiguration/McuModuleConfiguration_0/McuClockSettingConfig/McuClockSettingConfig_0/McuSysPllClk_Configuration, children=['McuSysPllClk_Configuration'])
[DEBUG] DEBUG_XPATH: _parse_path('McuModuleConfiguration/McuClockSettingConfig/*') -> parts=['McuModuleConfiguration', 'McuClockSettingConfig', '*']
[DEBUG] DEBUG_XPATH: Navigating segment 'McuModuleConfiguration' (axis=child) from 1 nodes
[DEBUG] DEBUG_XPATH:   Current context node: Mcu (type=module, path=/Mcu, children=['McuGeneralConfiguration', 'McuModuleConfiguration', 'McuPublishedInformation', 'GtmConfiguration', 'CommonPublishedInformation'])
[DEBUG] DEBUG_XPATH: Navigating segment 'McuClockSettingConfig' (axis=child) from 1 nodes
[DEBUG] DEBUG_XPATH:   Current context node: McuModuleConfiguration (type=container, path=/Mcu/McuModuleConfiguration, children=['McuModuleConfiguration_0', 'McuClockSrcFailureNotification', 'McuNumberOfMcuModes', 'McuRamSectors', 'McuResetSetting', 'McuResetConfig', 'McuClockSettingConfig', 'McuDemEventParameterRefs', 'McuModeSettingConf', 'McuRamSectorSettingConf'])
[DEBUG] DEBUG_XPATH: Navigating segment '*' (axis=child) from 1 nodes
[DEBUG] DEBUG_XPATH:   Current context node: McuClockSettingConfig (type=container, path=/Mcu/McuModuleConfiguration/McuModuleConfiguration_0/McuClockSettingConfig, children=['McuClockSettingConfig_0'])
[DEBUG] DEBUG_XPATH: _parse_path('McuModuleConfiguration/McuClockSettingConfig/*') -> parts=['McuModuleConfiguration', 'McuClockSettingConfig', '*']
[DEBUG] DEBUG_XPATH: Navigating segment 'McuModuleConfiguration' (axis=child) from 1 nodes
[DEBUG] DEBUG_XPATH:   Current context node: Mcu (type=module, path=/Mcu, children=['McuGeneralConfiguration', 'McuModuleConfiguration', 'McuPublishedInformation', 'GtmConfiguration', 'CommonPublishedInformation'])
[DEBUG] DEBUG_XPATH: Navigating segment 'McuClockSettingConfig' (axis=child) from 1 nodes
[DEBUG] DEBUG_XPATH:   Current context node: McuModuleConfiguration (type=container, path=/Mcu/McuModuleConfiguration, children=['McuModuleConfiguration_0', 'McuClockSrcFailureNotification', 'McuNumberOfMcuModes', 'McuRamSectors', 'McuResetSetting', 'McuResetConfig', 'McuClockSettingConfig', 'McuDemEventParameterRefs', 'McuModeSettingConf', 'McuRamSectorSettingConf'])
[DEBUG] DEBUG_XPATH: Navigating segment '*' (axis=child) from 1 nodes
[DEBUG] DEBUG_XPATH:   Current context node: McuClockSettingConfig (type=container, path=/Mcu/McuModuleConfiguration/McuModuleConfiguration_0/McuClockSettingConfig, children=['McuClockSettingConfig_0'])
[DEBUG] DEBUG_XPATH: _parse_path('McuClockSettingId') -> parts=['McuClockSettingId']
[DEBUG] DEBUG_XPATH: Navigating segment 'McuClockSettingId' (axis=child) from 1 nodes
[DEBUG] DEBUG_XPATH:   Current context node: Mcu (type=module, path=/Mcu, children=['McuGeneralConfiguration', 'McuModuleConfiguration', 'McuPublishedInformation', 'GtmConfiguration', 'CommonPublishedInformation'])
[DEBUG] DEBUG_XPATH: _parse_path('McuPerPllClk_Configuration/McuPerPllSource') -> parts=['McuPerPllClk_Configuration', 'McuPerPllSource']
[DEBUG] DEBUG_XPATH: Navigating segment 'McuPerPllClk_Configuration' (axis=child) from 1 nodes
[DEBUG] DEBUG_XPATH:   Current context node: McuClockSettingConfig_0 (type=container, path=/Mcu/McuModuleConfiguration/McuModuleConfiguration_0/McuClockSettingConfig/McuClockSettingConfig_0, children=['McuClockSettingId', 'McuSysPllClk_Configuration', 'McuPerPllClk_Configuration', 'McuSysClkDiv_Configuration', 'McuGTMClk_Configuration', 'McuMSCClk_Configuration', 'McuESPIClk_Configuration', 'McuWDTClk_Configuration', 'McuCanClk_Configuration', 'McuDMAClk_Configuration', 'McuSarAdcClk_Configuration', 'McuBaseTimerClk_Configuration', 'Mcu_Dsadc_Rdc_Clk_Configuration', 'McuClockReferencePoint'])
[DEBUG] DEBUG_XPATH: Navigating segment 'McuPerPllSource' (axis=child) from 1 nodes
[DEBUG] DEBUG_XPATH:   Current context node: McuPerPllClk_Configuration (type=container, path=/Mcu/McuModuleConfiguration/McuModuleConfiguration_0/McuClockSettingConfig/McuClockSettingConfig_0/McuPerPllClk_Configuration, children=['McuPerPllClk_Configuration'])
[DEBUG] DEBUG_XPATH: _parse_path('McuPerPllClk_Configuration/McuPerPllMode') -> parts=['McuPerPllClk_Configuration', 'McuPerPllMode']
[DEBUG] DEBUG_XPATH: Navigating segment 'McuPerPllClk_Configuration' (axis=child) from 1 nodes
[DEBUG] DEBUG_XPATH:   Current context node: McuClockSettingConfig_0 (type=container, path=/Mcu/McuModuleConfiguration/McuModuleConfiguration_0/McuClockSettingConfig/McuClockSettingConfig_0, children=['McuClockSettingId', 'McuSysPllClk_Configuration', 'McuPerPllClk_Configuration', 'McuSysClkDiv_Configuration', 'McuGTMClk_Configuration', 'McuMSCClk_Configuration', 'McuESPIClk_Configuration', 'McuWDTClk_Configuration', 'McuCanClk_Configuration', 'McuDMAClk_Configuration', 'McuSarAdcClk_Configuration', 'McuBaseTimerClk_Configuration', 'Mcu_Dsadc_Rdc_Clk_Configuration', 'McuClockReferencePoint'])
[DEBUG] DEBUG_XPATH: Navigating segment 'McuPerPllMode' (axis=child) from 1 nodes
[DEBUG] DEBUG_XPATH:   Current context node: McuPerPllClk_Configuration (type=container, path=/Mcu/McuModuleConfiguration/McuModuleConfiguration_0/McuClockSettingConfig/McuClockSettingConfig_0/McuPerPllClk_Configuration, children=['McuPerPllClk_Configuration'])
[DEBUG] DEBUG_XPATH: _parse_path('McuSysPllClk_Configuration/McuHSEClkFrequency') -> parts=['McuSysPllClk_Configuration', 'McuHSEClkFrequency']
[DEBUG] DEBUG_XPATH: Navigating segment 'McuSysPllClk_Configuration' (axis=child) from 1 nodes
[DEBUG] DEBUG_XPATH:   Current context node: McuClockSettingConfig_0 (type=container, path=/Mcu/McuModuleConfiguration/McuModuleConfiguration_0/McuClockSettingConfig/McuClockSettingConfig_0, children=['McuClockSettingId', 'McuSysPllClk_Configuration', 'McuPerPllClk_Configuration', 'McuSysClkDiv_Configuration', 'McuGTMClk_Configuration', 'McuMSCClk_Configuration', 'McuESPIClk_Configuration', 'McuWDTClk_Configuration', 'McuCanClk_Configuration', 'McuDMAClk_Configuration', 'McuSarAdcClk_Configuration', 'McuBaseTimerClk_Configuration', 'Mcu_Dsadc_Rdc_Clk_Configuration', 'McuClockReferencePoint'])
[DEBUG] DEBUG_XPATH: Navigating segment 'McuHSEClkFrequency' (axis=child) from 1 nodes
[DEBUG] DEBUG_XPATH:   Current context node: McuSysPllClk_Configuration (type=container, path=/Mcu/McuModuleConfiguration/McuModuleConfiguration_0/McuClockSettingConfig/McuClockSettingConfig_0/McuSysPllClk_Configuration, children=['McuSysPllClk_Configuration'])
[DEBUG] DEBUG_XPATH: _parse_path('McuSysPllClk_Configuration/McuHSIClkFrequency') -> parts=['McuSysPllClk_Configuration', 'McuHSIClkFrequency']
[DEBUG] DEBUG_XPATH: Navigating segment 'McuSysPllClk_Configuration' (axis=child) from 1 nodes
[DEBUG] DEBUG_XPATH:   Current context node: McuClockSettingConfig_0 (type=container, path=/Mcu/McuModuleConfiguration/McuModuleConfiguration_0/McuClockSettingConfig/McuClockSettingConfig_0, children=['McuClockSettingId', 'McuSysPllClk_Configuration', 'McuPerPllClk_Configuration', 'McuSysClkDiv_Configuration', 'McuGTMClk_Configuration', 'McuMSCClk_Configuration', 'McuESPIClk_Configuration', 'McuWDTClk_Configuration', 'McuCanClk_Configuration', 'McuDMAClk_Configuration', 'McuSarAdcClk_Configuration', 'McuBaseTimerClk_Configuration', 'Mcu_Dsadc_Rdc_Clk_Configuration', 'McuClockReferencePoint'])
[DEBUG] DEBUG_XPATH: Navigating segment 'McuHSIClkFrequency' (axis=child) from 1 nodes
[DEBUG] DEBUG_XPATH:   Current context node: McuSysPllClk_Configuration (type=container, path=/Mcu/McuModuleConfiguration/McuModuleConfiguration_0/McuClockSettingConfig/McuClockSettingConfig_0/McuSysPllClk_Configuration, children=['McuSysPllClk_Configuration'])
[DEBUG] DEBUG_XPATH: _parse_path('McuPerPllClk_Configuration/McuPerPllFBDiv') -> parts=['McuPerPllClk_Configuration', 'McuPerPllFBDiv']
[DEBUG] DEBUG_XPATH: Navigating segment 'McuPerPllClk_Configuration' (axis=child) from 1 nodes
[DEBUG] DEBUG_XPATH:   Current context node: McuClockSettingConfig_0 (type=container, path=/Mcu/McuModuleConfiguration/McuModuleConfiguration_0/McuClockSettingConfig/McuClockSettingConfig_0, children=['McuClockSettingId', 'McuSysPllClk_Configuration', 'McuPerPllClk_Configuration', 'McuSysClkDiv_Configuration', 'McuGTMClk_Configuration', 'McuMSCClk_Configuration', 'McuESPIClk_Configuration', 'McuWDTClk_Configuration', 'McuCanClk_Configuration', 'McuDMAClk_Configuration', 'McuSarAdcClk_Configuration', 'McuBaseTimerClk_Configuration', 'Mcu_Dsadc_Rdc_Clk_Configuration', 'McuClockReferencePoint'])
[DEBUG] DEBUG_XPATH: Navigating segment 'McuPerPllFBDiv' (axis=child) from 1 nodes
[DEBUG] DEBUG_XPATH:   Current context node: McuPerPllClk_Configuration (type=container, path=/Mcu/McuModuleConfiguration/McuModuleConfiguration_0/McuClockSettingConfig/McuClockSettingConfig_0/McuPerPllClk_Configuration, children=['McuPerPllClk_Configuration'])
[DEBUG] DEBUG_XPATH: _parse_path('McuPerPllClk_Configuration/McuPerPllRefDiv') -> parts=['McuPerPllClk_Configuration', 'McuPerPllRefDiv']
[DEBUG] DEBUG_XPATH: Navigating segment 'McuPerPllClk_Configuration' (axis=child) from 1 nodes
[DEBUG] DEBUG_XPATH:   Current context node: McuClockSettingConfig_0 (type=container, path=/Mcu/McuModuleConfiguration/McuModuleConfiguration_0/McuClockSettingConfig/McuClockSettingConfig_0, children=['McuClockSettingId', 'McuSysPllClk_Configuration', 'McuPerPllClk_Configuration', 'McuSysClkDiv_Configuration', 'McuGTMClk_Configuration', 'McuMSCClk_Configuration', 'McuESPIClk_Configuration', 'McuWDTClk_Configuration', 'McuCanClk_Configuration', 'McuDMAClk_Configuration', 'McuSarAdcClk_Configuration', 'McuBaseTimerClk_Configuration', 'Mcu_Dsadc_Rdc_Clk_Configuration', 'McuClockReferencePoint'])
[DEBUG] DEBUG_XPATH: Navigating segment 'McuPerPllRefDiv' (axis=child) from 1 nodes
[DEBUG] DEBUG_XPATH:   Current context node: McuPerPllClk_Configuration (type=container, path=/Mcu/McuModuleConfiguration/McuModuleConfiguration_0/McuClockSettingConfig/McuClockSettingConfig_0/McuPerPllClk_Configuration, children=['McuPerPllClk_Configuration'])
[DEBUG] DEBUG_XPATH: _parse_path('McuPerPllClk_Configuration/McuPerPllFRAC') -> parts=['McuPerPllClk_Configuration', 'McuPerPllFRAC']
[DEBUG] DEBUG_XPATH: Navigating segment 'McuPerPllClk_Configuration' (axis=child) from 1 nodes
[DEBUG] DEBUG_XPATH:   Current context node: McuClockSettingConfig_0 (type=container, path=/Mcu/McuModuleConfiguration/McuModuleConfiguration_0/McuClockSettingConfig/McuClockSettingConfig_0, children=['McuClockSettingId', 'McuSysPllClk_Configuration', 'McuPerPllClk_Configuration', 'McuSysClkDiv_Configuration', 'McuGTMClk_Configuration', 'McuMSCClk_Configuration', 'McuESPIClk_Configuration', 'McuWDTClk_Configuration', 'McuCanClk_Configuration', 'McuDMAClk_Configuration', 'McuSarAdcClk_Configuration', 'McuBaseTimerClk_Configuration', 'Mcu_Dsadc_Rdc_Clk_Configuration', 'McuClockReferencePoint'])
[DEBUG] DEBUG_XPATH: Navigating segment 'McuPerPllFRAC' (axis=child) from 1 nodes
[DEBUG] DEBUG_XPATH:   Current context node: McuPerPllClk_Configuration (type=container, path=/Mcu/McuModuleConfiguration/McuModuleConfiguration_0/McuClockSettingConfig/McuClockSettingConfig_0/McuPerPllClk_Configuration, children=['McuPerPllClk_Configuration'])
[DEBUG] DEBUG_XPATH: _parse_path('McuPerPllClk_Configuration/McuPerPllFrequency') -> parts=['McuPerPllClk_Configuration', 'McuPerPllFrequency']
[DEBUG] DEBUG_XPATH: Navigating segment 'McuPerPllClk_Configuration' (axis=child) from 1 nodes
[DEBUG] DEBUG_XPATH:   Current context node: McuClockSettingConfig_0 (type=container, path=/Mcu/McuModuleConfiguration/McuModuleConfiguration_0/McuClockSettingConfig/McuClockSettingConfig_0, children=['McuClockSettingId', 'McuSysPllClk_Configuration', 'McuPerPllClk_Configuration', 'McuSysClkDiv_Configuration', 'McuGTMClk_Configuration', 'McuMSCClk_Configuration', 'McuESPIClk_Configuration', 'McuWDTClk_Configuration', 'McuCanClk_Configuration', 'McuDMAClk_Configuration', 'McuSarAdcClk_Configuration', 'McuBaseTimerClk_Configuration', 'Mcu_Dsadc_Rdc_Clk_Configuration', 'McuClockReferencePoint'])
[DEBUG] DEBUG_XPATH: Navigating segment 'McuPerPllFrequency' (axis=child) from 1 nodes
[DEBUG] DEBUG_XPATH:   Current context node: McuPerPllClk_Configuration (type=container, path=/Mcu/McuModuleConfiguration/McuModuleConfiguration_0/McuClockSettingConfig/McuClockSettingConfig_0/McuPerPllClk_Configuration, children=['McuPerPllClk_Configuration'])
[DEBUG] DEBUG: Evaluating condition: $mode = 'RCC_PLLMODE_INTEGER'
[DEBUG] DEBUG: Comparison [$mode = 'RCC_PLLMODE_INTEGER'] => [RCC_PLLMODE_INTEGER = RCC_PLLMODE_INTEGER] Result: True
[DEBUG] DEBUG: Evaluating condition: $source = 'RCC_PLLCLOCKSOURCE_HSE'
[DEBUG] DEBUG: Comparison [$source = 'RCC_PLLCLOCKSOURCE_HSE'] => [RCC_PLLCLOCKSOURCE_HSE = RCC_PLLCLOCKSOURCE_HSE] Result: True
[DEBUG] DEBUG: Evaluating condition: (400000000 < $foutvco) and (1600000000 > $foutvco)
[DEBUG] DEBUG: Evaluating condition: (400000000 < $foutvco)
[DEBUG] DEBUG: Comparison [400000000 < $foutvco] => [400000000 < 800000000.0] Result: True
[DEBUG] DEBUG: Evaluating condition: (1600000000 > $foutvco)
[DEBUG] DEBUG: Comparison [1600000000 > $foutvco] => [1600000000 > 800000000.0] Result: True
[DEBUG] DEBUG: Evaluating condition: $IsTha6104 = num:i(1)
[DEBUG] DEBUG: Comparison [$IsTha6104 = num:i(1)] => [0 = 1] Result: False
[DEBUG] DEBUG_XPATH: _parse_path('McuPerPllClk_Configuration/McuPerPllSource') -> parts=['McuPerPllClk_Configuration', 'McuPerPllSource']
[DEBUG] DEBUG_XPATH: Navigating segment 'McuPerPllClk_Configuration' (axis=child) from 1 nodes
[DEBUG] DEBUG_XPATH:   Current context node: McuClockSettingConfig_0 (type=container, path=/Mcu/McuModuleConfiguration/McuModuleConfiguration_0/McuClockSettingConfig/McuClockSettingConfig_0, children=['McuClockSettingId', 'McuSysPllClk_Configuration', 'McuPerPllClk_Configuration', 'McuSysClkDiv_Configuration', 'McuGTMClk_Configuration', 'McuMSCClk_Configuration', 'McuESPIClk_Configuration', 'McuWDTClk_Configuration', 'McuCanClk_Configuration', 'McuDMAClk_Configuration', 'McuSarAdcClk_Configuration', 'McuBaseTimerClk_Configuration', 'Mcu_Dsadc_Rdc_Clk_Configuration', 'McuClockReferencePoint'])
[DEBUG] DEBUG_XPATH: Navigating segment 'McuPerPllSource' (axis=child) from 1 nodes
[DEBUG] DEBUG_XPATH:   Current context node: McuPerPllClk_Configuration (type=container, path=/Mcu/McuModuleConfiguration/McuModuleConfiguration_0/McuClockSettingConfig/McuClockSettingConfig_0/McuPerPllClk_Configuration, children=['McuPerPllClk_Configuration'])
[DEBUG] DEBUG_XPATH: _parse_path('McuPerPllClk_Configuration/McuPerPllMode') -> parts=['McuPerPllClk_Configuration', 'McuPerPllMode']
[DEBUG] DEBUG_XPATH: Navigating segment 'McuPerPllClk_Configuration' (axis=child) from 1 nodes
[DEBUG] DEBUG_XPATH:   Current context node: McuClockSettingConfig_0 (type=container, path=/Mcu/McuModuleConfiguration/McuModuleConfiguration_0/McuClockSettingConfig/McuClockSettingConfig_0, children=['McuClockSettingId', 'McuSysPllClk_Configuration', 'McuPerPllClk_Configuration', 'McuSysClkDiv_Configuration', 'McuGTMClk_Configuration', 'McuMSCClk_Configuration', 'McuESPIClk_Configuration', 'McuWDTClk_Configuration', 'McuCanClk_Configuration', 'McuDMAClk_Configuration', 'McuSarAdcClk_Configuration', 'McuBaseTimerClk_Configuration', 'Mcu_Dsadc_Rdc_Clk_Configuration', 'McuClockReferencePoint'])
[DEBUG] DEBUG_XPATH: Navigating segment 'McuPerPllMode' (axis=child) from 1 nodes
[DEBUG] DEBUG_XPATH:   Current context node: McuPerPllClk_Configuration (type=container, path=/Mcu/McuModuleConfiguration/McuModuleConfiguration_0/McuClockSettingConfig/McuClockSettingConfig_0/McuPerPllClk_Configuration, children=['McuPerPllClk_Configuration'])
[DEBUG] DEBUG_XPATH: _parse_path('McuPerPllClk_Configuration/McuPerPllRefDiv') -> parts=['McuPerPllClk_Configuration', 'McuPerPllRefDiv']
[DEBUG] DEBUG_XPATH: Navigating segment 'McuPerPllClk_Configuration' (axis=child) from 1 nodes
[DEBUG] DEBUG_XPATH:   Current context node: McuClockSettingConfig_0 (type=container, path=/Mcu/McuModuleConfiguration/McuModuleConfiguration_0/McuClockSettingConfig/McuClockSettingConfig_0, children=['McuClockSettingId', 'McuSysPllClk_Configuration', 'McuPerPllClk_Configuration', 'McuSysClkDiv_Configuration', 'McuGTMClk_Configuration', 'McuMSCClk_Configuration', 'McuESPIClk_Configuration', 'McuWDTClk_Configuration', 'McuCanClk_Configuration', 'McuDMAClk_Configuration', 'McuSarAdcClk_Configuration', 'McuBaseTimerClk_Configuration', 'Mcu_Dsadc_Rdc_Clk_Configuration', 'McuClockReferencePoint'])
[DEBUG] DEBUG_XPATH: Navigating segment 'McuPerPllRefDiv' (axis=child) from 1 nodes
[DEBUG] DEBUG_XPATH:   Current context node: McuPerPllClk_Configuration (type=container, path=/Mcu/McuModuleConfiguration/McuModuleConfiguration_0/McuClockSettingConfig/McuClockSettingConfig_0/McuPerPllClk_Configuration, children=['McuPerPllClk_Configuration'])
[DEBUG] DEBUG_XPATH: _parse_path('McuPerPllClk_Configuration/McuPerPllPostDiv1') -> parts=['McuPerPllClk_Configuration', 'McuPerPllPostDiv1']
[DEBUG] DEBUG_XPATH: Navigating segment 'McuPerPllClk_Configuration' (axis=child) from 1 nodes
[DEBUG] DEBUG_XPATH:   Current context node: McuClockSettingConfig_0 (type=container, path=/Mcu/McuModuleConfiguration/McuModuleConfiguration_0/McuClockSettingConfig/McuClockSettingConfig_0, children=['McuClockSettingId', 'McuSysPllClk_Configuration', 'McuPerPllClk_Configuration', 'McuSysClkDiv_Configuration', 'McuGTMClk_Configuration', 'McuMSCClk_Configuration', 'McuESPIClk_Configuration', 'McuWDTClk_Configuration', 'McuCanClk_Configuration', 'McuDMAClk_Configuration', 'McuSarAdcClk_Configuration', 'McuBaseTimerClk_Configuration', 'Mcu_Dsadc_Rdc_Clk_Configuration', 'McuClockReferencePoint'])
[DEBUG] DEBUG_XPATH: Navigating segment 'McuPerPllPostDiv1' (axis=child) from 1 nodes
[DEBUG] DEBUG_XPATH:   Current context node: McuPerPllClk_Configuration (type=container, path=/Mcu/McuModuleConfiguration/McuModuleConfiguration_0/McuClockSettingConfig/McuClockSettingConfig_0/McuPerPllClk_Configuration, children=['McuPerPllClk_Configuration'])
[DEBUG] DEBUG_XPATH: _parse_path('McuPerPllClk_Configuration/McuPerPllPostDiv2') -> parts=['McuPerPllClk_Configuration', 'McuPerPllPostDiv2']
[DEBUG] DEBUG_XPATH: Navigating segment 'McuPerPllClk_Configuration' (axis=child) from 1 nodes
[DEBUG] DEBUG_XPATH:   Current context node: McuClockSettingConfig_0 (type=container, path=/Mcu/McuModuleConfiguration/McuModuleConfiguration_0/McuClockSettingConfig/McuClockSettingConfig_0, children=['McuClockSettingId', 'McuSysPllClk_Configuration', 'McuPerPllClk_Configuration', 'McuSysClkDiv_Configuration', 'McuGTMClk_Configuration', 'McuMSCClk_Configuration', 'McuESPIClk_Configuration', 'McuWDTClk_Configuration', 'McuCanClk_Configuration', 'McuDMAClk_Configuration', 'McuSarAdcClk_Configuration', 'McuBaseTimerClk_Configuration', 'Mcu_Dsadc_Rdc_Clk_Configuration', 'McuClockReferencePoint'])
[DEBUG] DEBUG_XPATH: Navigating segment 'McuPerPllPostDiv2' (axis=child) from 1 nodes
[DEBUG] DEBUG_XPATH:   Current context node: McuPerPllClk_Configuration (type=container, path=/Mcu/McuModuleConfiguration/McuModuleConfiguration_0/McuClockSettingConfig/McuClockSettingConfig_0/McuPerPllClk_Configuration, children=['McuPerPllClk_Configuration'])
[DEBUG] DEBUG_XPATH: _parse_path('McuPerPllClk_Configuration/McuPerPllFBDiv') -> parts=['McuPerPllClk_Configuration', 'McuPerPllFBDiv']
[DEBUG] DEBUG_XPATH: Navigating segment 'McuPerPllClk_Configuration' (axis=child) from 1 nodes
[DEBUG] DEBUG_XPATH:   Current context node: McuClockSettingConfig_0 (type=container, path=/Mcu/McuModuleConfiguration/McuModuleConfiguration_0/McuClockSettingConfig/McuClockSettingConfig_0, children=['McuClockSettingId', 'McuSysPllClk_Configuration', 'McuPerPllClk_Configuration', 'McuSysClkDiv_Configuration', 'McuGTMClk_Configuration', 'McuMSCClk_Configuration', 'McuESPIClk_Configuration', 'McuWDTClk_Configuration', 'McuCanClk_Configuration', 'McuDMAClk_Configuration', 'McuSarAdcClk_Configuration', 'McuBaseTimerClk_Configuration', 'Mcu_Dsadc_Rdc_Clk_Configuration', 'McuClockReferencePoint'])
[DEBUG] DEBUG_XPATH: Navigating segment 'McuPerPllFBDiv' (axis=child) from 1 nodes
[DEBUG] DEBUG_XPATH:   Current context node: McuPerPllClk_Configuration (type=container, path=/Mcu/McuModuleConfiguration/McuModuleConfiguration_0/McuClockSettingConfig/McuClockSettingConfig_0/McuPerPllClk_Configuration, children=['McuPerPllClk_Configuration'])
[DEBUG] DEBUG_XPATH: _parse_path('McuPerPllClk_Configuration/McuPerPllFRAC') -> parts=['McuPerPllClk_Configuration', 'McuPerPllFRAC']
[DEBUG] DEBUG_XPATH: Navigating segment 'McuPerPllClk_Configuration' (axis=child) from 1 nodes
[DEBUG] DEBUG_XPATH:   Current context node: McuClockSettingConfig_0 (type=container, path=/Mcu/McuModuleConfiguration/McuModuleConfiguration_0/McuClockSettingConfig/McuClockSettingConfig_0, children=['McuClockSettingId', 'McuSysPllClk_Configuration', 'McuPerPllClk_Configuration', 'McuSysClkDiv_Configuration', 'McuGTMClk_Configuration', 'McuMSCClk_Configuration', 'McuESPIClk_Configuration', 'McuWDTClk_Configuration', 'McuCanClk_Configuration', 'McuDMAClk_Configuration', 'McuSarAdcClk_Configuration', 'McuBaseTimerClk_Configuration', 'Mcu_Dsadc_Rdc_Clk_Configuration', 'McuClockReferencePoint'])
[DEBUG] DEBUG_XPATH: Navigating segment 'McuPerPllFRAC' (axis=child) from 1 nodes
[DEBUG] DEBUG_XPATH:   Current context node: McuPerPllClk_Configuration (type=container, path=/Mcu/McuModuleConfiguration/McuModuleConfiguration_0/McuClockSettingConfig/McuClockSettingConfig_0/McuPerPllClk_Configuration, children=['McuPerPllClk_Configuration'])
[DEBUG] DEBUG_XPATH: _parse_path('McuModuleConfiguration/McuClockSettingConfig/*') -> parts=['McuModuleConfiguration', 'McuClockSettingConfig', '*']
[DEBUG] DEBUG_XPATH: Navigating segment 'McuModuleConfiguration' (axis=child) from 1 nodes
[DEBUG] DEBUG_XPATH:   Current context node: Mcu (type=module, path=/Mcu, children=['McuGeneralConfiguration', 'McuModuleConfiguration', 'McuPublishedInformation', 'GtmConfiguration', 'CommonPublishedInformation'])
[DEBUG] DEBUG_XPATH: Navigating segment 'McuClockSettingConfig' (axis=child) from 1 nodes
[DEBUG] DEBUG_XPATH:   Current context node: McuModuleConfiguration (type=container, path=/Mcu/McuModuleConfiguration, children=['McuModuleConfiguration_0', 'McuClockSrcFailureNotification', 'McuNumberOfMcuModes', 'McuRamSectors', 'McuResetSetting', 'McuResetConfig', 'McuClockSettingConfig', 'McuDemEventParameterRefs', 'McuModeSettingConf', 'McuRamSectorSettingConf'])
[DEBUG] DEBUG_XPATH: Navigating segment '*' (axis=child) from 1 nodes
[DEBUG] DEBUG_XPATH:   Current context node: McuClockSettingConfig (type=container, path=/Mcu/McuModuleConfiguration/McuModuleConfiguration_0/McuClockSettingConfig, children=['McuClockSettingConfig_0'])
[DEBUG] DEBUG_XPATH: _parse_path('McuModuleConfiguration/McuClockSettingConfig/*') -> parts=['McuModuleConfiguration', 'McuClockSettingConfig', '*']
[DEBUG] DEBUG_XPATH: Navigating segment 'McuModuleConfiguration' (axis=child) from 1 nodes
[DEBUG] DEBUG_XPATH:   Current context node: Mcu (type=module, path=/Mcu, children=['McuGeneralConfiguration', 'McuModuleConfiguration', 'McuPublishedInformation', 'GtmConfiguration', 'CommonPublishedInformation'])
[DEBUG] DEBUG_XPATH: Navigating segment 'McuClockSettingConfig' (axis=child) from 1 nodes
[DEBUG] DEBUG_XPATH:   Current context node: McuModuleConfiguration (type=container, path=/Mcu/McuModuleConfiguration, children=['McuModuleConfiguration_0', 'McuClockSrcFailureNotification', 'McuNumberOfMcuModes', 'McuRamSectors', 'McuResetSetting', 'McuResetConfig', 'McuClockSettingConfig', 'McuDemEventParameterRefs', 'McuModeSettingConf', 'McuRamSectorSettingConf'])
[DEBUG] DEBUG_XPATH: Navigating segment '*' (axis=child) from 1 nodes
[DEBUG] DEBUG_XPATH:   Current context node: McuClockSettingConfig (type=container, path=/Mcu/McuModuleConfiguration/McuModuleConfiguration_0/McuClockSettingConfig, children=['McuClockSettingConfig_0'])
[DEBUG] DEBUG_XPATH: _parse_path('McuClockSettingId') -> parts=['McuClockSettingId']
[DEBUG] DEBUG_XPATH: Navigating segment 'McuClockSettingId' (axis=child) from 1 nodes
[DEBUG] DEBUG_XPATH:   Current context node: Mcu (type=module, path=/Mcu, children=['McuGeneralConfiguration', 'McuModuleConfiguration', 'McuPublishedInformation', 'GtmConfiguration', 'CommonPublishedInformation'])
[DEBUG] DEBUG_XPATH: _parse_path('McuSysClkDiv_Configuration/McuSysClockSource') -> parts=['McuSysClkDiv_Configuration', 'McuSysClockSource']
[DEBUG] DEBUG_XPATH: Navigating segment 'McuSysClkDiv_Configuration' (axis=child) from 1 nodes
[DEBUG] DEBUG_XPATH:   Current context node: McuClockSettingConfig_0 (type=container, path=/Mcu/McuModuleConfiguration/McuModuleConfiguration_0/McuClockSettingConfig/McuClockSettingConfig_0, children=['McuClockSettingId', 'McuSysPllClk_Configuration', 'McuPerPllClk_Configuration', 'McuSysClkDiv_Configuration', 'McuGTMClk_Configuration', 'McuMSCClk_Configuration', 'McuESPIClk_Configuration', 'McuWDTClk_Configuration', 'McuCanClk_Configuration', 'McuDMAClk_Configuration', 'McuSarAdcClk_Configuration', 'McuBaseTimerClk_Configuration', 'Mcu_Dsadc_Rdc_Clk_Configuration', 'McuClockReferencePoint'])
[DEBUG] DEBUG_XPATH: Navigating segment 'McuSysClockSource' (axis=child) from 1 nodes
[DEBUG] DEBUG_XPATH:   Current context node: McuSysClkDiv_Configuration (type=container, path=/Mcu/McuModuleConfiguration/McuModuleConfiguration_0/McuClockSettingConfig/McuClockSettingConfig_0/McuSysClkDiv_Configuration, children=['McuSysClkDiv_Configuration'])
[DEBUG] DEBUG_XPATH: _parse_path('McuSysClkDiv_Configuration/CpuClkDiv') -> parts=['McuSysClkDiv_Configuration', 'CpuClkDiv']
[DEBUG] DEBUG_XPATH: Navigating segment 'McuSysClkDiv_Configuration' (axis=child) from 1 nodes
[DEBUG] DEBUG_XPATH:   Current context node: McuClockSettingConfig_0 (type=container, path=/Mcu/McuModuleConfiguration/McuModuleConfiguration_0/McuClockSettingConfig/McuClockSettingConfig_0, children=['McuClockSettingId', 'McuSysPllClk_Configuration', 'McuPerPllClk_Configuration', 'McuSysClkDiv_Configuration', 'McuGTMClk_Configuration', 'McuMSCClk_Configuration', 'McuESPIClk_Configuration', 'McuWDTClk_Configuration', 'McuCanClk_Configuration', 'McuDMAClk_Configuration', 'McuSarAdcClk_Configuration', 'McuBaseTimerClk_Configuration', 'Mcu_Dsadc_Rdc_Clk_Configuration', 'McuClockReferencePoint'])
[DEBUG] DEBUG_XPATH: Navigating segment 'CpuClkDiv' (axis=child) from 1 nodes
[DEBUG] DEBUG_XPATH:   Current context node: McuSysClkDiv_Configuration (type=container, path=/Mcu/McuModuleConfiguration/McuModuleConfiguration_0/McuClockSettingConfig/McuClockSettingConfig_0/McuSysClkDiv_Configuration, children=['McuSysClkDiv_Configuration'])
[DEBUG] DEBUG_XPATH: _parse_path('McuSysClkDiv_Configuration/SysClkDiv') -> parts=['McuSysClkDiv_Configuration', 'SysClkDiv']
[DEBUG] DEBUG_XPATH: Navigating segment 'McuSysClkDiv_Configuration' (axis=child) from 1 nodes
[DEBUG] DEBUG_XPATH:   Current context node: McuClockSettingConfig_0 (type=container, path=/Mcu/McuModuleConfiguration/McuModuleConfiguration_0/McuClockSettingConfig/McuClockSettingConfig_0, children=['McuClockSettingId', 'McuSysPllClk_Configuration', 'McuPerPllClk_Configuration', 'McuSysClkDiv_Configuration', 'McuGTMClk_Configuration', 'McuMSCClk_Configuration', 'McuESPIClk_Configuration', 'McuWDTClk_Configuration', 'McuCanClk_Configuration', 'McuDMAClk_Configuration', 'McuSarAdcClk_Configuration', 'McuBaseTimerClk_Configuration', 'Mcu_Dsadc_Rdc_Clk_Configuration', 'McuClockReferencePoint'])
[DEBUG] DEBUG_XPATH: Navigating segment 'SysClkDiv' (axis=child) from 1 nodes
[DEBUG] DEBUG_XPATH:   Current context node: McuSysClkDiv_Configuration (type=container, path=/Mcu/McuModuleConfiguration/McuModuleConfiguration_0/McuClockSettingConfig/McuClockSettingConfig_0/McuSysClkDiv_Configuration, children=['McuSysClkDiv_Configuration'])
[DEBUG] DEBUG_XPATH: _parse_path('McuSysClkDiv_Configuration/AxiDiv') -> parts=['McuSysClkDiv_Configuration', 'AxiDiv']
[DEBUG] DEBUG_XPATH: Navigating segment 'McuSysClkDiv_Configuration' (axis=child) from 1 nodes
[DEBUG] DEBUG_XPATH:   Current context node: McuClockSettingConfig_0 (type=container, path=/Mcu/McuModuleConfiguration/McuModuleConfiguration_0/McuClockSettingConfig/McuClockSettingConfig_0, children=['McuClockSettingId', 'McuSysPllClk_Configuration', 'McuPerPllClk_Configuration', 'McuSysClkDiv_Configuration', 'McuGTMClk_Configuration', 'McuMSCClk_Configuration', 'McuESPIClk_Configuration', 'McuWDTClk_Configuration', 'McuCanClk_Configuration', 'McuDMAClk_Configuration', 'McuSarAdcClk_Configuration', 'McuBaseTimerClk_Configuration', 'Mcu_Dsadc_Rdc_Clk_Configuration', 'McuClockReferencePoint'])
[DEBUG] DEBUG_XPATH: Navigating segment 'AxiDiv' (axis=child) from 1 nodes
[DEBUG] DEBUG_XPATH:   Current context node: McuSysClkDiv_Configuration (type=container, path=/Mcu/McuModuleConfiguration/McuModuleConfiguration_0/McuClockSettingConfig/McuClockSettingConfig_0/McuSysClkDiv_Configuration, children=['McuSysClkDiv_Configuration'])
[DEBUG] DEBUG_XPATH: _parse_path('McuSysClkDiv_Configuration/AhbDiv') -> parts=['McuSysClkDiv_Configuration', 'AhbDiv']
[DEBUG] DEBUG_XPATH: Navigating segment 'McuSysClkDiv_Configuration' (axis=child) from 1 nodes
[DEBUG] DEBUG_XPATH:   Current context node: McuClockSettingConfig_0 (type=container, path=/Mcu/McuModuleConfiguration/McuModuleConfiguration_0/McuClockSettingConfig/McuClockSettingConfig_0, children=['McuClockSettingId', 'McuSysPllClk_Configuration', 'McuPerPllClk_Configuration', 'McuSysClkDiv_Configuration', 'McuGTMClk_Configuration', 'McuMSCClk_Configuration', 'McuESPIClk_Configuration', 'McuWDTClk_Configuration', 'McuCanClk_Configuration', 'McuDMAClk_Configuration', 'McuSarAdcClk_Configuration', 'McuBaseTimerClk_Configuration', 'Mcu_Dsadc_Rdc_Clk_Configuration', 'McuClockReferencePoint'])
[DEBUG] DEBUG_XPATH: Navigating segment 'AhbDiv' (axis=child) from 1 nodes
[DEBUG] DEBUG_XPATH:   Current context node: McuSysClkDiv_Configuration (type=container, path=/Mcu/McuModuleConfiguration/McuModuleConfiguration_0/McuClockSettingConfig/McuClockSettingConfig_0/McuSysClkDiv_Configuration, children=['McuSysClkDiv_Configuration'])
[DEBUG] DEBUG_XPATH: _parse_path('McuModuleConfiguration/McuClockSettingConfig/*') -> parts=['McuModuleConfiguration', 'McuClockSettingConfig', '*']
[DEBUG] DEBUG_XPATH: Navigating segment 'McuModuleConfiguration' (axis=child) from 1 nodes
[DEBUG] DEBUG_XPATH:   Current context node: Mcu (type=module, path=/Mcu, children=['McuGeneralConfiguration', 'McuModuleConfiguration', 'McuPublishedInformation', 'GtmConfiguration', 'CommonPublishedInformation'])
[DEBUG] DEBUG_XPATH: Navigating segment 'McuClockSettingConfig' (axis=child) from 1 nodes
[DEBUG] DEBUG_XPATH:   Current context node: McuModuleConfiguration (type=container, path=/Mcu/McuModuleConfiguration, children=['McuModuleConfiguration_0', 'McuClockSrcFailureNotification', 'McuNumberOfMcuModes', 'McuRamSectors', 'McuResetSetting', 'McuResetConfig', 'McuClockSettingConfig', 'McuDemEventParameterRefs', 'McuModeSettingConf', 'McuRamSectorSettingConf'])
[DEBUG] DEBUG_XPATH: Navigating segment '*' (axis=child) from 1 nodes
[DEBUG] DEBUG_XPATH:   Current context node: McuClockSettingConfig (type=container, path=/Mcu/McuModuleConfiguration/McuModuleConfiguration_0/McuClockSettingConfig, children=['McuClockSettingConfig_0'])
[DEBUG] DEBUG_XPATH: _parse_path('McuModuleConfiguration/McuClockSettingConfig/*') -> parts=['McuModuleConfiguration', 'McuClockSettingConfig', '*']
[DEBUG] DEBUG_XPATH: Navigating segment 'McuModuleConfiguration' (axis=child) from 1 nodes
[DEBUG] DEBUG_XPATH:   Current context node: Mcu (type=module, path=/Mcu, children=['McuGeneralConfiguration', 'McuModuleConfiguration', 'McuPublishedInformation', 'GtmConfiguration', 'CommonPublishedInformation'])
[DEBUG] DEBUG_XPATH: Navigating segment 'McuClockSettingConfig' (axis=child) from 1 nodes
[DEBUG] DEBUG_XPATH:   Current context node: McuModuleConfiguration (type=container, path=/Mcu/McuModuleConfiguration, children=['McuModuleConfiguration_0', 'McuClockSrcFailureNotification', 'McuNumberOfMcuModes', 'McuRamSectors', 'McuResetSetting', 'McuResetConfig', 'McuClockSettingConfig', 'McuDemEventParameterRefs', 'McuModeSettingConf', 'McuRamSectorSettingConf'])
[DEBUG] DEBUG_XPATH: Navigating segment '*' (axis=child) from 1 nodes
[DEBUG] DEBUG_XPATH:   Current context node: McuClockSettingConfig (type=container, path=/Mcu/McuModuleConfiguration/McuModuleConfiguration_0/McuClockSettingConfig, children=['McuClockSettingConfig_0'])
[DEBUG] DEBUG_XPATH: _parse_path('McuClockSettingId') -> parts=['McuClockSettingId']
[DEBUG] DEBUG_XPATH: Navigating segment 'McuClockSettingId' (axis=child) from 1 nodes
[DEBUG] DEBUG_XPATH:   Current context node: Mcu (type=module, path=/Mcu, children=['McuGeneralConfiguration', 'McuModuleConfiguration', 'McuPublishedInformation', 'GtmConfiguration', 'CommonPublishedInformation'])
[DEBUG] DEBUG_XPATH: _parse_path('McuGTMClk_Configuration/GTMClockSource') -> parts=['McuGTMClk_Configuration', 'GTMClockSource']
[DEBUG] DEBUG_XPATH: Navigating segment 'McuGTMClk_Configuration' (axis=child) from 1 nodes
[DEBUG] DEBUG_XPATH:   Current context node: McuClockSettingConfig_0 (type=container, path=/Mcu/McuModuleConfiguration/McuModuleConfiguration_0/McuClockSettingConfig/McuClockSettingConfig_0, children=['McuClockSettingId', 'McuSysPllClk_Configuration', 'McuPerPllClk_Configuration', 'McuSysClkDiv_Configuration', 'McuGTMClk_Configuration', 'McuMSCClk_Configuration', 'McuESPIClk_Configuration', 'McuWDTClk_Configuration', 'McuCanClk_Configuration', 'McuDMAClk_Configuration', 'McuSarAdcClk_Configuration', 'McuBaseTimerClk_Configuration', 'Mcu_Dsadc_Rdc_Clk_Configuration', 'McuClockReferencePoint'])
[DEBUG] DEBUG_XPATH: Navigating segment 'GTMClockSource' (axis=child) from 1 nodes
[DEBUG] DEBUG_XPATH:   Current context node: McuGTMClk_Configuration (type=container, path=/Mcu/McuModuleConfiguration/McuModuleConfiguration_0/McuClockSettingConfig/McuClockSettingConfig_0/McuGTMClk_Configuration, children=['McuGTMClk_Configuration'])
[DEBUG] DEBUG_XPATH: _parse_path('McuGTMClk_Configuration/GTMClockDiv') -> parts=['McuGTMClk_Configuration', 'GTMClockDiv']
[DEBUG] DEBUG_XPATH: Navigating segment 'McuGTMClk_Configuration' (axis=child) from 1 nodes
[DEBUG] DEBUG_XPATH:   Current context node: McuClockSettingConfig_0 (type=container, path=/Mcu/McuModuleConfiguration/McuModuleConfiguration_0/McuClockSettingConfig/McuClockSettingConfig_0, children=['McuClockSettingId', 'McuSysPllClk_Configuration', 'McuPerPllClk_Configuration', 'McuSysClkDiv_Configuration', 'McuGTMClk_Configuration', 'McuMSCClk_Configuration', 'McuESPIClk_Configuration', 'McuWDTClk_Configuration', 'McuCanClk_Configuration', 'McuDMAClk_Configuration', 'McuSarAdcClk_Configuration', 'McuBaseTimerClk_Configuration', 'Mcu_Dsadc_Rdc_Clk_Configuration', 'McuClockReferencePoint'])
[DEBUG] DEBUG_XPATH: Navigating segment 'GTMClockDiv' (axis=child) from 1 nodes
[DEBUG] DEBUG_XPATH:   Current context node: McuGTMClk_Configuration (type=container, path=/Mcu/McuModuleConfiguration/McuModuleConfiguration_0/McuClockSettingConfig/McuClockSettingConfig_0/McuGTMClk_Configuration, children=['McuGTMClk_Configuration'])
[DEBUG] DEBUG_XPATH: _parse_path('McuModuleConfiguration/McuClockSettingConfig/*') -> parts=['McuModuleConfiguration', 'McuClockSettingConfig', '*']
[DEBUG] DEBUG_XPATH: Navigating segment 'McuModuleConfiguration' (axis=child) from 1 nodes
[DEBUG] DEBUG_XPATH:   Current context node: Mcu (type=module, path=/Mcu, children=['McuGeneralConfiguration', 'McuModuleConfiguration', 'McuPublishedInformation', 'GtmConfiguration', 'CommonPublishedInformation'])
[DEBUG] DEBUG_XPATH: Navigating segment 'McuClockSettingConfig' (axis=child) from 1 nodes
[DEBUG] DEBUG_XPATH:   Current context node: McuModuleConfiguration (type=container, path=/Mcu/McuModuleConfiguration, children=['McuModuleConfiguration_0', 'McuClockSrcFailureNotification', 'McuNumberOfMcuModes', 'McuRamSectors', 'McuResetSetting', 'McuResetConfig', 'McuClockSettingConfig', 'McuDemEventParameterRefs', 'McuModeSettingConf', 'McuRamSectorSettingConf'])
[DEBUG] DEBUG_XPATH: Navigating segment '*' (axis=child) from 1 nodes
[DEBUG] DEBUG_XPATH:   Current context node: McuClockSettingConfig (type=container, path=/Mcu/McuModuleConfiguration/McuModuleConfiguration_0/McuClockSettingConfig, children=['McuClockSettingConfig_0'])
[DEBUG] DEBUG_XPATH: _parse_path('McuModuleConfiguration/McuClockSettingConfig/*') -> parts=['McuModuleConfiguration', 'McuClockSettingConfig', '*']
[DEBUG] DEBUG_XPATH: Navigating segment 'McuModuleConfiguration' (axis=child) from 1 nodes
[DEBUG] DEBUG_XPATH:   Current context node: Mcu (type=module, path=/Mcu, children=['McuGeneralConfiguration', 'McuModuleConfiguration', 'McuPublishedInformation', 'GtmConfiguration', 'CommonPublishedInformation'])
[DEBUG] DEBUG_XPATH: Navigating segment 'McuClockSettingConfig' (axis=child) from 1 nodes
[DEBUG] DEBUG_XPATH:   Current context node: McuModuleConfiguration (type=container, path=/Mcu/McuModuleConfiguration, children=['McuModuleConfiguration_0', 'McuClockSrcFailureNotification', 'McuNumberOfMcuModes', 'McuRamSectors', 'McuResetSetting', 'McuResetConfig', 'McuClockSettingConfig', 'McuDemEventParameterRefs', 'McuModeSettingConf', 'McuRamSectorSettingConf'])
[DEBUG] DEBUG_XPATH: Navigating segment '*' (axis=child) from 1 nodes
[DEBUG] DEBUG_XPATH:   Current context node: McuClockSettingConfig (type=container, path=/Mcu/McuModuleConfiguration/McuModuleConfiguration_0/McuClockSettingConfig, children=['McuClockSettingConfig_0'])
[DEBUG] DEBUG_XPATH: _parse_path('McuClockSettingId') -> parts=['McuClockSettingId']
[DEBUG] DEBUG_XPATH: Navigating segment 'McuClockSettingId' (axis=child) from 1 nodes
[DEBUG] DEBUG_XPATH:   Current context node: Mcu (type=module, path=/Mcu, children=['McuGeneralConfiguration', 'McuModuleConfiguration', 'McuPublishedInformation', 'GtmConfiguration', 'CommonPublishedInformation'])
[DEBUG] DEBUG_XPATH: _parse_path('McuSarAdcClk_Configuration/SarAdcClockSource') -> parts=['McuSarAdcClk_Configuration', 'SarAdcClockSource']
[DEBUG] DEBUG_XPATH: Navigating segment 'McuSarAdcClk_Configuration' (axis=child) from 1 nodes
[DEBUG] DEBUG_XPATH:   Current context node: McuClockSettingConfig_0 (type=container, path=/Mcu/McuModuleConfiguration/McuModuleConfiguration_0/McuClockSettingConfig/McuClockSettingConfig_0, children=['McuClockSettingId', 'McuSysPllClk_Configuration', 'McuPerPllClk_Configuration', 'McuSysClkDiv_Configuration', 'McuGTMClk_Configuration', 'McuMSCClk_Configuration', 'McuESPIClk_Configuration', 'McuWDTClk_Configuration', 'McuCanClk_Configuration', 'McuDMAClk_Configuration', 'McuSarAdcClk_Configuration', 'McuBaseTimerClk_Configuration', 'Mcu_Dsadc_Rdc_Clk_Configuration', 'McuClockReferencePoint'])
[DEBUG] DEBUG_XPATH: Navigating segment 'SarAdcClockSource' (axis=child) from 1 nodes
[DEBUG] DEBUG_XPATH:   Current context node: McuSarAdcClk_Configuration (type=container, path=/Mcu/McuModuleConfiguration/McuModuleConfiguration_0/McuClockSettingConfig/McuClockSettingConfig_0/McuSarAdcClk_Configuration, children=['McuSarAdcClk_Configuration'])
[DEBUG] DEBUG: Evaluating condition: $IsTha6104 = num:i(0)
[DEBUG] DEBUG: Comparison [$IsTha6104 = num:i(0)] => [0 = 0] Result: True
[DEBUG] DEBUG_XPATH: _parse_path('McuModuleConfiguration/McuClockSettingConfig/*') -> parts=['McuModuleConfiguration', 'McuClockSettingConfig', '*']
[DEBUG] DEBUG_XPATH: Navigating segment 'McuModuleConfiguration' (axis=child) from 1 nodes
[DEBUG] DEBUG_XPATH:   Current context node: Mcu (type=module, path=/Mcu, children=['McuGeneralConfiguration', 'McuModuleConfiguration', 'McuPublishedInformation', 'GtmConfiguration', 'CommonPublishedInformation'])
[DEBUG] DEBUG_XPATH: Navigating segment 'McuClockSettingConfig' (axis=child) from 1 nodes
[DEBUG] DEBUG_XPATH:   Current context node: McuModuleConfiguration (type=container, path=/Mcu/McuModuleConfiguration, children=['McuModuleConfiguration_0', 'McuClockSrcFailureNotification', 'McuNumberOfMcuModes', 'McuRamSectors', 'McuResetSetting', 'McuResetConfig', 'McuClockSettingConfig', 'McuDemEventParameterRefs', 'McuModeSettingConf', 'McuRamSectorSettingConf'])
[DEBUG] DEBUG_XPATH: Navigating segment '*' (axis=child) from 1 nodes
[DEBUG] DEBUG_XPATH:   Current context node: McuClockSettingConfig (type=container, path=/Mcu/McuModuleConfiguration/McuModuleConfiguration_0/McuClockSettingConfig, children=['McuClockSettingConfig_0'])
[DEBUG] DEBUG_XPATH: _parse_path('McuModuleConfiguration/McuClockSettingConfig/*') -> parts=['McuModuleConfiguration', 'McuClockSettingConfig', '*']
[DEBUG] DEBUG_XPATH: Navigating segment 'McuModuleConfiguration' (axis=child) from 1 nodes
[DEBUG] DEBUG_XPATH:   Current context node: Mcu (type=module, path=/Mcu, children=['McuGeneralConfiguration', 'McuModuleConfiguration', 'McuPublishedInformation', 'GtmConfiguration', 'CommonPublishedInformation'])
[DEBUG] DEBUG_XPATH: Navigating segment 'McuClockSettingConfig' (axis=child) from 1 nodes
[DEBUG] DEBUG_XPATH:   Current context node: McuModuleConfiguration (type=container, path=/Mcu/McuModuleConfiguration, children=['McuModuleConfiguration_0', 'McuClockSrcFailureNotification', 'McuNumberOfMcuModes', 'McuRamSectors', 'McuResetSetting', 'McuResetConfig', 'McuClockSettingConfig', 'McuDemEventParameterRefs', 'McuModeSettingConf', 'McuRamSectorSettingConf'])
[DEBUG] DEBUG_XPATH: Navigating segment '*' (axis=child) from 1 nodes
[DEBUG] DEBUG_XPATH:   Current context node: McuClockSettingConfig (type=container, path=/Mcu/McuModuleConfiguration/McuModuleConfiguration_0/McuClockSettingConfig, children=['McuClockSettingConfig_0'])
[DEBUG] DEBUG_XPATH: _parse_path('McuClockSettingId') -> parts=['McuClockSettingId']
[DEBUG] DEBUG_XPATH: Navigating segment 'McuClockSettingId' (axis=child) from 1 nodes
[DEBUG] DEBUG_XPATH:   Current context node: Mcu (type=module, path=/Mcu, children=['McuGeneralConfiguration', 'McuModuleConfiguration', 'McuPublishedInformation', 'GtmConfiguration', 'CommonPublishedInformation'])
[DEBUG] DEBUG_XPATH: _parse_path('Mcu_Dsadc_Rdc_Clk_Configuration/ClockSource') -> parts=['Mcu_Dsadc_Rdc_Clk_Configuration', 'ClockSource']
[DEBUG] DEBUG_XPATH: Navigating segment 'Mcu_Dsadc_Rdc_Clk_Configuration' (axis=child) from 1 nodes
[DEBUG] DEBUG_XPATH:   Current context node: McuClockSettingConfig_0 (type=container, path=/Mcu/McuModuleConfiguration/McuModuleConfiguration_0/McuClockSettingConfig/McuClockSettingConfig_0, children=['McuClockSettingId', 'McuSysPllClk_Configuration', 'McuPerPllClk_Configuration', 'McuSysClkDiv_Configuration', 'McuGTMClk_Configuration', 'McuMSCClk_Configuration', 'McuESPIClk_Configuration', 'McuWDTClk_Configuration', 'McuCanClk_Configuration', 'McuDMAClk_Configuration', 'McuSarAdcClk_Configuration', 'McuBaseTimerClk_Configuration', 'Mcu_Dsadc_Rdc_Clk_Configuration', 'McuClockReferencePoint'])
[DEBUG] DEBUG_XPATH: Navigating segment 'ClockSource' (axis=child) from 1 nodes
[DEBUG] DEBUG_XPATH:   Current context node: Mcu_Dsadc_Rdc_Clk_Configuration (type=container, path=/Mcu/McuModuleConfiguration/McuModuleConfiguration_0/McuClockSettingConfig/McuClockSettingConfig_0/Mcu_Dsadc_Rdc_Clk_Configuration, children=['Mcu_Dsadc_Rdc_Clk_Configuration'])
[DEBUG] DEBUG_XPATH: _parse_path('Mcu_Dsadc_Rdc_Clk_Configuration/RDCClockDiv') -> parts=['Mcu_Dsadc_Rdc_Clk_Configuration', 'RDCClockDiv']
[DEBUG] DEBUG_XPATH: Navigating segment 'Mcu_Dsadc_Rdc_Clk_Configuration' (axis=child) from 1 nodes
[DEBUG] DEBUG_XPATH:   Current context node: McuClockSettingConfig_0 (type=container, path=/Mcu/McuModuleConfiguration/McuModuleConfiguration_0/McuClockSettingConfig/McuClockSettingConfig_0, children=['McuClockSettingId', 'McuSysPllClk_Configuration', 'McuPerPllClk_Configuration', 'McuSysClkDiv_Configuration', 'McuGTMClk_Configuration', 'McuMSCClk_Configuration', 'McuESPIClk_Configuration', 'McuWDTClk_Configuration', 'McuCanClk_Configuration', 'McuDMAClk_Configuration', 'McuSarAdcClk_Configuration', 'McuBaseTimerClk_Configuration', 'Mcu_Dsadc_Rdc_Clk_Configuration', 'McuClockReferencePoint'])
[DEBUG] DEBUG_XPATH: Navigating segment 'RDCClockDiv' (axis=child) from 1 nodes
[DEBUG] DEBUG_XPATH:   Current context node: Mcu_Dsadc_Rdc_Clk_Configuration (type=container, path=/Mcu/McuModuleConfiguration/McuModuleConfiguration_0/McuClockSettingConfig/McuClockSettingConfig_0/Mcu_Dsadc_Rdc_Clk_Configuration, children=['Mcu_Dsadc_Rdc_Clk_Configuration'])
[DEBUG] DEBUG_XPATH: _parse_path('Mcu_Dsadc_Rdc_Clk_Configuration/DSADCClockDiv') -> parts=['Mcu_Dsadc_Rdc_Clk_Configuration', 'DSADCClockDiv']
[DEBUG] DEBUG_XPATH: Navigating segment 'Mcu_Dsadc_Rdc_Clk_Configuration' (axis=child) from 1 nodes
[DEBUG] DEBUG_XPATH:   Current context node: McuClockSettingConfig_0 (type=container, path=/Mcu/McuModuleConfiguration/McuModuleConfiguration_0/McuClockSettingConfig/McuClockSettingConfig_0, children=['McuClockSettingId', 'McuSysPllClk_Configuration', 'McuPerPllClk_Configuration', 'McuSysClkDiv_Configuration', 'McuGTMClk_Configuration', 'McuMSCClk_Configuration', 'McuESPIClk_Configuration', 'McuWDTClk_Configuration', 'McuCanClk_Configuration', 'McuDMAClk_Configuration', 'McuSarAdcClk_Configuration', 'McuBaseTimerClk_Configuration', 'Mcu_Dsadc_Rdc_Clk_Configuration', 'McuClockReferencePoint'])
[DEBUG] DEBUG_XPATH: Navigating segment 'DSADCClockDiv' (axis=child) from 1 nodes
[DEBUG] DEBUG_XPATH:   Current context node: Mcu_Dsadc_Rdc_Clk_Configuration (type=container, path=/Mcu/McuModuleConfiguration/McuModuleConfiguration_0/McuClockSettingConfig/McuClockSettingConfig_0/Mcu_Dsadc_Rdc_Clk_Configuration, children=['Mcu_Dsadc_Rdc_Clk_Configuration'])
[DEBUG] DEBUG_XPATH: _parse_path('Mcu_Dsadc_Rdc_Clk_Configuration/RDCClockDiv') -> parts=['Mcu_Dsadc_Rdc_Clk_Configuration', 'RDCClockDiv']
[DEBUG] DEBUG_XPATH: Navigating segment 'Mcu_Dsadc_Rdc_Clk_Configuration' (axis=child) from 1 nodes
[DEBUG] DEBUG_XPATH:   Current context node: McuClockSettingConfig_0 (type=container, path=/Mcu/McuModuleConfiguration/McuModuleConfiguration_0/McuClockSettingConfig/McuClockSettingConfig_0, children=['McuClockSettingId', 'McuSysPllClk_Configuration', 'McuPerPllClk_Configuration', 'McuSysClkDiv_Configuration', 'McuGTMClk_Configuration', 'McuMSCClk_Configuration', 'McuESPIClk_Configuration', 'McuWDTClk_Configuration', 'McuCanClk_Configuration', 'McuDMAClk_Configuration', 'McuSarAdcClk_Configuration', 'McuBaseTimerClk_Configuration', 'Mcu_Dsadc_Rdc_Clk_Configuration', 'McuClockReferencePoint'])
[DEBUG] DEBUG_XPATH: Navigating segment 'RDCClockDiv' (axis=child) from 1 nodes
[DEBUG] DEBUG_XPATH:   Current context node: Mcu_Dsadc_Rdc_Clk_Configuration (type=container, path=/Mcu/McuModuleConfiguration/McuModuleConfiguration_0/McuClockSettingConfig/McuClockSettingConfig_0/Mcu_Dsadc_Rdc_Clk_Configuration, children=['Mcu_Dsadc_Rdc_Clk_Configuration'])
[DEBUG] DEBUG_XPATH: _parse_path('Mcu_Dsadc_Rdc_Clk_Configuration/DSADCClockDiv') -> parts=['Mcu_Dsadc_Rdc_Clk_Configuration', 'DSADCClockDiv']
[DEBUG] DEBUG_XPATH: Navigating segment 'Mcu_Dsadc_Rdc_Clk_Configuration' (axis=child) from 1 nodes
[DEBUG] DEBUG_XPATH:   Current context node: McuClockSettingConfig_0 (type=container, path=/Mcu/McuModuleConfiguration/McuModuleConfiguration_0/McuClockSettingConfig/McuClockSettingConfig_0, children=['McuClockSettingId', 'McuSysPllClk_Configuration', 'McuPerPllClk_Configuration', 'McuSysClkDiv_Configuration', 'McuGTMClk_Configuration', 'McuMSCClk_Configuration', 'McuESPIClk_Configuration', 'McuWDTClk_Configuration', 'McuCanClk_Configuration', 'McuDMAClk_Configuration', 'McuSarAdcClk_Configuration', 'McuBaseTimerClk_Configuration', 'Mcu_Dsadc_Rdc_Clk_Configuration', 'McuClockReferencePoint'])
[DEBUG] DEBUG_XPATH: Navigating segment 'DSADCClockDiv' (axis=child) from 1 nodes
[DEBUG] DEBUG_XPATH:   Current context node: Mcu_Dsadc_Rdc_Clk_Configuration (type=container, path=/Mcu/McuModuleConfiguration/McuModuleConfiguration_0/McuClockSettingConfig/McuClockSettingConfig_0/Mcu_Dsadc_Rdc_Clk_Configuration, children=['Mcu_Dsadc_Rdc_Clk_Configuration'])
[DEBUG] DEBUG: Evaluating condition: $IsTha6104 = num:i(0)
[DEBUG] DEBUG: Comparison [$IsTha6104 = num:i(0)] => [0 = 0] Result: True
[DEBUG] DEBUG_XPATH: _parse_path('McuModuleConfiguration/McuClockSettingConfig/*') -> parts=['McuModuleConfiguration', 'McuClockSettingConfig', '*']
[DEBUG] DEBUG_XPATH: Navigating segment 'McuModuleConfiguration' (axis=child) from 1 nodes
[DEBUG] DEBUG_XPATH:   Current context node: Mcu (type=module, path=/Mcu, children=['McuGeneralConfiguration', 'McuModuleConfiguration', 'McuPublishedInformation', 'GtmConfiguration', 'CommonPublishedInformation'])
[DEBUG] DEBUG_XPATH: Navigating segment 'McuClockSettingConfig' (axis=child) from 1 nodes
[DEBUG] DEBUG_XPATH:   Current context node: McuModuleConfiguration (type=container, path=/Mcu/McuModuleConfiguration, children=['McuModuleConfiguration_0', 'McuClockSrcFailureNotification', 'McuNumberOfMcuModes', 'McuRamSectors', 'McuResetSetting', 'McuResetConfig', 'McuClockSettingConfig', 'McuDemEventParameterRefs', 'McuModeSettingConf', 'McuRamSectorSettingConf'])
[DEBUG] DEBUG_XPATH: Navigating segment '*' (axis=child) from 1 nodes
[DEBUG] DEBUG_XPATH:   Current context node: McuClockSettingConfig (type=container, path=/Mcu/McuModuleConfiguration/McuModuleConfiguration_0/McuClockSettingConfig, children=['McuClockSettingConfig_0'])
[DEBUG] DEBUG_XPATH: _parse_path('McuModuleConfiguration/McuClockSettingConfig/*') -> parts=['McuModuleConfiguration', 'McuClockSettingConfig', '*']
[DEBUG] DEBUG_XPATH: Navigating segment 'McuModuleConfiguration' (axis=child) from 1 nodes
[DEBUG] DEBUG_XPATH:   Current context node: Mcu (type=module, path=/Mcu, children=['McuGeneralConfiguration', 'McuModuleConfiguration', 'McuPublishedInformation', 'GtmConfiguration', 'CommonPublishedInformation'])
[DEBUG] DEBUG_XPATH: Navigating segment 'McuClockSettingConfig' (axis=child) from 1 nodes
[DEBUG] DEBUG_XPATH:   Current context node: McuModuleConfiguration (type=container, path=/Mcu/McuModuleConfiguration, children=['McuModuleConfiguration_0', 'McuClockSrcFailureNotification', 'McuNumberOfMcuModes', 'McuRamSectors', 'McuResetSetting', 'McuResetConfig', 'McuClockSettingConfig', 'McuDemEventParameterRefs', 'McuModeSettingConf', 'McuRamSectorSettingConf'])
[DEBUG] DEBUG_XPATH: Navigating segment '*' (axis=child) from 1 nodes
[DEBUG] DEBUG_XPATH:   Current context node: McuClockSettingConfig (type=container, path=/Mcu/McuModuleConfiguration/McuModuleConfiguration_0/McuClockSettingConfig, children=['McuClockSettingConfig_0'])
[DEBUG] DEBUG_XPATH: _parse_path('McuClockSettingId') -> parts=['McuClockSettingId']
[DEBUG] DEBUG_XPATH: Navigating segment 'McuClockSettingId' (axis=child) from 1 nodes
[DEBUG] DEBUG_XPATH:   Current context node: Mcu (type=module, path=/Mcu, children=['McuGeneralConfiguration', 'McuModuleConfiguration', 'McuPublishedInformation', 'GtmConfiguration', 'CommonPublishedInformation'])
[DEBUG] DEBUG_XPATH: _parse_path('McuMSCClk_Configuration/MSCClockSource') -> parts=['McuMSCClk_Configuration', 'MSCClockSource']
[DEBUG] DEBUG_XPATH: Navigating segment 'McuMSCClk_Configuration' (axis=child) from 1 nodes
[DEBUG] DEBUG_XPATH:   Current context node: McuClockSettingConfig_0 (type=container, path=/Mcu/McuModuleConfiguration/McuModuleConfiguration_0/McuClockSettingConfig/McuClockSettingConfig_0, children=['McuClockSettingId', 'McuSysPllClk_Configuration', 'McuPerPllClk_Configuration', 'McuSysClkDiv_Configuration', 'McuGTMClk_Configuration', 'McuMSCClk_Configuration', 'McuESPIClk_Configuration', 'McuWDTClk_Configuration', 'McuCanClk_Configuration', 'McuDMAClk_Configuration', 'McuSarAdcClk_Configuration', 'McuBaseTimerClk_Configuration', 'Mcu_Dsadc_Rdc_Clk_Configuration', 'McuClockReferencePoint'])
[DEBUG] DEBUG_XPATH: Navigating segment 'MSCClockSource' (axis=child) from 1 nodes
[DEBUG] DEBUG_XPATH:   Current context node: McuMSCClk_Configuration (type=container, path=/Mcu/McuModuleConfiguration/McuModuleConfiguration_0/McuClockSettingConfig/McuClockSettingConfig_0/McuMSCClk_Configuration, children=['McuMSCClk_Configuration'])
[DEBUG] DEBUG_XPATH: _parse_path('McuModuleConfiguration/McuClockSettingConfig/*') -> parts=['McuModuleConfiguration', 'McuClockSettingConfig', '*']
[DEBUG] DEBUG_XPATH: Navigating segment 'McuModuleConfiguration' (axis=child) from 1 nodes
[DEBUG] DEBUG_XPATH:   Current context node: Mcu (type=module, path=/Mcu, children=['McuGeneralConfiguration', 'McuModuleConfiguration', 'McuPublishedInformation', 'GtmConfiguration', 'CommonPublishedInformation'])
[DEBUG] DEBUG_XPATH: Navigating segment 'McuClockSettingConfig' (axis=child) from 1 nodes
[DEBUG] DEBUG_XPATH:   Current context node: McuModuleConfiguration (type=container, path=/Mcu/McuModuleConfiguration, children=['McuModuleConfiguration_0', 'McuClockSrcFailureNotification', 'McuNumberOfMcuModes', 'McuRamSectors', 'McuResetSetting', 'McuResetConfig', 'McuClockSettingConfig', 'McuDemEventParameterRefs', 'McuModeSettingConf', 'McuRamSectorSettingConf'])
[DEBUG] DEBUG_XPATH: Navigating segment '*' (axis=child) from 1 nodes
[DEBUG] DEBUG_XPATH:   Current context node: McuClockSettingConfig (type=container, path=/Mcu/McuModuleConfiguration/McuModuleConfiguration_0/McuClockSettingConfig, children=['McuClockSettingConfig_0'])
[DEBUG] DEBUG_XPATH: _parse_path('McuModuleConfiguration/McuClockSettingConfig/*') -> parts=['McuModuleConfiguration', 'McuClockSettingConfig', '*']
[DEBUG] DEBUG_XPATH: Navigating segment 'McuModuleConfiguration' (axis=child) from 1 nodes
[DEBUG] DEBUG_XPATH:   Current context node: Mcu (type=module, path=/Mcu, children=['McuGeneralConfiguration', 'McuModuleConfiguration', 'McuPublishedInformation', 'GtmConfiguration', 'CommonPublishedInformation'])
[DEBUG] DEBUG_XPATH: Navigating segment 'McuClockSettingConfig' (axis=child) from 1 nodes
[DEBUG] DEBUG_XPATH:   Current context node: McuModuleConfiguration (type=container, path=/Mcu/McuModuleConfiguration, children=['McuModuleConfiguration_0', 'McuClockSrcFailureNotification', 'McuNumberOfMcuModes', 'McuRamSectors', 'McuResetSetting', 'McuResetConfig', 'McuClockSettingConfig', 'McuDemEventParameterRefs', 'McuModeSettingConf', 'McuRamSectorSettingConf'])
[DEBUG] DEBUG_XPATH: Navigating segment '*' (axis=child) from 1 nodes
[DEBUG] DEBUG_XPATH:   Current context node: McuClockSettingConfig (type=container, path=/Mcu/McuModuleConfiguration/McuModuleConfiguration_0/McuClockSettingConfig, children=['McuClockSettingConfig_0'])
[DEBUG] DEBUG_XPATH: _parse_path('McuClockSettingId') -> parts=['McuClockSettingId']
[DEBUG] DEBUG_XPATH: Navigating segment 'McuClockSettingId' (axis=child) from 1 nodes
[DEBUG] DEBUG_XPATH:   Current context node: Mcu (type=module, path=/Mcu, children=['McuGeneralConfiguration', 'McuModuleConfiguration', 'McuPublishedInformation', 'GtmConfiguration', 'CommonPublishedInformation'])
[DEBUG] DEBUG_XPATH: _parse_path('McuESPIClk_Configuration/ESPIClockSource') -> parts=['McuESPIClk_Configuration', 'ESPIClockSource']
[DEBUG] DEBUG_XPATH: Navigating segment 'McuESPIClk_Configuration' (axis=child) from 1 nodes
[DEBUG] DEBUG_XPATH:   Current context node: McuClockSettingConfig_0 (type=container, path=/Mcu/McuModuleConfiguration/McuModuleConfiguration_0/McuClockSettingConfig/McuClockSettingConfig_0, children=['McuClockSettingId', 'McuSysPllClk_Configuration', 'McuPerPllClk_Configuration', 'McuSysClkDiv_Configuration', 'McuGTMClk_Configuration', 'McuMSCClk_Configuration', 'McuESPIClk_Configuration', 'McuWDTClk_Configuration', 'McuCanClk_Configuration', 'McuDMAClk_Configuration', 'McuSarAdcClk_Configuration', 'McuBaseTimerClk_Configuration', 'Mcu_Dsadc_Rdc_Clk_Configuration', 'McuClockReferencePoint'])
[DEBUG] DEBUG_XPATH: Navigating segment 'ESPIClockSource' (axis=child) from 1 nodes
[DEBUG] DEBUG_XPATH:   Current context node: McuESPIClk_Configuration (type=container, path=/Mcu/McuModuleConfiguration/McuModuleConfiguration_0/McuClockSettingConfig/McuClockSettingConfig_0/McuESPIClk_Configuration, children=['McuESPIClk_Configuration'])
[DEBUG] DEBUG_XPATH: _parse_path('McuESPIClk_Configuration/ESPIClockDiv') -> parts=['McuESPIClk_Configuration', 'ESPIClockDiv']
[DEBUG] DEBUG_XPATH: Navigating segment 'McuESPIClk_Configuration' (axis=child) from 1 nodes
[DEBUG] DEBUG_XPATH:   Current context node: McuClockSettingConfig_0 (type=container, path=/Mcu/McuModuleConfiguration/McuModuleConfiguration_0/McuClockSettingConfig/McuClockSettingConfig_0, children=['McuClockSettingId', 'McuSysPllClk_Configuration', 'McuPerPllClk_Configuration', 'McuSysClkDiv_Configuration', 'McuGTMClk_Configuration', 'McuMSCClk_Configuration', 'McuESPIClk_Configuration', 'McuWDTClk_Configuration', 'McuCanClk_Configuration', 'McuDMAClk_Configuration', 'McuSarAdcClk_Configuration', 'McuBaseTimerClk_Configuration', 'Mcu_Dsadc_Rdc_Clk_Configuration', 'McuClockReferencePoint'])
[DEBUG] DEBUG_XPATH: Navigating segment 'ESPIClockDiv' (axis=child) from 1 nodes
[DEBUG] DEBUG_XPATH:   Current context node: McuESPIClk_Configuration (type=container, path=/Mcu/McuModuleConfiguration/McuModuleConfiguration_0/McuClockSettingConfig/McuClockSettingConfig_0/McuESPIClk_Configuration, children=['McuESPIClk_Configuration'])
[DEBUG] DEBUG_XPATH: _parse_path('McuModuleConfiguration/McuClockSettingConfig/*') -> parts=['McuModuleConfiguration', 'McuClockSettingConfig', '*']
[DEBUG] DEBUG_XPATH: Navigating segment 'McuModuleConfiguration' (axis=child) from 1 nodes
[DEBUG] DEBUG_XPATH:   Current context node: Mcu (type=module, path=/Mcu, children=['McuGeneralConfiguration', 'McuModuleConfiguration', 'McuPublishedInformation', 'GtmConfiguration', 'CommonPublishedInformation'])
[DEBUG] DEBUG_XPATH: Navigating segment 'McuClockSettingConfig' (axis=child) from 1 nodes
[DEBUG] DEBUG_XPATH:   Current context node: McuModuleConfiguration (type=container, path=/Mcu/McuModuleConfiguration, children=['McuModuleConfiguration_0', 'McuClockSrcFailureNotification', 'McuNumberOfMcuModes', 'McuRamSectors', 'McuResetSetting', 'McuResetConfig', 'McuClockSettingConfig', 'McuDemEventParameterRefs', 'McuModeSettingConf', 'McuRamSectorSettingConf'])
[DEBUG] DEBUG_XPATH: Navigating segment '*' (axis=child) from 1 nodes
[DEBUG] DEBUG_XPATH:   Current context node: McuClockSettingConfig (type=container, path=/Mcu/McuModuleConfiguration/McuModuleConfiguration_0/McuClockSettingConfig, children=['McuClockSettingConfig_0'])
[DEBUG] DEBUG_XPATH: _parse_path('McuModuleConfiguration/McuClockSettingConfig/*') -> parts=['McuModuleConfiguration', 'McuClockSettingConfig', '*']
[DEBUG] DEBUG_XPATH: Navigating segment 'McuModuleConfiguration' (axis=child) from 1 nodes
[DEBUG] DEBUG_XPATH:   Current context node: Mcu (type=module, path=/Mcu, children=['McuGeneralConfiguration', 'McuModuleConfiguration', 'McuPublishedInformation', 'GtmConfiguration', 'CommonPublishedInformation'])
[DEBUG] DEBUG_XPATH: Navigating segment 'McuClockSettingConfig' (axis=child) from 1 nodes
[DEBUG] DEBUG_XPATH:   Current context node: McuModuleConfiguration (type=container, path=/Mcu/McuModuleConfiguration, children=['McuModuleConfiguration_0', 'McuClockSrcFailureNotification', 'McuNumberOfMcuModes', 'McuRamSectors', 'McuResetSetting', 'McuResetConfig', 'McuClockSettingConfig', 'McuDemEventParameterRefs', 'McuModeSettingConf', 'McuRamSectorSettingConf'])
[DEBUG] DEBUG_XPATH: Navigating segment '*' (axis=child) from 1 nodes
[DEBUG] DEBUG_XPATH:   Current context node: McuClockSettingConfig (type=container, path=/Mcu/McuModuleConfiguration/McuModuleConfiguration_0/McuClockSettingConfig, children=['McuClockSettingConfig_0'])
[DEBUG] DEBUG_XPATH: _parse_path('McuClockSettingId') -> parts=['McuClockSettingId']
[DEBUG] DEBUG_XPATH: Navigating segment 'McuClockSettingId' (axis=child) from 1 nodes
[DEBUG] DEBUG_XPATH:   Current context node: Mcu (type=module, path=/Mcu, children=['McuGeneralConfiguration', 'McuModuleConfiguration', 'McuPublishedInformation', 'GtmConfiguration', 'CommonPublishedInformation'])
[DEBUG] DEBUG_XPATH: _parse_path('McuWDTClk_Configuration/CpuWDTClockSource') -> parts=['McuWDTClk_Configuration', 'CpuWDTClockSource']
[DEBUG] DEBUG_XPATH: Navigating segment 'McuWDTClk_Configuration' (axis=child) from 1 nodes
[DEBUG] DEBUG_XPATH:   Current context node: McuClockSettingConfig_0 (type=container, path=/Mcu/McuModuleConfiguration/McuModuleConfiguration_0/McuClockSettingConfig/McuClockSettingConfig_0, children=['McuClockSettingId', 'McuSysPllClk_Configuration', 'McuPerPllClk_Configuration', 'McuSysClkDiv_Configuration', 'McuGTMClk_Configuration', 'McuMSCClk_Configuration', 'McuESPIClk_Configuration', 'McuWDTClk_Configuration', 'McuCanClk_Configuration', 'McuDMAClk_Configuration', 'McuSarAdcClk_Configuration', 'McuBaseTimerClk_Configuration', 'Mcu_Dsadc_Rdc_Clk_Configuration', 'McuClockReferencePoint'])
[DEBUG] DEBUG_XPATH: Navigating segment 'CpuWDTClockSource' (axis=child) from 1 nodes
[DEBUG] DEBUG_XPATH:   Current context node: McuWDTClk_Configuration (type=container, path=/Mcu/McuModuleConfiguration/McuModuleConfiguration_0/McuClockSettingConfig/McuClockSettingConfig_0/McuWDTClk_Configuration, children=['McuWDTClk_Configuration'])
[DEBUG] DEBUG_XPATH: _parse_path('McuWDTClk_Configuration/CpuWDTClockDiv') -> parts=['McuWDTClk_Configuration', 'CpuWDTClockDiv']
[DEBUG] DEBUG_XPATH: Navigating segment 'McuWDTClk_Configuration' (axis=child) from 1 nodes
[DEBUG] DEBUG_XPATH:   Current context node: McuClockSettingConfig_0 (type=container, path=/Mcu/McuModuleConfiguration/McuModuleConfiguration_0/McuClockSettingConfig/McuClockSettingConfig_0, children=['McuClockSettingId', 'McuSysPllClk_Configuration', 'McuPerPllClk_Configuration', 'McuSysClkDiv_Configuration', 'McuGTMClk_Configuration', 'McuMSCClk_Configuration', 'McuESPIClk_Configuration', 'McuWDTClk_Configuration', 'McuCanClk_Configuration', 'McuDMAClk_Configuration', 'McuSarAdcClk_Configuration', 'McuBaseTimerClk_Configuration', 'Mcu_Dsadc_Rdc_Clk_Configuration', 'McuClockReferencePoint'])
[DEBUG] DEBUG_XPATH: Navigating segment 'CpuWDTClockDiv' (axis=child) from 1 nodes
[DEBUG] DEBUG_XPATH:   Current context node: McuWDTClk_Configuration (type=container, path=/Mcu/McuModuleConfiguration/McuModuleConfiguration_0/McuClockSettingConfig/McuClockSettingConfig_0/McuWDTClk_Configuration, children=['McuWDTClk_Configuration'])
[DEBUG] DEBUG_XPATH: _parse_path('McuModuleConfiguration/McuClockSettingConfig/*') -> parts=['McuModuleConfiguration', 'McuClockSettingConfig', '*']
[DEBUG] DEBUG_XPATH: Navigating segment 'McuModuleConfiguration' (axis=child) from 1 nodes
[DEBUG] DEBUG_XPATH:   Current context node: Mcu (type=module, path=/Mcu, children=['McuGeneralConfiguration', 'McuModuleConfiguration', 'McuPublishedInformation', 'GtmConfiguration', 'CommonPublishedInformation'])
[DEBUG] DEBUG_XPATH: Navigating segment 'McuClockSettingConfig' (axis=child) from 1 nodes
[DEBUG] DEBUG_XPATH:   Current context node: McuModuleConfiguration (type=container, path=/Mcu/McuModuleConfiguration, children=['McuModuleConfiguration_0', 'McuClockSrcFailureNotification', 'McuNumberOfMcuModes', 'McuRamSectors', 'McuResetSetting', 'McuResetConfig', 'McuClockSettingConfig', 'McuDemEventParameterRefs', 'McuModeSettingConf', 'McuRamSectorSettingConf'])
[DEBUG] DEBUG_XPATH: Navigating segment '*' (axis=child) from 1 nodes
[DEBUG] DEBUG_XPATH:   Current context node: McuClockSettingConfig (type=container, path=/Mcu/McuModuleConfiguration/McuModuleConfiguration_0/McuClockSettingConfig, children=['McuClockSettingConfig_0'])
[DEBUG] DEBUG_XPATH: _parse_path('McuModuleConfiguration/McuClockSettingConfig/*') -> parts=['McuModuleConfiguration', 'McuClockSettingConfig', '*']
[DEBUG] DEBUG_XPATH: Navigating segment 'McuModuleConfiguration' (axis=child) from 1 nodes
[DEBUG] DEBUG_XPATH:   Current context node: Mcu (type=module, path=/Mcu, children=['McuGeneralConfiguration', 'McuModuleConfiguration', 'McuPublishedInformation', 'GtmConfiguration', 'CommonPublishedInformation'])
[DEBUG] DEBUG_XPATH: Navigating segment 'McuClockSettingConfig' (axis=child) from 1 nodes
[DEBUG] DEBUG_XPATH:   Current context node: McuModuleConfiguration (type=container, path=/Mcu/McuModuleConfiguration, children=['McuModuleConfiguration_0', 'McuClockSrcFailureNotification', 'McuNumberOfMcuModes', 'McuRamSectors', 'McuResetSetting', 'McuResetConfig', 'McuClockSettingConfig', 'McuDemEventParameterRefs', 'McuModeSettingConf', 'McuRamSectorSettingConf'])
[DEBUG] DEBUG_XPATH: Navigating segment '*' (axis=child) from 1 nodes
[DEBUG] DEBUG_XPATH:   Current context node: McuClockSettingConfig (type=container, path=/Mcu/McuModuleConfiguration/McuModuleConfiguration_0/McuClockSettingConfig, children=['McuClockSettingConfig_0'])
[DEBUG] DEBUG_XPATH: _parse_path('McuClockSettingId') -> parts=['McuClockSettingId']
[DEBUG] DEBUG_XPATH: Navigating segment 'McuClockSettingId' (axis=child) from 1 nodes
[DEBUG] DEBUG_XPATH:   Current context node: Mcu (type=module, path=/Mcu, children=['McuGeneralConfiguration', 'McuModuleConfiguration', 'McuPublishedInformation', 'GtmConfiguration', 'CommonPublishedInformation'])
WARNING: ecu:get('Basetimer.MaxHwUnit') not found in ECU_DEFAULTS or modules, returning 0
[DEBUG] DEBUG_XPATH: _parse_path('McuModuleConfiguration/McuClockSettingConfig/*') -> parts=['McuModuleConfiguration', 'McuClockSettingConfig', '*']
[DEBUG] DEBUG_XPATH: Navigating segment 'McuModuleConfiguration' (axis=child) from 1 nodes
[DEBUG] DEBUG_XPATH:   Current context node: Mcu (type=module, path=/Mcu, children=['McuGeneralConfiguration', 'McuModuleConfiguration', 'McuPublishedInformation', 'GtmConfiguration', 'CommonPublishedInformation'])
[DEBUG] DEBUG_XPATH: Navigating segment 'McuClockSettingConfig' (axis=child) from 1 nodes
[DEBUG] DEBUG_XPATH:   Current context node: McuModuleConfiguration (type=container, path=/Mcu/McuModuleConfiguration, children=['McuModuleConfiguration_0', 'McuClockSrcFailureNotification', 'McuNumberOfMcuModes', 'McuRamSectors', 'McuResetSetting', 'McuResetConfig', 'McuClockSettingConfig', 'McuDemEventParameterRefs', 'McuModeSettingConf', 'McuRamSectorSettingConf'])
[DEBUG] DEBUG_XPATH: Navigating segment '*' (axis=child) from 1 nodes
[DEBUG] DEBUG_XPATH:   Current context node: McuClockSettingConfig (type=container, path=/Mcu/McuModuleConfiguration/McuModuleConfiguration_0/McuClockSettingConfig, children=['McuClockSettingConfig_0'])
[DEBUG] DEBUG_XPATH: _parse_path('McuModuleConfiguration/McuClockSettingConfig/*') -> parts=['McuModuleConfiguration', 'McuClockSettingConfig', '*']
[DEBUG] DEBUG_XPATH: Navigating segment 'McuModuleConfiguration' (axis=child) from 1 nodes
[DEBUG] DEBUG_XPATH:   Current context node: Mcu (type=module, path=/Mcu, children=['McuGeneralConfiguration', 'McuModuleConfiguration', 'McuPublishedInformation', 'GtmConfiguration', 'CommonPublishedInformation'])
[DEBUG] DEBUG_XPATH: Navigating segment 'McuClockSettingConfig' (axis=child) from 1 nodes
[DEBUG] DEBUG_XPATH:   Current context node: McuModuleConfiguration (type=container, path=/Mcu/McuModuleConfiguration, children=['McuModuleConfiguration_0', 'McuClockSrcFailureNotification', 'McuNumberOfMcuModes', 'McuRamSectors', 'McuResetSetting', 'McuResetConfig', 'McuClockSettingConfig', 'McuDemEventParameterRefs', 'McuModeSettingConf', 'McuRamSectorSettingConf'])
[DEBUG] DEBUG_XPATH: Navigating segment '*' (axis=child) from 1 nodes
[DEBUG] DEBUG_XPATH:   Current context node: McuClockSettingConfig (type=container, path=/Mcu/McuModuleConfiguration/McuModuleConfiguration_0/McuClockSettingConfig, children=['McuClockSettingConfig_0'])
[DEBUG] DEBUG_XPATH: _parse_path('McuClockSettingId') -> parts=['McuClockSettingId']
[DEBUG] DEBUG_XPATH: Navigating segment 'McuClockSettingId' (axis=child) from 1 nodes
[DEBUG] DEBUG_XPATH:   Current context node: Mcu (type=module, path=/Mcu, children=['McuGeneralConfiguration', 'McuModuleConfiguration', 'McuPublishedInformation', 'GtmConfiguration', 'CommonPublishedInformation'])
[DEBUG] DEBUG_XPATH: _parse_path('McuCanClk_Configuration/CANClockSource') -> parts=['McuCanClk_Configuration', 'CANClockSource']
[DEBUG] DEBUG_XPATH: Navigating segment 'McuCanClk_Configuration' (axis=child) from 1 nodes
[DEBUG] DEBUG_XPATH:   Current context node: McuClockSettingConfig_0 (type=container, path=/Mcu/McuModuleConfiguration/McuModuleConfiguration_0/McuClockSettingConfig/McuClockSettingConfig_0, children=['McuClockSettingId', 'McuSysPllClk_Configuration', 'McuPerPllClk_Configuration', 'McuSysClkDiv_Configuration', 'McuGTMClk_Configuration', 'McuMSCClk_Configuration', 'McuESPIClk_Configuration', 'McuWDTClk_Configuration', 'McuCanClk_Configuration', 'McuDMAClk_Configuration', 'McuSarAdcClk_Configuration', 'McuBaseTimerClk_Configuration', 'Mcu_Dsadc_Rdc_Clk_Configuration', 'McuClockReferencePoint'])
[DEBUG] DEBUG_XPATH: Navigating segment 'CANClockSource' (axis=child) from 1 nodes
[DEBUG] DEBUG_XPATH:   Current context node: McuCanClk_Configuration (type=container, path=/Mcu/McuModuleConfiguration/McuModuleConfiguration_0/McuClockSettingConfig/McuClockSettingConfig_0/McuCanClk_Configuration, children=['McuCanClk_Configuration'])
[DEBUG] DEBUG_XPATH: _parse_path('McuCanClk_Configuration/CANClockDiv') -> parts=['McuCanClk_Configuration', 'CANClockDiv']
[DEBUG] DEBUG_XPATH: Navigating segment 'McuCanClk_Configuration' (axis=child) from 1 nodes
[DEBUG] DEBUG_XPATH:   Current context node: McuClockSettingConfig_0 (type=container, path=/Mcu/McuModuleConfiguration/McuModuleConfiguration_0/McuClockSettingConfig/McuClockSettingConfig_0, children=['McuClockSettingId', 'McuSysPllClk_Configuration', 'McuPerPllClk_Configuration', 'McuSysClkDiv_Configuration', 'McuGTMClk_Configuration', 'McuMSCClk_Configuration', 'McuESPIClk_Configuration', 'McuWDTClk_Configuration', 'McuCanClk_Configuration', 'McuDMAClk_Configuration', 'McuSarAdcClk_Configuration', 'McuBaseTimerClk_Configuration', 'Mcu_Dsadc_Rdc_Clk_Configuration', 'McuClockReferencePoint'])
[DEBUG] DEBUG_XPATH: Navigating segment 'CANClockDiv' (axis=child) from 1 nodes
[DEBUG] DEBUG_XPATH:   Current context node: McuCanClk_Configuration (type=container, path=/Mcu/McuModuleConfiguration/McuModuleConfiguration_0/McuClockSettingConfig/McuClockSettingConfig_0/McuCanClk_Configuration, children=['McuCanClk_Configuration'])
[DEBUG] DEBUG_XPATH: _parse_path('McuModuleConfiguration/McuClockSettingConfig/*') -> parts=['McuModuleConfiguration', 'McuClockSettingConfig', '*']
[DEBUG] DEBUG_XPATH: Navigating segment 'McuModuleConfiguration' (axis=child) from 1 nodes
[DEBUG] DEBUG_XPATH:   Current context node: Mcu (type=module, path=/Mcu, children=['McuGeneralConfiguration', 'McuModuleConfiguration', 'McuPublishedInformation', 'GtmConfiguration', 'CommonPublishedInformation'])
[DEBUG] DEBUG_XPATH: Navigating segment 'McuClockSettingConfig' (axis=child) from 1 nodes
[DEBUG] DEBUG_XPATH:   Current context node: McuModuleConfiguration (type=container, path=/Mcu/McuModuleConfiguration, children=['McuModuleConfiguration_0', 'McuClockSrcFailureNotification', 'McuNumberOfMcuModes', 'McuRamSectors', 'McuResetSetting', 'McuResetConfig', 'McuClockSettingConfig', 'McuDemEventParameterRefs', 'McuModeSettingConf', 'McuRamSectorSettingConf'])
[DEBUG] DEBUG_XPATH: Navigating segment '*' (axis=child) from 1 nodes
[DEBUG] DEBUG_XPATH:   Current context node: McuClockSettingConfig (type=container, path=/Mcu/McuModuleConfiguration/McuModuleConfiguration_0/McuClockSettingConfig, children=['McuClockSettingConfig_0'])
[DEBUG] DEBUG_XPATH: _parse_path('McuModuleConfiguration/McuClockSettingConfig/*') -> parts=['McuModuleConfiguration', 'McuClockSettingConfig', '*']
[DEBUG] DEBUG_XPATH: Navigating segment 'McuModuleConfiguration' (axis=child) from 1 nodes
[DEBUG] DEBUG_XPATH:   Current context node: Mcu (type=module, path=/Mcu, children=['McuGeneralConfiguration', 'McuModuleConfiguration', 'McuPublishedInformation', 'GtmConfiguration', 'CommonPublishedInformation'])
[DEBUG] DEBUG_XPATH: Navigating segment 'McuClockSettingConfig' (axis=child) from 1 nodes
[DEBUG] DEBUG_XPATH:   Current context node: McuModuleConfiguration (type=container, path=/Mcu/McuModuleConfiguration, children=['McuModuleConfiguration_0', 'McuClockSrcFailureNotification', 'McuNumberOfMcuModes', 'McuRamSectors', 'McuResetSetting', 'McuResetConfig', 'McuClockSettingConfig', 'McuDemEventParameterRefs', 'McuModeSettingConf', 'McuRamSectorSettingConf'])
[DEBUG] DEBUG_XPATH: Navigating segment '*' (axis=child) from 1 nodes
[DEBUG] DEBUG_XPATH:   Current context node: McuClockSettingConfig (type=container, path=/Mcu/McuModuleConfiguration/McuModuleConfiguration_0/McuClockSettingConfig, children=['McuClockSettingConfig_0'])
[DEBUG] DEBUG_XPATH: _parse_path('McuClockSettingId') -> parts=['McuClockSettingId']
[DEBUG] DEBUG_XPATH: Navigating segment 'McuClockSettingId' (axis=child) from 1 nodes
[DEBUG] DEBUG_XPATH:   Current context node: Mcu (type=module, path=/Mcu, children=['McuGeneralConfiguration', 'McuModuleConfiguration', 'McuPublishedInformation', 'GtmConfiguration', 'CommonPublishedInformation'])
[DEBUG] DEBUG: Evaluating condition: node:value(McuDMAClk_Configuration/DMA0_CLKEN) = 'true'
[DEBUG] DEBUG_XPATH: _parse_path('McuDMAClk_Configuration/DMA0_CLKEN') -> parts=['McuDMAClk_Configuration', 'DMA0_CLKEN']
[DEBUG] DEBUG_XPATH: Navigating segment 'McuDMAClk_Configuration' (axis=child) from 1 nodes
[DEBUG] DEBUG_XPATH:   Current context node: McuClockSettingConfig_0 (type=container, path=/Mcu/McuModuleConfiguration/McuModuleConfiguration_0/McuClockSettingConfig/McuClockSettingConfig_0, children=['McuClockSettingId', 'McuSysPllClk_Configuration', 'McuPerPllClk_Configuration', 'McuSysClkDiv_Configuration', 'McuGTMClk_Configuration', 'McuMSCClk_Configuration', 'McuESPIClk_Configuration', 'McuWDTClk_Configuration', 'McuCanClk_Configuration', 'McuDMAClk_Configuration', 'McuSarAdcClk_Configuration', 'McuBaseTimerClk_Configuration', 'Mcu_Dsadc_Rdc_Clk_Configuration', 'McuClockReferencePoint'])
[DEBUG] DEBUG_XPATH: Navigating segment 'DMA0_CLKEN' (axis=child) from 1 nodes
[DEBUG] DEBUG_XPATH:   Current context node: McuDMAClk_Configuration (type=container, path=/Mcu/McuModuleConfiguration/McuModuleConfiguration_0/McuClockSettingConfig/McuClockSettingConfig_0/McuDMAClk_Configuration, children=['McuDMAClk_Configuration'])
[DEBUG] DEBUG: Comparison [node:value(McuDMAClk_Configuration/DMA0_CLKEN) = 'true'] => [TRUE = true] Result: False
[DEBUG] DEBUG: Evaluating condition: node:value(McuDMAClk_Configuration/DMA1_CLKEN) = 'true'
[DEBUG] DEBUG_XPATH: _parse_path('McuDMAClk_Configuration/DMA1_CLKEN') -> parts=['McuDMAClk_Configuration', 'DMA1_CLKEN']
[DEBUG] DEBUG_XPATH: Navigating segment 'McuDMAClk_Configuration' (axis=child) from 1 nodes
[DEBUG] DEBUG_XPATH:   Current context node: McuClockSettingConfig_0 (type=container, path=/Mcu/McuModuleConfiguration/McuModuleConfiguration_0/McuClockSettingConfig/McuClockSettingConfig_0, children=['McuClockSettingId', 'McuSysPllClk_Configuration', 'McuPerPllClk_Configuration', 'McuSysClkDiv_Configuration', 'McuGTMClk_Configuration', 'McuMSCClk_Configuration', 'McuESPIClk_Configuration', 'McuWDTClk_Configuration', 'McuCanClk_Configuration', 'McuDMAClk_Configuration', 'McuSarAdcClk_Configuration', 'McuBaseTimerClk_Configuration', 'Mcu_Dsadc_Rdc_Clk_Configuration', 'McuClockReferencePoint'])
[DEBUG] DEBUG_XPATH: Navigating segment 'DMA1_CLKEN' (axis=child) from 1 nodes
[DEBUG] DEBUG_XPATH:   Current context node: McuDMAClk_Configuration (type=container, path=/Mcu/McuModuleConfiguration/McuModuleConfiguration_0/McuClockSettingConfig/McuClockSettingConfig_0/McuDMAClk_Configuration, children=['McuDMAClk_Configuration'])
[DEBUG] DEBUG: Comparison [node:value(McuDMAClk_Configuration/DMA1_CLKEN) = 'true'] => [TRUE = true] Result: False
[DEBUG] DEBUG: Evaluating condition: node:value(McuDMAClk_Configuration/DMA2_CLKEN) = 'true'
[DEBUG] DEBUG_XPATH: _parse_path('McuDMAClk_Configuration/DMA2_CLKEN') -> parts=['McuDMAClk_Configuration', 'DMA2_CLKEN']
[DEBUG] DEBUG_XPATH: Navigating segment 'McuDMAClk_Configuration' (axis=child) from 1 nodes
[DEBUG] DEBUG_XPATH:   Current context node: McuClockSettingConfig_0 (type=container, path=/Mcu/McuModuleConfiguration/McuModuleConfiguration_0/McuClockSettingConfig/McuClockSettingConfig_0, children=['McuClockSettingId', 'McuSysPllClk_Configuration', 'McuPerPllClk_Configuration', 'McuSysClkDiv_Configuration', 'McuGTMClk_Configuration', 'McuMSCClk_Configuration', 'McuESPIClk_Configuration', 'McuWDTClk_Configuration', 'McuCanClk_Configuration', 'McuDMAClk_Configuration', 'McuSarAdcClk_Configuration', 'McuBaseTimerClk_Configuration', 'Mcu_Dsadc_Rdc_Clk_Configuration', 'McuClockReferencePoint'])
[DEBUG] DEBUG_XPATH: Navigating segment 'DMA2_CLKEN' (axis=child) from 1 nodes
[DEBUG] DEBUG_XPATH:   Current context node: McuDMAClk_Configuration (type=container, path=/Mcu/McuModuleConfiguration/McuModuleConfiguration_0/McuClockSettingConfig/McuClockSettingConfig_0/McuDMAClk_Configuration, children=['McuDMAClk_Configuration'])
[DEBUG] DEBUG: Comparison [node:value(McuDMAClk_Configuration/DMA2_CLKEN) = 'true'] => [TRUE = true] Result: False
[DEBUG] DEBUG: Evaluating condition: node:value(McuDMAClk_Configuration/DMA3_CLKEN) = 'true'
[DEBUG] DEBUG_XPATH: _parse_path('McuDMAClk_Configuration/DMA3_CLKEN') -> parts=['McuDMAClk_Configuration', 'DMA3_CLKEN']
[DEBUG] DEBUG_XPATH: Navigating segment 'McuDMAClk_Configuration' (axis=child) from 1 nodes
[DEBUG] DEBUG_XPATH:   Current context node: McuClockSettingConfig_0 (type=container, path=/Mcu/McuModuleConfiguration/McuModuleConfiguration_0/McuClockSettingConfig/McuClockSettingConfig_0, children=['McuClockSettingId', 'McuSysPllClk_Configuration', 'McuPerPllClk_Configuration', 'McuSysClkDiv_Configuration', 'McuGTMClk_Configuration', 'McuMSCClk_Configuration', 'McuESPIClk_Configuration', 'McuWDTClk_Configuration', 'McuCanClk_Configuration', 'McuDMAClk_Configuration', 'McuSarAdcClk_Configuration', 'McuBaseTimerClk_Configuration', 'Mcu_Dsadc_Rdc_Clk_Configuration', 'McuClockReferencePoint'])
[DEBUG] DEBUG_XPATH: Navigating segment 'DMA3_CLKEN' (axis=child) from 1 nodes
[DEBUG] DEBUG_XPATH:   Current context node: McuDMAClk_Configuration (type=container, path=/Mcu/McuModuleConfiguration/McuModuleConfiguration_0/McuClockSettingConfig/McuClockSettingConfig_0/McuDMAClk_Configuration, children=['McuDMAClk_Configuration'])
[DEBUG] DEBUG: Comparison [node:value(McuDMAClk_Configuration/DMA3_CLKEN) = 'true'] => [TRUE = true] Result: False
[DEBUG] DEBUG_XPATH: _parse_path('McuModuleConfiguration/McuClockSettingConfig/*[1]/McuSysPllClk_Configuration/McuSysPllFrequency') -> parts=['McuModuleConfiguration', 'McuClockSettingConfig', '*[1]', 'McuSysPllClk_Configuration', 'McuSysPllFrequency']
[DEBUG] DEBUG_XPATH: Navigating segment 'McuModuleConfiguration' (axis=child) from 1 nodes
[DEBUG] DEBUG_XPATH:   Current context node: Mcu (type=module, path=/Mcu, children=['McuGeneralConfiguration', 'McuModuleConfiguration', 'McuPublishedInformation', 'GtmConfiguration', 'CommonPublishedInformation'])
[DEBUG] DEBUG_XPATH: Navigating segment 'McuClockSettingConfig' (axis=child) from 1 nodes
[DEBUG] DEBUG_XPATH:   Current context node: McuModuleConfiguration (type=container, path=/Mcu/McuModuleConfiguration, children=['McuModuleConfiguration_0', 'McuClockSrcFailureNotification', 'McuNumberOfMcuModes', 'McuRamSectors', 'McuResetSetting', 'McuResetConfig', 'McuClockSettingConfig', 'McuDemEventParameterRefs', 'McuModeSettingConf', 'McuRamSectorSettingConf'])
[DEBUG] DEBUG_XPATH: Navigating segment '*' (axis=child) from 1 nodes
[DEBUG] DEBUG_XPATH:   Current context node: McuClockSettingConfig (type=container, path=/Mcu/McuModuleConfiguration/McuModuleConfiguration_0/McuClockSettingConfig, children=['McuClockSettingConfig_0'])
[DEBUG] DEBUG_XPATH: Navigating segment 'McuSysPllClk_Configuration' (axis=child) from 1 nodes
[DEBUG] DEBUG_XPATH:   Current context node: McuClockSettingConfig_0 (type=container, path=/Mcu/McuModuleConfiguration/McuModuleConfiguration_0/McuClockSettingConfig/McuClockSettingConfig_0, children=['McuClockSettingId', 'McuSysPllClk_Configuration', 'McuPerPllClk_Configuration', 'McuSysClkDiv_Configuration', 'McuGTMClk_Configuration', 'McuMSCClk_Configuration', 'McuESPIClk_Configuration', 'McuWDTClk_Configuration', 'McuCanClk_Configuration', 'McuDMAClk_Configuration', 'McuSarAdcClk_Configuration', 'McuBaseTimerClk_Configuration', 'Mcu_Dsadc_Rdc_Clk_Configuration', 'McuClockReferencePoint'])
[DEBUG] DEBUG_XPATH: Navigating segment 'McuSysPllFrequency' (axis=child) from 1 nodes
[DEBUG] DEBUG_XPATH:   Current context node: McuSysPllClk_Configuration (type=container, path=/Mcu/McuModuleConfiguration/McuModuleConfiguration_0/McuClockSettingConfig/McuClockSettingConfig_0/McuSysPllClk_Configuration, children=['McuSysPllClk_Configuration'])
[DEBUG] DEBUG: Evaluating condition: $SysPllFre != num:i(400000000)
[DEBUG] DEBUG: Comparison [$SysPllFre != num:i(400000000)] => [400000000 != 400000000] Result: False
[DEBUG] DEBUG_XPATH: _parse_path('McuModuleConfiguration/McuClockSettingConfig/*[1]/McuPerPllClk_Configuration/McuPerPllFrequency') -> parts=['McuModuleConfiguration', 'McuClockSettingConfig', '*[1]', 'McuPerPllClk_Configuration', 'McuPerPllFrequency']
[DEBUG] DEBUG_XPATH: Navigating segment 'McuModuleConfiguration' (axis=child) from 1 nodes
[DEBUG] DEBUG_XPATH:   Current context node: Mcu (type=module, path=/Mcu, children=['McuGeneralConfiguration', 'McuModuleConfiguration', 'McuPublishedInformation', 'GtmConfiguration', 'CommonPublishedInformation'])
[DEBUG] DEBUG_XPATH: Navigating segment 'McuClockSettingConfig' (axis=child) from 1 nodes
[DEBUG] DEBUG_XPATH:   Current context node: McuModuleConfiguration (type=container, path=/Mcu/McuModuleConfiguration, children=['McuModuleConfiguration_0', 'McuClockSrcFailureNotification', 'McuNumberOfMcuModes', 'McuRamSectors', 'McuResetSetting', 'McuResetConfig', 'McuClockSettingConfig', 'McuDemEventParameterRefs', 'McuModeSettingConf', 'McuRamSectorSettingConf'])
[DEBUG] DEBUG_XPATH: Navigating segment '*' (axis=child) from 1 nodes
[DEBUG] DEBUG_XPATH:   Current context node: McuClockSettingConfig (type=container, path=/Mcu/McuModuleConfiguration/McuModuleConfiguration_0/McuClockSettingConfig, children=['McuClockSettingConfig_0'])
[DEBUG] DEBUG_XPATH: Navigating segment 'McuPerPllClk_Configuration' (axis=child) from 1 nodes
[DEBUG] DEBUG_XPATH:   Current context node: McuClockSettingConfig_0 (type=container, path=/Mcu/McuModuleConfiguration/McuModuleConfiguration_0/McuClockSettingConfig/McuClockSettingConfig_0, children=['McuClockSettingId', 'McuSysPllClk_Configuration', 'McuPerPllClk_Configuration', 'McuSysClkDiv_Configuration', 'McuGTMClk_Configuration', 'McuMSCClk_Configuration', 'McuESPIClk_Configuration', 'McuWDTClk_Configuration', 'McuCanClk_Configuration', 'McuDMAClk_Configuration', 'McuSarAdcClk_Configuration', 'McuBaseTimerClk_Configuration', 'Mcu_Dsadc_Rdc_Clk_Configuration', 'McuClockReferencePoint'])
[DEBUG] DEBUG_XPATH: Navigating segment 'McuPerPllFrequency' (axis=child) from 1 nodes
[DEBUG] DEBUG_XPATH:   Current context node: McuPerPllClk_Configuration (type=container, path=/Mcu/McuModuleConfiguration/McuModuleConfiguration_0/McuClockSettingConfig/McuClockSettingConfig_0/McuPerPllClk_Configuration, children=['McuPerPllClk_Configuration'])
[DEBUG] DEBUG: Evaluating condition: $PerPllFre != num:i(400000000)
[DEBUG] DEBUG: Comparison [$PerPllFre != num:i(400000000)] => [400000000 != 400000000] Result: False
[DEBUG] DEBUG_XPATH: _parse_path('McuModuleConfiguration/McuClockSettingConfig/*[1]/McuSysClkDiv_Configuration/McuCpuClkFrequency') -> parts=['McuModuleConfiguration', 'McuClockSettingConfig', '*[1]', 'McuSysClkDiv_Configuration', 'McuCpuClkFrequency']
[DEBUG] DEBUG_XPATH: Navigating segment 'McuModuleConfiguration' (axis=child) from 1 nodes
[DEBUG] DEBUG_XPATH:   Current context node: Mcu (type=module, path=/Mcu, children=['McuGeneralConfiguration', 'McuModuleConfiguration', 'McuPublishedInformation', 'GtmConfiguration', 'CommonPublishedInformation'])
[DEBUG] DEBUG_XPATH: Navigating segment 'McuClockSettingConfig' (axis=child) from 1 nodes
[DEBUG] DEBUG_XPATH:   Current context node: McuModuleConfiguration (type=container, path=/Mcu/McuModuleConfiguration, children=['McuModuleConfiguration_0', 'McuClockSrcFailureNotification', 'McuNumberOfMcuModes', 'McuRamSectors', 'McuResetSetting', 'McuResetConfig', 'McuClockSettingConfig', 'McuDemEventParameterRefs', 'McuModeSettingConf', 'McuRamSectorSettingConf'])
[DEBUG] DEBUG_XPATH: Navigating segment '*' (axis=child) from 1 nodes
[DEBUG] DEBUG_XPATH:   Current context node: McuClockSettingConfig (type=container, path=/Mcu/McuModuleConfiguration/McuModuleConfiguration_0/McuClockSettingConfig, children=['McuClockSettingConfig_0'])
[DEBUG] DEBUG_XPATH: Navigating segment 'McuSysClkDiv_Configuration' (axis=child) from 1 nodes
[DEBUG] DEBUG_XPATH:   Current context node: McuClockSettingConfig_0 (type=container, path=/Mcu/McuModuleConfiguration/McuModuleConfiguration_0/McuClockSettingConfig/McuClockSettingConfig_0, children=['McuClockSettingId', 'McuSysPllClk_Configuration', 'McuPerPllClk_Configuration', 'McuSysClkDiv_Configuration', 'McuGTMClk_Configuration', 'McuMSCClk_Configuration', 'McuESPIClk_Configuration', 'McuWDTClk_Configuration', 'McuCanClk_Configuration', 'McuDMAClk_Configuration', 'McuSarAdcClk_Configuration', 'McuBaseTimerClk_Configuration', 'Mcu_Dsadc_Rdc_Clk_Configuration', 'McuClockReferencePoint'])
[DEBUG] DEBUG_XPATH: Navigating segment 'McuCpuClkFrequency' (axis=child) from 1 nodes
[DEBUG] DEBUG_XPATH:   Current context node: McuSysClkDiv_Configuration (type=container, path=/Mcu/McuModuleConfiguration/McuModuleConfiguration_0/McuClockSettingConfig/McuClockSettingConfig_0/McuSysClkDiv_Configuration, children=['McuSysClkDiv_Configuration'])
[DEBUG] DEBUG: Evaluating condition: $CpuPllFre != num:i(400000000)
[DEBUG] DEBUG: Comparison [$CpuPllFre != num:i(400000000)] => [400000000 != 400000000] Result: False
[DEBUG] DEBUG_XPATH: _parse_path('McuModuleConfiguration/McuClockSettingConfig/*') -> parts=['McuModuleConfiguration', 'McuClockSettingConfig', '*']
[DEBUG] DEBUG_XPATH: Navigating segment 'McuModuleConfiguration' (axis=child) from 1 nodes
[DEBUG] DEBUG_XPATH:   Current context node: Mcu (type=module, path=/Mcu, children=['McuGeneralConfiguration', 'McuModuleConfiguration', 'McuPublishedInformation', 'GtmConfiguration', 'CommonPublishedInformation'])
[DEBUG] DEBUG_XPATH: Navigating segment 'McuClockSettingConfig' (axis=child) from 1 nodes
[DEBUG] DEBUG_XPATH:   Current context node: McuModuleConfiguration (type=container, path=/Mcu/McuModuleConfiguration, children=['McuModuleConfiguration_0', 'McuClockSrcFailureNotification', 'McuNumberOfMcuModes', 'McuRamSectors', 'McuResetSetting', 'McuResetConfig', 'McuClockSettingConfig', 'McuDemEventParameterRefs', 'McuModeSettingConf', 'McuRamSectorSettingConf'])
[DEBUG] DEBUG_XPATH: Navigating segment '*' (axis=child) from 1 nodes
[DEBUG] DEBUG_XPATH:   Current context node: McuClockSettingConfig (type=container, path=/Mcu/McuModuleConfiguration/McuModuleConfiguration_0/McuClockSettingConfig, children=['McuClockSettingConfig_0'])
[DEBUG] DEBUG_XPATH: _parse_path('McuClockSettingId') -> parts=['McuClockSettingId']
[DEBUG] DEBUG_XPATH: Navigating segment 'McuClockSettingId' (axis=child) from 1 nodes
[DEBUG] DEBUG_XPATH:   Current context node: Mcu (type=module, path=/Mcu, children=['McuGeneralConfiguration', 'McuModuleConfiguration', 'McuPublishedInformation', 'GtmConfiguration', 'CommonPublishedInformation'])
[DEBUG] DEBUG_XPATH: _parse_path('McuClockSettingId') -> parts=['McuClockSettingId']
[DEBUG] DEBUG_XPATH: Navigating segment 'McuClockSettingId' (axis=child) from 1 nodes
[DEBUG] DEBUG_XPATH:   Current context node: McuClockSettingConfig_0 (type=container, path=/Mcu/McuModuleConfiguration/McuModuleConfiguration_0/McuClockSettingConfig/McuClockSettingConfig_0, children=['McuClockSettingId', 'McuSysPllClk_Configuration', 'McuPerPllClk_Configuration', 'McuSysClkDiv_Configuration', 'McuGTMClk_Configuration', 'McuMSCClk_Configuration', 'McuESPIClk_Configuration', 'McuWDTClk_Configuration', 'McuCanClk_Configuration', 'McuDMAClk_Configuration', 'McuSarAdcClk_Configuration', 'McuBaseTimerClk_Configuration', 'Mcu_Dsadc_Rdc_Clk_Configuration', 'McuClockReferencePoint'])
[DEBUG] DEBUG_XPATH: _parse_path('McuClockSettingId') -> parts=['McuClockSettingId']
[DEBUG] DEBUG_XPATH: Navigating segment 'McuClockSettingId' (axis=child) from 1 nodes
[DEBUG] DEBUG_XPATH:   Current context node: McuClockSettingConfig_0 (type=container, path=/Mcu/McuModuleConfiguration/McuModuleConfiguration_0/McuClockSettingConfig/McuClockSettingConfig_0, children=['McuClockSettingId', 'McuSysPllClk_Configuration', 'McuPerPllClk_Configuration', 'McuSysClkDiv_Configuration', 'McuGTMClk_Configuration', 'McuMSCClk_Configuration', 'McuESPIClk_Configuration', 'McuWDTClk_Configuration', 'McuCanClk_Configuration', 'McuDMAClk_Configuration', 'McuSarAdcClk_Configuration', 'McuBaseTimerClk_Configuration', 'Mcu_Dsadc_Rdc_Clk_Configuration', 'McuClockReferencePoint'])
[DEBUG] DEBUG_XPATH: _parse_path('McuClockSettingId') -> parts=['McuClockSettingId']
[DEBUG] DEBUG_XPATH: Navigating segment 'McuClockSettingId' (axis=child) from 1 nodes
[DEBUG] DEBUG_XPATH:   Current context node: McuClockSettingConfig_0 (type=container, path=/Mcu/McuModuleConfiguration/McuModuleConfiguration_0/McuClockSettingConfig/McuClockSettingConfig_0, children=['McuClockSettingId', 'McuSysPllClk_Configuration', 'McuPerPllClk_Configuration', 'McuSysClkDiv_Configuration', 'McuGTMClk_Configuration', 'McuMSCClk_Configuration', 'McuESPIClk_Configuration', 'McuWDTClk_Configuration', 'McuCanClk_Configuration', 'McuDMAClk_Configuration', 'McuSarAdcClk_Configuration', 'McuBaseTimerClk_Configuration', 'Mcu_Dsadc_Rdc_Clk_Configuration', 'McuClockReferencePoint'])
[DEBUG] DEBUG_XPATH: _parse_path('McuClockSettingId') -> parts=['McuClockSettingId']
[DEBUG] DEBUG_XPATH: Navigating segment 'McuClockSettingId' (axis=child) from 1 nodes
[DEBUG] DEBUG_XPATH:   Current context node: McuClockSettingConfig_0 (type=container, path=/Mcu/McuModuleConfiguration/McuModuleConfiguration_0/McuClockSettingConfig/McuClockSettingConfig_0, children=['McuClockSettingId', 'McuSysPllClk_Configuration', 'McuPerPllClk_Configuration', 'McuSysClkDiv_Configuration', 'McuGTMClk_Configuration', 'McuMSCClk_Configuration', 'McuESPIClk_Configuration', 'McuWDTClk_Configuration', 'McuCanClk_Configuration', 'McuDMAClk_Configuration', 'McuSarAdcClk_Configuration', 'McuBaseTimerClk_Configuration', 'Mcu_Dsadc_Rdc_Clk_Configuration', 'McuClockReferencePoint'])
[DEBUG] DEBUG: Evaluating condition: $IsTha6104 = num:i(0)
[DEBUG] DEBUG: Comparison [$IsTha6104 = num:i(0)] => [0 = 0] Result: True
[DEBUG] DEBUG_XPATH: _parse_path('McuClockSettingId') -> parts=['McuClockSettingId']
[DEBUG] DEBUG_XPATH: Navigating segment 'McuClockSettingId' (axis=child) from 1 nodes
[DEBUG] DEBUG_XPATH:   Current context node: McuClockSettingConfig_0 (type=container, path=/Mcu/McuModuleConfiguration/McuModuleConfiguration_0/McuClockSettingConfig/McuClockSettingConfig_0, children=['McuClockSettingId', 'McuSysPllClk_Configuration', 'McuPerPllClk_Configuration', 'McuSysClkDiv_Configuration', 'McuGTMClk_Configuration', 'McuMSCClk_Configuration', 'McuESPIClk_Configuration', 'McuWDTClk_Configuration', 'McuCanClk_Configuration', 'McuDMAClk_Configuration', 'McuSarAdcClk_Configuration', 'McuBaseTimerClk_Configuration', 'Mcu_Dsadc_Rdc_Clk_Configuration', 'McuClockReferencePoint'])
[DEBUG] DEBUG_XPATH: _parse_path('McuClockSettingId') -> parts=['McuClockSettingId']
[DEBUG] DEBUG_XPATH: Navigating segment 'McuClockSettingId' (axis=child) from 1 nodes
[DEBUG] DEBUG_XPATH:   Current context node: McuClockSettingConfig_0 (type=container, path=/Mcu/McuModuleConfiguration/McuModuleConfiguration_0/McuClockSettingConfig/McuClockSettingConfig_0, children=['McuClockSettingId', 'McuSysPllClk_Configuration', 'McuPerPllClk_Configuration', 'McuSysClkDiv_Configuration', 'McuGTMClk_Configuration', 'McuMSCClk_Configuration', 'McuESPIClk_Configuration', 'McuWDTClk_Configuration', 'McuCanClk_Configuration', 'McuDMAClk_Configuration', 'McuSarAdcClk_Configuration', 'McuBaseTimerClk_Configuration', 'Mcu_Dsadc_Rdc_Clk_Configuration', 'McuClockReferencePoint'])
[DEBUG] DEBUG_XPATH: _parse_path('McuClockSettingId') -> parts=['McuClockSettingId']
[DEBUG] DEBUG_XPATH: Navigating segment 'McuClockSettingId' (axis=child) from 1 nodes
[DEBUG] DEBUG_XPATH:   Current context node: McuClockSettingConfig_0 (type=container, path=/Mcu/McuModuleConfiguration/McuModuleConfiguration_0/McuClockSettingConfig/McuClockSettingConfig_0, children=['McuClockSettingId', 'McuSysPllClk_Configuration', 'McuPerPllClk_Configuration', 'McuSysClkDiv_Configuration', 'McuGTMClk_Configuration', 'McuMSCClk_Configuration', 'McuESPIClk_Configuration', 'McuWDTClk_Configuration', 'McuCanClk_Configuration', 'McuDMAClk_Configuration', 'McuSarAdcClk_Configuration', 'McuBaseTimerClk_Configuration', 'Mcu_Dsadc_Rdc_Clk_Configuration', 'McuClockReferencePoint'])
[DEBUG] DEBUG_XPATH: _parse_path('McuClockSettingId') -> parts=['McuClockSettingId']
[DEBUG] DEBUG_XPATH: Navigating segment 'McuClockSettingId' (axis=child) from 1 nodes
[DEBUG] DEBUG_XPATH:   Current context node: McuClockSettingConfig_0 (type=container, path=/Mcu/McuModuleConfiguration/McuModuleConfiguration_0/McuClockSettingConfig/McuClockSettingConfig_0, children=['McuClockSettingId', 'McuSysPllClk_Configuration', 'McuPerPllClk_Configuration', 'McuSysClkDiv_Configuration', 'McuGTMClk_Configuration', 'McuMSCClk_Configuration', 'McuESPIClk_Configuration', 'McuWDTClk_Configuration', 'McuCanClk_Configuration', 'McuDMAClk_Configuration', 'McuSarAdcClk_Configuration', 'McuBaseTimerClk_Configuration', 'Mcu_Dsadc_Rdc_Clk_Configuration', 'McuClockReferencePoint'])
[DEBUG] DEBUG_XPATH: _parse_path('McuClockSettingId') -> parts=['McuClockSettingId']
[DEBUG] DEBUG_XPATH: Navigating segment 'McuClockSettingId' (axis=child) from 1 nodes
[DEBUG] DEBUG_XPATH:   Current context node: McuClockSettingConfig_0 (type=container, path=/Mcu/McuModuleConfiguration/McuModuleConfiguration_0/McuClockSettingConfig/McuClockSettingConfig_0, children=['McuClockSettingId', 'McuSysPllClk_Configuration', 'McuPerPllClk_Configuration', 'McuSysClkDiv_Configuration', 'McuGTMClk_Configuration', 'McuMSCClk_Configuration', 'McuESPIClk_Configuration', 'McuWDTClk_Configuration', 'McuCanClk_Configuration', 'McuDMAClk_Configuration', 'McuSarAdcClk_Configuration', 'McuBaseTimerClk_Configuration', 'Mcu_Dsadc_Rdc_Clk_Configuration', 'McuClockReferencePoint'])
[DEBUG] DEBUG: Evaluating condition: $IsTha6104 = num:i(0)
[DEBUG] DEBUG: Comparison [$IsTha6104 = num:i(0)] => [0 = 0] Result: True
[DEBUG] DEBUG_XPATH: _parse_path('McuClockSettingId') -> parts=['McuClockSettingId']
[DEBUG] DEBUG_XPATH: Navigating segment 'McuClockSettingId' (axis=child) from 1 nodes
[DEBUG] DEBUG_XPATH:   Current context node: McuClockSettingConfig_0 (type=container, path=/Mcu/McuModuleConfiguration/McuModuleConfiguration_0/McuClockSettingConfig/McuClockSettingConfig_0, children=['McuClockSettingId', 'McuSysPllClk_Configuration', 'McuPerPllClk_Configuration', 'McuSysClkDiv_Configuration', 'McuGTMClk_Configuration', 'McuMSCClk_Configuration', 'McuESPIClk_Configuration', 'McuWDTClk_Configuration', 'McuCanClk_Configuration', 'McuDMAClk_Configuration', 'McuSarAdcClk_Configuration', 'McuBaseTimerClk_Configuration', 'Mcu_Dsadc_Rdc_Clk_Configuration', 'McuClockReferencePoint'])
[DEBUG] DEBUG_XPATH: _parse_path('McuClockSettingId') -> parts=['McuClockSettingId']
[DEBUG] DEBUG_XPATH: Navigating segment 'McuClockSettingId' (axis=child) from 1 nodes
[DEBUG] DEBUG_XPATH:   Current context node: McuClockSettingConfig_0 (type=container, path=/Mcu/McuModuleConfiguration/McuModuleConfiguration_0/McuClockSettingConfig/McuClockSettingConfig_0, children=['McuClockSettingId', 'McuSysPllClk_Configuration', 'McuPerPllClk_Configuration', 'McuSysClkDiv_Configuration', 'McuGTMClk_Configuration', 'McuMSCClk_Configuration', 'McuESPIClk_Configuration', 'McuWDTClk_Configuration', 'McuCanClk_Configuration', 'McuDMAClk_Configuration', 'McuSarAdcClk_Configuration', 'McuBaseTimerClk_Configuration', 'Mcu_Dsadc_Rdc_Clk_Configuration', 'McuClockReferencePoint'])
[DEBUG] DEBUG_XPATH: _parse_path('McuClockSettingId') -> parts=['McuClockSettingId']
[DEBUG] DEBUG_XPATH: Navigating segment 'McuClockSettingId' (axis=child) from 1 nodes
[DEBUG] DEBUG_XPATH:   Current context node: McuClockSettingConfig_0 (type=container, path=/Mcu/McuModuleConfiguration/McuModuleConfiguration_0/McuClockSettingConfig/McuClockSettingConfig_0, children=['McuClockSettingId', 'McuSysPllClk_Configuration', 'McuPerPllClk_Configuration', 'McuSysClkDiv_Configuration', 'McuGTMClk_Configuration', 'McuMSCClk_Configuration', 'McuESPIClk_Configuration', 'McuWDTClk_Configuration', 'McuCanClk_Configuration', 'McuDMAClk_Configuration', 'McuSarAdcClk_Configuration', 'McuBaseTimerClk_Configuration', 'Mcu_Dsadc_Rdc_Clk_Configuration', 'McuClockReferencePoint'])
[DEBUG] DEBUG_XPATH: _parse_path('McuSysClkDiv_Configuration/McuSysClkFrequency') -> parts=['McuSysClkDiv_Configuration', 'McuSysClkFrequency']
[DEBUG] DEBUG_XPATH: Navigating segment 'McuSysClkDiv_Configuration' (axis=child) from 1 nodes
[DEBUG] DEBUG_XPATH:   Current context node: McuClockSettingConfig_0 (type=container, path=/Mcu/McuModuleConfiguration/McuModuleConfiguration_0/McuClockSettingConfig/McuClockSettingConfig_0, children=['McuClockSettingId', 'McuSysPllClk_Configuration', 'McuPerPllClk_Configuration', 'McuSysClkDiv_Configuration', 'McuGTMClk_Configuration', 'McuMSCClk_Configuration', 'McuESPIClk_Configuration', 'McuWDTClk_Configuration', 'McuCanClk_Configuration', 'McuDMAClk_Configuration', 'McuSarAdcClk_Configuration', 'McuBaseTimerClk_Configuration', 'Mcu_Dsadc_Rdc_Clk_Configuration', 'McuClockReferencePoint'])
[DEBUG] DEBUG_XPATH: Navigating segment 'McuSysClkFrequency' (axis=child) from 1 nodes
[DEBUG] DEBUG_XPATH:   Current context node: McuSysClkDiv_Configuration (type=container, path=/Mcu/McuModuleConfiguration/McuModuleConfiguration_0/McuClockSettingConfig/McuClockSettingConfig_0/McuSysClkDiv_Configuration, children=['McuSysClkDiv_Configuration'])
[DEBUG] DEBUG: Evaluating condition: node:exists(GtmConfiguration/*[1])
[DEBUG] DEBUG_XPATH: _parse_path('GtmConfiguration/*[1]') -> parts=['GtmConfiguration', '*[1]']
[DEBUG] DEBUG_XPATH: Navigating segment 'GtmConfiguration' (axis=child) from 1 nodes
[DEBUG] DEBUG_XPATH:   Current context node: Mcu (type=module, path=/Mcu, children=['McuGeneralConfiguration', 'McuModuleConfiguration', 'McuPublishedInformation', 'GtmConfiguration', 'CommonPublishedInformation'])
[DEBUG] DEBUG_XPATH: Navigating segment '*' (axis=child) from 1 nodes
[DEBUG] DEBUG_XPATH:   Current context node: GtmConfiguration (type=container, path=/Mcu/GtmConfiguration, children=['GtmConfiguration_0', 'GtmConfiguration_1', 'GtmGeneral', 'Cmu', 'Tbu', 'Tom', 'Atom', 'Tim', 'GtmToPeripheral', 'GtmResourceAllocationConf'])
[DEBUG] DEBUG_XPATH: _parse_path('GtmConfiguration/*[1]') -> parts=['GtmConfiguration', '*[1]']
[DEBUG] DEBUG_XPATH: Navigating segment 'GtmConfiguration' (axis=child) from 1 nodes
[DEBUG] DEBUG_XPATH:   Current context node: Mcu (type=module, path=/Mcu, children=['McuGeneralConfiguration', 'McuModuleConfiguration', 'McuPublishedInformation', 'GtmConfiguration', 'CommonPublishedInformation'])
[DEBUG] DEBUG_XPATH: Navigating segment '*' (axis=child) from 1 nodes
[DEBUG] DEBUG_XPATH:   Current context node: GtmConfiguration (type=container, path=/Mcu/GtmConfiguration, children=['GtmConfiguration_0', 'GtmConfiguration_1', 'GtmGeneral', 'Cmu', 'Tbu', 'Tom', 'Atom', 'Tim', 'GtmToPeripheral', 'GtmResourceAllocationConf'])
[DEBUG] DEBUG_XPATH: _parse_path('GtmGeneral/CMUClusterClockCfg') -> parts=['GtmGeneral', 'CMUClusterClockCfg']
[DEBUG] DEBUG_XPATH: Navigating segment 'GtmGeneral' (axis=child) from 1 nodes
[DEBUG] DEBUG_XPATH:   Current context node: GtmConfiguration_0 (type=container, path=/Mcu/GtmConfiguration/GtmConfiguration_0, children=['GtmGeneral', 'Cmu', 'Tbu', 'Tom', 'Atom', 'Tim', 'GtmToPeripheral', 'GtmResourceAllocationConf'])
[DEBUG] DEBUG_XPATH: Navigating segment 'CMUClusterClockCfg' (axis=child) from 1 nodes
[DEBUG] DEBUG_XPATH:   Current context node: GtmGeneral (type=container, path=/Mcu/GtmConfiguration/GtmConfiguration_0/GtmGeneral, children=['GtmGeneral'])
WARNING: ecu:get('Gtm.NumberOfCluster') not found in ECU_DEFAULTS or modules, returning 0
[DEBUG] DEBUG_XPATH: _parse_path('GtmGeneral/CMUGlobalClkDivNumerator') -> parts=['GtmGeneral', 'CMUGlobalClkDivNumerator']
[DEBUG] DEBUG_XPATH: Navigating segment 'GtmGeneral' (axis=child) from 1 nodes
[DEBUG] DEBUG_XPATH:   Current context node: GtmConfiguration_0 (type=container, path=/Mcu/GtmConfiguration/GtmConfiguration_0, children=['GtmGeneral', 'Cmu', 'Tbu', 'Tom', 'Atom', 'Tim', 'GtmToPeripheral', 'GtmResourceAllocationConf'])
[DEBUG] DEBUG_XPATH: Navigating segment 'CMUGlobalClkDivNumerator' (axis=child) from 1 nodes
[DEBUG] DEBUG_XPATH:   Current context node: GtmGeneral (type=container, path=/Mcu/GtmConfiguration/GtmConfiguration_0/GtmGeneral, children=['GtmGeneral'])
[DEBUG] DEBUG_XPATH: _parse_path('GtmGeneral/CMUGlobalClkDivDenominator') -> parts=['GtmGeneral', 'CMUGlobalClkDivDenominator']
[DEBUG] DEBUG_XPATH: Navigating segment 'GtmGeneral' (axis=child) from 1 nodes
[DEBUG] DEBUG_XPATH:   Current context node: GtmConfiguration_0 (type=container, path=/Mcu/GtmConfiguration/GtmConfiguration_0, children=['GtmGeneral', 'Cmu', 'Tbu', 'Tom', 'Atom', 'Tim', 'GtmToPeripheral', 'GtmResourceAllocationConf'])
[DEBUG] DEBUG_XPATH: Navigating segment 'CMUGlobalClkDivDenominator' (axis=child) from 1 nodes
[DEBUG] DEBUG_XPATH:   Current context node: GtmGeneral (type=container, path=/Mcu/GtmConfiguration/GtmConfiguration_0/GtmGeneral, children=['GtmGeneral'])
[DEBUG] DEBUG: Evaluating condition: node:exists(Cmu/*[1])
[DEBUG] DEBUG_XPATH: _parse_path('Cmu/*[1]') -> parts=['Cmu', '*[1]']
[DEBUG] DEBUG_XPATH: Navigating segment 'Cmu' (axis=child) from 1 nodes
[DEBUG] DEBUG_XPATH:   Current context node: GtmConfiguration_0 (type=container, path=/Mcu/GtmConfiguration/GtmConfiguration_0, children=['GtmGeneral', 'Cmu', 'Tbu', 'Tom', 'Atom', 'Tim', 'GtmToPeripheral', 'GtmResourceAllocationConf'])
[DEBUG] DEBUG_XPATH: Navigating segment '*' (axis=child) from 1 nodes
[DEBUG] DEBUG_XPATH:   Current context node: Cmu (type=container, path=/Mcu/GtmConfiguration/GtmConfiguration_0/Cmu, children=['Cmu_0'])
[DEBUG] DEBUG_XPATH: _parse_path('Cmu/*[1]') -> parts=['Cmu', '*[1]']
[DEBUG] DEBUG_XPATH: Navigating segment 'Cmu' (axis=child) from 1 nodes
[DEBUG] DEBUG_XPATH:   Current context node: GtmConfiguration_0 (type=container, path=/Mcu/GtmConfiguration/GtmConfiguration_0, children=['GtmGeneral', 'Cmu', 'Tbu', 'Tom', 'Atom', 'Tim', 'GtmToPeripheral', 'GtmResourceAllocationConf'])
[DEBUG] DEBUG_XPATH: Navigating segment '*' (axis=child) from 1 nodes
[DEBUG] DEBUG_XPATH:   Current context node: Cmu (type=container, path=/Mcu/GtmConfiguration/GtmConfiguration_0/Cmu, children=['Cmu_0'])
[DEBUG] DEBUG_XPATH: _parse_path('CmuExternalClock/CmuExternalClk0Numerator') -> parts=['CmuExternalClock', 'CmuExternalClk0Numerator']
[DEBUG] DEBUG_XPATH: Navigating segment 'CmuExternalClock' (axis=child) from 1 nodes
[DEBUG] DEBUG_XPATH:   Current context node: Cmu_0 (type=container, path=/Mcu/GtmConfiguration/GtmConfiguration_0/Cmu/Cmu_0, children=['CmuConfigurableClock', 'CmuFixedClock', 'CmuExternalClock'])
[DEBUG] DEBUG_XPATH: Navigating segment 'CmuExternalClk0Numerator' (axis=child) from 1 nodes
[DEBUG] DEBUG_XPATH:   Current context node: CmuExternalClock (type=container, path=/Mcu/GtmConfiguration/GtmConfiguration_0/Cmu/Cmu_0/CmuExternalClock, children=['CmuEnableExternalClk0', 'CmuExternalClk0Numerator', 'CmuExternalClk0Denominator', 'CmuEnableExternalClk1', 'CmuExternalClk1Numerator', 'CmuExternalClk1Denominator', 'CmuEnableExternalClk2', 'CmuExternalClk2Numerator', 'CmuExternalClk2Denominator'])
[DEBUG] DEBUG_XPATH: _parse_path('CmuExternalClock/CmuExternalClk0Denominator') -> parts=['CmuExternalClock', 'CmuExternalClk0Denominator']
[DEBUG] DEBUG_XPATH: Navigating segment 'CmuExternalClock' (axis=child) from 1 nodes
[DEBUG] DEBUG_XPATH:   Current context node: Cmu_0 (type=container, path=/Mcu/GtmConfiguration/GtmConfiguration_0/Cmu/Cmu_0, children=['CmuConfigurableClock', 'CmuFixedClock', 'CmuExternalClock'])
[DEBUG] DEBUG_XPATH: Navigating segment 'CmuExternalClk0Denominator' (axis=child) from 1 nodes
[DEBUG] DEBUG_XPATH:   Current context node: CmuExternalClock (type=container, path=/Mcu/GtmConfiguration/GtmConfiguration_0/Cmu/Cmu_0/CmuExternalClock, children=['CmuEnableExternalClk0', 'CmuExternalClk0Numerator', 'CmuExternalClk0Denominator', 'CmuEnableExternalClk1', 'CmuExternalClk1Numerator', 'CmuExternalClk1Denominator', 'CmuEnableExternalClk2', 'CmuExternalClk2Numerator', 'CmuExternalClk2Denominator'])
[DEBUG] DEBUG: Evaluating condition: CmuExternalClock/CmuEnableExternalClk0 = 'true'
[DEBUG] DEBUG_XPATH: _parse_path('CmuExternalClock/CmuEnableExternalClk0') -> parts=['CmuExternalClock', 'CmuEnableExternalClk0']
[DEBUG] DEBUG_XPATH: Navigating segment 'CmuExternalClock' (axis=child) from 1 nodes
[DEBUG] DEBUG_XPATH:   Current context node: Cmu_0 (type=container, path=/Mcu/GtmConfiguration/GtmConfiguration_0/Cmu/Cmu_0, children=['CmuConfigurableClock', 'CmuFixedClock', 'CmuExternalClock'])
[DEBUG] DEBUG_XPATH: Navigating segment 'CmuEnableExternalClk0' (axis=child) from 1 nodes
[DEBUG] DEBUG_XPATH:   Current context node: CmuExternalClock (type=container, path=/Mcu/GtmConfiguration/GtmConfiguration_0/Cmu/Cmu_0/CmuExternalClock, children=['CmuEnableExternalClk0', 'CmuExternalClk0Numerator', 'CmuExternalClk0Denominator', 'CmuEnableExternalClk1', 'CmuExternalClk1Numerator', 'CmuExternalClk1Denominator', 'CmuEnableExternalClk2', 'CmuExternalClk2Numerator', 'CmuExternalClk2Denominator'])
[DEBUG] DEBUG: Comparison [CmuExternalClock/CmuEnableExternalClk0 = 'true'] => [False = True] Result: False
[DEBUG] DEBUG_XPATH: _parse_path('CmuExternalClock/CmuExternalClk1Numerator') -> parts=['CmuExternalClock', 'CmuExternalClk1Numerator']
[DEBUG] DEBUG_XPATH: Navigating segment 'CmuExternalClock' (axis=child) from 1 nodes
[DEBUG] DEBUG_XPATH:   Current context node: Cmu_0 (type=container, path=/Mcu/GtmConfiguration/GtmConfiguration_0/Cmu/Cmu_0, children=['CmuConfigurableClock', 'CmuFixedClock', 'CmuExternalClock'])
[DEBUG] DEBUG_XPATH: Navigating segment 'CmuExternalClk1Numerator' (axis=child) from 1 nodes
[DEBUG] DEBUG_XPATH:   Current context node: CmuExternalClock (type=container, path=/Mcu/GtmConfiguration/GtmConfiguration_0/Cmu/Cmu_0/CmuExternalClock, children=['CmuEnableExternalClk0', 'CmuExternalClk0Numerator', 'CmuExternalClk0Denominator', 'CmuEnableExternalClk1', 'CmuExternalClk1Numerator', 'CmuExternalClk1Denominator', 'CmuEnableExternalClk2', 'CmuExternalClk2Numerator', 'CmuExternalClk2Denominator'])
[DEBUG] DEBUG_XPATH: _parse_path('CmuExternalClock/CmuExternalClk1Denominator') -> parts=['CmuExternalClock', 'CmuExternalClk1Denominator']
[DEBUG] DEBUG_XPATH: Navigating segment 'CmuExternalClock' (axis=child) from 1 nodes
[DEBUG] DEBUG_XPATH:   Current context node: Cmu_0 (type=container, path=/Mcu/GtmConfiguration/GtmConfiguration_0/Cmu/Cmu_0, children=['CmuConfigurableClock', 'CmuFixedClock', 'CmuExternalClock'])
[DEBUG] DEBUG_XPATH: Navigating segment 'CmuExternalClk1Denominator' (axis=child) from 1 nodes
[DEBUG] DEBUG_XPATH:   Current context node: CmuExternalClock (type=container, path=/Mcu/GtmConfiguration/GtmConfiguration_0/Cmu/Cmu_0/CmuExternalClock, children=['CmuEnableExternalClk0', 'CmuExternalClk0Numerator', 'CmuExternalClk0Denominator', 'CmuEnableExternalClk1', 'CmuExternalClk1Numerator', 'CmuExternalClk1Denominator', 'CmuEnableExternalClk2', 'CmuExternalClk2Numerator', 'CmuExternalClk2Denominator'])
[DEBUG] DEBUG: Evaluating condition: CmuExternalClock/CmuEnableExternalClk1 = 'true'
[DEBUG] DEBUG_XPATH: _parse_path('CmuExternalClock/CmuEnableExternalClk1') -> parts=['CmuExternalClock', 'CmuEnableExternalClk1']
[DEBUG] DEBUG_XPATH: Navigating segment 'CmuExternalClock' (axis=child) from 1 nodes
[DEBUG] DEBUG_XPATH:   Current context node: Cmu_0 (type=container, path=/Mcu/GtmConfiguration/GtmConfiguration_0/Cmu/Cmu_0, children=['CmuConfigurableClock', 'CmuFixedClock', 'CmuExternalClock'])
[DEBUG] DEBUG_XPATH: Navigating segment 'CmuEnableExternalClk1' (axis=child) from 1 nodes
[DEBUG] DEBUG_XPATH:   Current context node: CmuExternalClock (type=container, path=/Mcu/GtmConfiguration/GtmConfiguration_0/Cmu/Cmu_0/CmuExternalClock, children=['CmuEnableExternalClk0', 'CmuExternalClk0Numerator', 'CmuExternalClk0Denominator', 'CmuEnableExternalClk1', 'CmuExternalClk1Numerator', 'CmuExternalClk1Denominator', 'CmuEnableExternalClk2', 'CmuExternalClk2Numerator', 'CmuExternalClk2Denominator'])
[DEBUG] DEBUG: Comparison [CmuExternalClock/CmuEnableExternalClk1 = 'true'] => [False = True] Result: False
[DEBUG] DEBUG_XPATH: _parse_path('CmuExternalClock/CmuExternalClk2Numerator') -> parts=['CmuExternalClock', 'CmuExternalClk2Numerator']
[DEBUG] DEBUG_XPATH: Navigating segment 'CmuExternalClock' (axis=child) from 1 nodes
[DEBUG] DEBUG_XPATH:   Current context node: Cmu_0 (type=container, path=/Mcu/GtmConfiguration/GtmConfiguration_0/Cmu/Cmu_0, children=['CmuConfigurableClock', 'CmuFixedClock', 'CmuExternalClock'])
[DEBUG] DEBUG_XPATH: Navigating segment 'CmuExternalClk2Numerator' (axis=child) from 1 nodes
[DEBUG] DEBUG_XPATH:   Current context node: CmuExternalClock (type=container, path=/Mcu/GtmConfiguration/GtmConfiguration_0/Cmu/Cmu_0/CmuExternalClock, children=['CmuEnableExternalClk0', 'CmuExternalClk0Numerator', 'CmuExternalClk0Denominator', 'CmuEnableExternalClk1', 'CmuExternalClk1Numerator', 'CmuExternalClk1Denominator', 'CmuEnableExternalClk2', 'CmuExternalClk2Numerator', 'CmuExternalClk2Denominator'])
[DEBUG] DEBUG_XPATH: _parse_path('CmuExternalClock/CmuExternalClk2Denominator') -> parts=['CmuExternalClock', 'CmuExternalClk2Denominator']
[DEBUG] DEBUG_XPATH: Navigating segment 'CmuExternalClock' (axis=child) from 1 nodes
[DEBUG] DEBUG_XPATH:   Current context node: Cmu_0 (type=container, path=/Mcu/GtmConfiguration/GtmConfiguration_0/Cmu/Cmu_0, children=['CmuConfigurableClock', 'CmuFixedClock', 'CmuExternalClock'])
[DEBUG] DEBUG_XPATH: Navigating segment 'CmuExternalClk2Denominator' (axis=child) from 1 nodes
[DEBUG] DEBUG_XPATH:   Current context node: CmuExternalClock (type=container, path=/Mcu/GtmConfiguration/GtmConfiguration_0/Cmu/Cmu_0/CmuExternalClock, children=['CmuEnableExternalClk0', 'CmuExternalClk0Numerator', 'CmuExternalClk0Denominator', 'CmuEnableExternalClk1', 'CmuExternalClk1Numerator', 'CmuExternalClk1Denominator', 'CmuEnableExternalClk2', 'CmuExternalClk2Numerator', 'CmuExternalClk2Denominator'])
[DEBUG] DEBUG: Evaluating condition: CmuExternalClock/CmuEnableExternalClk2 = 'true'
[DEBUG] DEBUG_XPATH: _parse_path('CmuExternalClock/CmuEnableExternalClk2') -> parts=['CmuExternalClock', 'CmuEnableExternalClk2']
[DEBUG] DEBUG_XPATH: Navigating segment 'CmuExternalClock' (axis=child) from 1 nodes
[DEBUG] DEBUG_XPATH:   Current context node: Cmu_0 (type=container, path=/Mcu/GtmConfiguration/GtmConfiguration_0/Cmu/Cmu_0, children=['CmuConfigurableClock', 'CmuFixedClock', 'CmuExternalClock'])
[DEBUG] DEBUG_XPATH: Navigating segment 'CmuEnableExternalClk2' (axis=child) from 1 nodes
[DEBUG] DEBUG_XPATH:   Current context node: CmuExternalClock (type=container, path=/Mcu/GtmConfiguration/GtmConfiguration_0/Cmu/Cmu_0/CmuExternalClock, children=['CmuEnableExternalClk0', 'CmuExternalClk0Numerator', 'CmuExternalClk0Denominator', 'CmuEnableExternalClk1', 'CmuExternalClk1Numerator', 'CmuExternalClk1Denominator', 'CmuEnableExternalClk2', 'CmuExternalClk2Numerator', 'CmuExternalClk2Denominator'])
[DEBUG] DEBUG: Comparison [CmuExternalClock/CmuEnableExternalClk2 = 'true'] => [False = True] Result: False
[DEBUG] DEBUG_XPATH: _parse_path('CmuConfigurableClock/CmuConfigurableClk0Div') -> parts=['CmuConfigurableClock', 'CmuConfigurableClk0Div']
[DEBUG] DEBUG_XPATH: Navigating segment 'CmuConfigurableClock' (axis=child) from 1 nodes
[DEBUG] DEBUG_XPATH:   Current context node: Cmu_0 (type=container, path=/Mcu/GtmConfiguration/GtmConfiguration_0/Cmu/Cmu_0, children=['CmuConfigurableClock', 'CmuFixedClock', 'CmuExternalClock'])
[DEBUG] DEBUG_XPATH: Navigating segment 'CmuConfigurableClk0Div' (axis=child) from 1 nodes
[DEBUG] DEBUG_XPATH:   Current context node: CmuConfigurableClock (type=container, path=/Mcu/GtmConfiguration/GtmConfiguration_0/Cmu/Cmu_0/CmuConfigurableClock, children=['CmuEnableConfigurableClk0', 'CmuConfigurableClk0Div', 'CmuEnableConfigurableClk1', 'CmuConfigurableClk1Div', 'CmuEnableConfigurableClk2', 'CmuConfigurableClk2Div', 'CmuEnableConfigurableClk3', 'CmuConfigurableClk3Div', 'CmuEnableConfigurableClk4', 'CmuConfigurableClk4Div', 'CmuEnableConfigurableClk5', 'CmuConfigurableClk5Div', 'CmuEnableConfigurableClk6', 'CmuClk6SourceSelect', 'CmuConfigurableClk6Div', 'CmuEnableConfigurableClk7', 'CmuClk7SourceSelect', 'CmuConfigurableClk7Div'])
[DEBUG] DEBUG: Evaluating condition: CmuConfigurableClock/CmuEnableConfigurableClk0 = 'true'
[DEBUG] DEBUG_XPATH: _parse_path('CmuConfigurableClock/CmuEnableConfigurableClk0') -> parts=['CmuConfigurableClock', 'CmuEnableConfigurableClk0']
[DEBUG] DEBUG_XPATH: Navigating segment 'CmuConfigurableClock' (axis=child) from 1 nodes
[DEBUG] DEBUG_XPATH:   Current context node: Cmu_0 (type=container, path=/Mcu/GtmConfiguration/GtmConfiguration_0/Cmu/Cmu_0, children=['CmuConfigurableClock', 'CmuFixedClock', 'CmuExternalClock'])
[DEBUG] DEBUG_XPATH: Navigating segment 'CmuEnableConfigurableClk0' (axis=child) from 1 nodes
[DEBUG] DEBUG_XPATH:   Current context node: CmuConfigurableClock (type=container, path=/Mcu/GtmConfiguration/GtmConfiguration_0/Cmu/Cmu_0/CmuConfigurableClock, children=['CmuEnableConfigurableClk0', 'CmuConfigurableClk0Div', 'CmuEnableConfigurableClk1', 'CmuConfigurableClk1Div', 'CmuEnableConfigurableClk2', 'CmuConfigurableClk2Div', 'CmuEnableConfigurableClk3', 'CmuConfigurableClk3Div', 'CmuEnableConfigurableClk4', 'CmuConfigurableClk4Div', 'CmuEnableConfigurableClk5', 'CmuConfigurableClk5Div', 'CmuEnableConfigurableClk6', 'CmuClk6SourceSelect', 'CmuConfigurableClk6Div', 'CmuEnableConfigurableClk7', 'CmuClk7SourceSelect', 'CmuConfigurableClk7Div'])
[DEBUG] DEBUG: Comparison [CmuConfigurableClock/CmuEnableConfigurableClk0 = 'true'] => [False = True] Result: False
[DEBUG] DEBUG_XPATH: _parse_path('CmuConfigurableClock/CmuConfigurableClk1Div') -> parts=['CmuConfigurableClock', 'CmuConfigurableClk1Div']
[DEBUG] DEBUG_XPATH: Navigating segment 'CmuConfigurableClock' (axis=child) from 1 nodes
[DEBUG] DEBUG_XPATH:   Current context node: Cmu_0 (type=container, path=/Mcu/GtmConfiguration/GtmConfiguration_0/Cmu/Cmu_0, children=['CmuConfigurableClock', 'CmuFixedClock', 'CmuExternalClock'])
[DEBUG] DEBUG_XPATH: Navigating segment 'CmuConfigurableClk1Div' (axis=child) from 1 nodes
[DEBUG] DEBUG_XPATH:   Current context node: CmuConfigurableClock (type=container, path=/Mcu/GtmConfiguration/GtmConfiguration_0/Cmu/Cmu_0/CmuConfigurableClock, children=['CmuEnableConfigurableClk0', 'CmuConfigurableClk0Div', 'CmuEnableConfigurableClk1', 'CmuConfigurableClk1Div', 'CmuEnableConfigurableClk2', 'CmuConfigurableClk2Div', 'CmuEnableConfigurableClk3', 'CmuConfigurableClk3Div', 'CmuEnableConfigurableClk4', 'CmuConfigurableClk4Div', 'CmuEnableConfigurableClk5', 'CmuConfigurableClk5Div', 'CmuEnableConfigurableClk6', 'CmuClk6SourceSelect', 'CmuConfigurableClk6Div', 'CmuEnableConfigurableClk7', 'CmuClk7SourceSelect', 'CmuConfigurableClk7Div'])
[DEBUG] DEBUG: Evaluating condition: CmuConfigurableClock/CmuEnableConfigurableClk1 = 'true'
[DEBUG] DEBUG_XPATH: _parse_path('CmuConfigurableClock/CmuEnableConfigurableClk1') -> parts=['CmuConfigurableClock', 'CmuEnableConfigurableClk1']
[DEBUG] DEBUG_XPATH: Navigating segment 'CmuConfigurableClock' (axis=child) from 1 nodes
[DEBUG] DEBUG_XPATH:   Current context node: Cmu_0 (type=container, path=/Mcu/GtmConfiguration/GtmConfiguration_0/Cmu/Cmu_0, children=['CmuConfigurableClock', 'CmuFixedClock', 'CmuExternalClock'])
[DEBUG] DEBUG_XPATH: Navigating segment 'CmuEnableConfigurableClk1' (axis=child) from 1 nodes
[DEBUG] DEBUG_XPATH:   Current context node: CmuConfigurableClock (type=container, path=/Mcu/GtmConfiguration/GtmConfiguration_0/Cmu/Cmu_0/CmuConfigurableClock, children=['CmuEnableConfigurableClk0', 'CmuConfigurableClk0Div', 'CmuEnableConfigurableClk1', 'CmuConfigurableClk1Div', 'CmuEnableConfigurableClk2', 'CmuConfigurableClk2Div', 'CmuEnableConfigurableClk3', 'CmuConfigurableClk3Div', 'CmuEnableConfigurableClk4', 'CmuConfigurableClk4Div', 'CmuEnableConfigurableClk5', 'CmuConfigurableClk5Div', 'CmuEnableConfigurableClk6', 'CmuClk6SourceSelect', 'CmuConfigurableClk6Div', 'CmuEnableConfigurableClk7', 'CmuClk7SourceSelect', 'CmuConfigurableClk7Div'])
[DEBUG] DEBUG: Comparison [CmuConfigurableClock/CmuEnableConfigurableClk1 = 'true'] => [False = True] Result: False
[DEBUG] DEBUG_XPATH: _parse_path('CmuConfigurableClock/CmuConfigurableClk2Div') -> parts=['CmuConfigurableClock', 'CmuConfigurableClk2Div']
[DEBUG] DEBUG_XPATH: Navigating segment 'CmuConfigurableClock' (axis=child) from 1 nodes
[DEBUG] DEBUG_XPATH:   Current context node: Cmu_0 (type=container, path=/Mcu/GtmConfiguration/GtmConfiguration_0/Cmu/Cmu_0, children=['CmuConfigurableClock', 'CmuFixedClock', 'CmuExternalClock'])
[DEBUG] DEBUG_XPATH: Navigating segment 'CmuConfigurableClk2Div' (axis=child) from 1 nodes
[DEBUG] DEBUG_XPATH:   Current context node: CmuConfigurableClock (type=container, path=/Mcu/GtmConfiguration/GtmConfiguration_0/Cmu/Cmu_0/CmuConfigurableClock, children=['CmuEnableConfigurableClk0', 'CmuConfigurableClk0Div', 'CmuEnableConfigurableClk1', 'CmuConfigurableClk1Div', 'CmuEnableConfigurableClk2', 'CmuConfigurableClk2Div', 'CmuEnableConfigurableClk3', 'CmuConfigurableClk3Div', 'CmuEnableConfigurableClk4', 'CmuConfigurableClk4Div', 'CmuEnableConfigurableClk5', 'CmuConfigurableClk5Div', 'CmuEnableConfigurableClk6', 'CmuClk6SourceSelect', 'CmuConfigurableClk6Div', 'CmuEnableConfigurableClk7', 'CmuClk7SourceSelect', 'CmuConfigurableClk7Div'])
[DEBUG] DEBUG: Evaluating condition: CmuConfigurableClock/CmuEnableConfigurableClk2 = 'true'
[DEBUG] DEBUG_XPATH: _parse_path('CmuConfigurableClock/CmuEnableConfigurableClk2') -> parts=['CmuConfigurableClock', 'CmuEnableConfigurableClk2']
[DEBUG] DEBUG_XPATH: Navigating segment 'CmuConfigurableClock' (axis=child) from 1 nodes
[DEBUG] DEBUG_XPATH:   Current context node: Cmu_0 (type=container, path=/Mcu/GtmConfiguration/GtmConfiguration_0/Cmu/Cmu_0, children=['CmuConfigurableClock', 'CmuFixedClock', 'CmuExternalClock'])
[DEBUG] DEBUG_XPATH: Navigating segment 'CmuEnableConfigurableClk2' (axis=child) from 1 nodes
[DEBUG] DEBUG_XPATH:   Current context node: CmuConfigurableClock (type=container, path=/Mcu/GtmConfiguration/GtmConfiguration_0/Cmu/Cmu_0/CmuConfigurableClock, children=['CmuEnableConfigurableClk0', 'CmuConfigurableClk0Div', 'CmuEnableConfigurableClk1', 'CmuConfigurableClk1Div', 'CmuEnableConfigurableClk2', 'CmuConfigurableClk2Div', 'CmuEnableConfigurableClk3', 'CmuConfigurableClk3Div', 'CmuEnableConfigurableClk4', 'CmuConfigurableClk4Div', 'CmuEnableConfigurableClk5', 'CmuConfigurableClk5Div', 'CmuEnableConfigurableClk6', 'CmuClk6SourceSelect', 'CmuConfigurableClk6Div', 'CmuEnableConfigurableClk7', 'CmuClk7SourceSelect', 'CmuConfigurableClk7Div'])
[DEBUG] DEBUG: Comparison [CmuConfigurableClock/CmuEnableConfigurableClk2 = 'true'] => [False = True] Result: False
[DEBUG] DEBUG_XPATH: _parse_path('CmuConfigurableClock/CmuConfigurableClk3Div') -> parts=['CmuConfigurableClock', 'CmuConfigurableClk3Div']
[DEBUG] DEBUG_XPATH: Navigating segment 'CmuConfigurableClock' (axis=child) from 1 nodes
[DEBUG] DEBUG_XPATH:   Current context node: Cmu_0 (type=container, path=/Mcu/GtmConfiguration/GtmConfiguration_0/Cmu/Cmu_0, children=['CmuConfigurableClock', 'CmuFixedClock', 'CmuExternalClock'])
[DEBUG] DEBUG_XPATH: Navigating segment 'CmuConfigurableClk3Div' (axis=child) from 1 nodes
[DEBUG] DEBUG_XPATH:   Current context node: CmuConfigurableClock (type=container, path=/Mcu/GtmConfiguration/GtmConfiguration_0/Cmu/Cmu_0/CmuConfigurableClock, children=['CmuEnableConfigurableClk0', 'CmuConfigurableClk0Div', 'CmuEnableConfigurableClk1', 'CmuConfigurableClk1Div', 'CmuEnableConfigurableClk2', 'CmuConfigurableClk2Div', 'CmuEnableConfigurableClk3', 'CmuConfigurableClk3Div', 'CmuEnableConfigurableClk4', 'CmuConfigurableClk4Div', 'CmuEnableConfigurableClk5', 'CmuConfigurableClk5Div', 'CmuEnableConfigurableClk6', 'CmuClk6SourceSelect', 'CmuConfigurableClk6Div', 'CmuEnableConfigurableClk7', 'CmuClk7SourceSelect', 'CmuConfigurableClk7Div'])
[DEBUG] DEBUG: Evaluating condition: CmuConfigurableClock/CmuEnableConfigurableClk3 = 'true'
[DEBUG] DEBUG_XPATH: _parse_path('CmuConfigurableClock/CmuEnableConfigurableClk3') -> parts=['CmuConfigurableClock', 'CmuEnableConfigurableClk3']
[DEBUG] DEBUG_XPATH: Navigating segment 'CmuConfigurableClock' (axis=child) from 1 nodes
[DEBUG] DEBUG_XPATH:   Current context node: Cmu_0 (type=container, path=/Mcu/GtmConfiguration/GtmConfiguration_0/Cmu/Cmu_0, children=['CmuConfigurableClock', 'CmuFixedClock', 'CmuExternalClock'])
[DEBUG] DEBUG_XPATH: Navigating segment 'CmuEnableConfigurableClk3' (axis=child) from 1 nodes
[DEBUG] DEBUG_XPATH:   Current context node: CmuConfigurableClock (type=container, path=/Mcu/GtmConfiguration/GtmConfiguration_0/Cmu/Cmu_0/CmuConfigurableClock, children=['CmuEnableConfigurableClk0', 'CmuConfigurableClk0Div', 'CmuEnableConfigurableClk1', 'CmuConfigurableClk1Div', 'CmuEnableConfigurableClk2', 'CmuConfigurableClk2Div', 'CmuEnableConfigurableClk3', 'CmuConfigurableClk3Div', 'CmuEnableConfigurableClk4', 'CmuConfigurableClk4Div', 'CmuEnableConfigurableClk5', 'CmuConfigurableClk5Div', 'CmuEnableConfigurableClk6', 'CmuClk6SourceSelect', 'CmuConfigurableClk6Div', 'CmuEnableConfigurableClk7', 'CmuClk7SourceSelect', 'CmuConfigurableClk7Div'])
[DEBUG] DEBUG: Comparison [CmuConfigurableClock/CmuEnableConfigurableClk3 = 'true'] => [False = True] Result: False
[DEBUG] DEBUG_XPATH: _parse_path('CmuConfigurableClock/CmuConfigurableClk4Div') -> parts=['CmuConfigurableClock', 'CmuConfigurableClk4Div']
[DEBUG] DEBUG_XPATH: Navigating segment 'CmuConfigurableClock' (axis=child) from 1 nodes
[DEBUG] DEBUG_XPATH:   Current context node: Cmu_0 (type=container, path=/Mcu/GtmConfiguration/GtmConfiguration_0/Cmu/Cmu_0, children=['CmuConfigurableClock', 'CmuFixedClock', 'CmuExternalClock'])
[DEBUG] DEBUG_XPATH: Navigating segment 'CmuConfigurableClk4Div' (axis=child) from 1 nodes
[DEBUG] DEBUG_XPATH:   Current context node: CmuConfigurableClock (type=container, path=/Mcu/GtmConfiguration/GtmConfiguration_0/Cmu/Cmu_0/CmuConfigurableClock, children=['CmuEnableConfigurableClk0', 'CmuConfigurableClk0Div', 'CmuEnableConfigurableClk1', 'CmuConfigurableClk1Div', 'CmuEnableConfigurableClk2', 'CmuConfigurableClk2Div', 'CmuEnableConfigurableClk3', 'CmuConfigurableClk3Div', 'CmuEnableConfigurableClk4', 'CmuConfigurableClk4Div', 'CmuEnableConfigurableClk5', 'CmuConfigurableClk5Div', 'CmuEnableConfigurableClk6', 'CmuClk6SourceSelect', 'CmuConfigurableClk6Div', 'CmuEnableConfigurableClk7', 'CmuClk7SourceSelect', 'CmuConfigurableClk7Div'])
[DEBUG] DEBUG: Evaluating condition: CmuConfigurableClock/CmuEnableConfigurableClk4 = 'true'
[DEBUG] DEBUG_XPATH: _parse_path('CmuConfigurableClock/CmuEnableConfigurableClk4') -> parts=['CmuConfigurableClock', 'CmuEnableConfigurableClk4']
[DEBUG] DEBUG_XPATH: Navigating segment 'CmuConfigurableClock' (axis=child) from 1 nodes
[DEBUG] DEBUG_XPATH:   Current context node: Cmu_0 (type=container, path=/Mcu/GtmConfiguration/GtmConfiguration_0/Cmu/Cmu_0, children=['CmuConfigurableClock', 'CmuFixedClock', 'CmuExternalClock'])
[DEBUG] DEBUG_XPATH: Navigating segment 'CmuEnableConfigurableClk4' (axis=child) from 1 nodes
[DEBUG] DEBUG_XPATH:   Current context node: CmuConfigurableClock (type=container, path=/Mcu/GtmConfiguration/GtmConfiguration_0/Cmu/Cmu_0/CmuConfigurableClock, children=['CmuEnableConfigurableClk0', 'CmuConfigurableClk0Div', 'CmuEnableConfigurableClk1', 'CmuConfigurableClk1Div', 'CmuEnableConfigurableClk2', 'CmuConfigurableClk2Div', 'CmuEnableConfigurableClk3', 'CmuConfigurableClk3Div', 'CmuEnableConfigurableClk4', 'CmuConfigurableClk4Div', 'CmuEnableConfigurableClk5', 'CmuConfigurableClk5Div', 'CmuEnableConfigurableClk6', 'CmuClk6SourceSelect', 'CmuConfigurableClk6Div', 'CmuEnableConfigurableClk7', 'CmuClk7SourceSelect', 'CmuConfigurableClk7Div'])
[DEBUG] DEBUG: Comparison [CmuConfigurableClock/CmuEnableConfigurableClk4 = 'true'] => [False = True] Result: False
[DEBUG] DEBUG_XPATH: _parse_path('CmuConfigurableClock/CmuConfigurableClk5Div') -> parts=['CmuConfigurableClock', 'CmuConfigurableClk5Div']
[DEBUG] DEBUG_XPATH: Navigating segment 'CmuConfigurableClock' (axis=child) from 1 nodes
[DEBUG] DEBUG_XPATH:   Current context node: Cmu_0 (type=container, path=/Mcu/GtmConfiguration/GtmConfiguration_0/Cmu/Cmu_0, children=['CmuConfigurableClock', 'CmuFixedClock', 'CmuExternalClock'])
[DEBUG] DEBUG_XPATH: Navigating segment 'CmuConfigurableClk5Div' (axis=child) from 1 nodes
[DEBUG] DEBUG_XPATH:   Current context node: CmuConfigurableClock (type=container, path=/Mcu/GtmConfiguration/GtmConfiguration_0/Cmu/Cmu_0/CmuConfigurableClock, children=['CmuEnableConfigurableClk0', 'CmuConfigurableClk0Div', 'CmuEnableConfigurableClk1', 'CmuConfigurableClk1Div', 'CmuEnableConfigurableClk2', 'CmuConfigurableClk2Div', 'CmuEnableConfigurableClk3', 'CmuConfigurableClk3Div', 'CmuEnableConfigurableClk4', 'CmuConfigurableClk4Div', 'CmuEnableConfigurableClk5', 'CmuConfigurableClk5Div', 'CmuEnableConfigurableClk6', 'CmuClk6SourceSelect', 'CmuConfigurableClk6Div', 'CmuEnableConfigurableClk7', 'CmuClk7SourceSelect', 'CmuConfigurableClk7Div'])
[DEBUG] DEBUG: Evaluating condition: CmuConfigurableClock/CmuEnableConfigurableClk5 = 'true'
[DEBUG] DEBUG_XPATH: _parse_path('CmuConfigurableClock/CmuEnableConfigurableClk5') -> parts=['CmuConfigurableClock', 'CmuEnableConfigurableClk5']
[DEBUG] DEBUG_XPATH: Navigating segment 'CmuConfigurableClock' (axis=child) from 1 nodes
[DEBUG] DEBUG_XPATH:   Current context node: Cmu_0 (type=container, path=/Mcu/GtmConfiguration/GtmConfiguration_0/Cmu/Cmu_0, children=['CmuConfigurableClock', 'CmuFixedClock', 'CmuExternalClock'])
[DEBUG] DEBUG_XPATH: Navigating segment 'CmuEnableConfigurableClk5' (axis=child) from 1 nodes
[DEBUG] DEBUG_XPATH:   Current context node: CmuConfigurableClock (type=container, path=/Mcu/GtmConfiguration/GtmConfiguration_0/Cmu/Cmu_0/CmuConfigurableClock, children=['CmuEnableConfigurableClk0', 'CmuConfigurableClk0Div', 'CmuEnableConfigurableClk1', 'CmuConfigurableClk1Div', 'CmuEnableConfigurableClk2', 'CmuConfigurableClk2Div', 'CmuEnableConfigurableClk3', 'CmuConfigurableClk3Div', 'CmuEnableConfigurableClk4', 'CmuConfigurableClk4Div', 'CmuEnableConfigurableClk5', 'CmuConfigurableClk5Div', 'CmuEnableConfigurableClk6', 'CmuClk6SourceSelect', 'CmuConfigurableClk6Div', 'CmuEnableConfigurableClk7', 'CmuClk7SourceSelect', 'CmuConfigurableClk7Div'])
[DEBUG] DEBUG: Comparison [CmuConfigurableClock/CmuEnableConfigurableClk5 = 'true'] => [False = True] Result: False
[DEBUG] DEBUG_XPATH: _parse_path('CmuConfigurableClock/CmuConfigurableClk6Div') -> parts=['CmuConfigurableClock', 'CmuConfigurableClk6Div']
[DEBUG] DEBUG_XPATH: Navigating segment 'CmuConfigurableClock' (axis=child) from 1 nodes
[DEBUG] DEBUG_XPATH:   Current context node: Cmu_0 (type=container, path=/Mcu/GtmConfiguration/GtmConfiguration_0/Cmu/Cmu_0, children=['CmuConfigurableClock', 'CmuFixedClock', 'CmuExternalClock'])
[DEBUG] DEBUG_XPATH: Navigating segment 'CmuConfigurableClk6Div' (axis=child) from 1 nodes
[DEBUG] DEBUG_XPATH:   Current context node: CmuConfigurableClock (type=container, path=/Mcu/GtmConfiguration/GtmConfiguration_0/Cmu/Cmu_0/CmuConfigurableClock, children=['CmuEnableConfigurableClk0', 'CmuConfigurableClk0Div', 'CmuEnableConfigurableClk1', 'CmuConfigurableClk1Div', 'CmuEnableConfigurableClk2', 'CmuConfigurableClk2Div', 'CmuEnableConfigurableClk3', 'CmuConfigurableClk3Div', 'CmuEnableConfigurableClk4', 'CmuConfigurableClk4Div', 'CmuEnableConfigurableClk5', 'CmuConfigurableClk5Div', 'CmuEnableConfigurableClk6', 'CmuClk6SourceSelect', 'CmuConfigurableClk6Div', 'CmuEnableConfigurableClk7', 'CmuClk7SourceSelect', 'CmuConfigurableClk7Div'])
[DEBUG] DEBUG: Evaluating condition: CmuConfigurableClock/CmuEnableConfigurableClk6 = 'true'
[DEBUG] DEBUG_XPATH: _parse_path('CmuConfigurableClock/CmuEnableConfigurableClk6') -> parts=['CmuConfigurableClock', 'CmuEnableConfigurableClk6']
[DEBUG] DEBUG_XPATH: Navigating segment 'CmuConfigurableClock' (axis=child) from 1 nodes
[DEBUG] DEBUG_XPATH:   Current context node: Cmu_0 (type=container, path=/Mcu/GtmConfiguration/GtmConfiguration_0/Cmu/Cmu_0, children=['CmuConfigurableClock', 'CmuFixedClock', 'CmuExternalClock'])
[DEBUG] DEBUG_XPATH: Navigating segment 'CmuEnableConfigurableClk6' (axis=child) from 1 nodes
[DEBUG] DEBUG_XPATH:   Current context node: CmuConfigurableClock (type=container, path=/Mcu/GtmConfiguration/GtmConfiguration_0/Cmu/Cmu_0/CmuConfigurableClock, children=['CmuEnableConfigurableClk0', 'CmuConfigurableClk0Div', 'CmuEnableConfigurableClk1', 'CmuConfigurableClk1Div', 'CmuEnableConfigurableClk2', 'CmuConfigurableClk2Div', 'CmuEnableConfigurableClk3', 'CmuConfigurableClk3Div', 'CmuEnableConfigurableClk4', 'CmuConfigurableClk4Div', 'CmuEnableConfigurableClk5', 'CmuConfigurableClk5Div', 'CmuEnableConfigurableClk6', 'CmuClk6SourceSelect', 'CmuConfigurableClk6Div', 'CmuEnableConfigurableClk7', 'CmuClk7SourceSelect', 'CmuConfigurableClk7Div'])
[DEBUG] DEBUG: Comparison [CmuConfigurableClock/CmuEnableConfigurableClk6 = 'true'] => [False = True] Result: False
[DEBUG] DEBUG_XPATH: _parse_path('CmuConfigurableClock/CmuConfigurableClk7Div') -> parts=['CmuConfigurableClock', 'CmuConfigurableClk7Div']
[DEBUG] DEBUG_XPATH: Navigating segment 'CmuConfigurableClock' (axis=child) from 1 nodes
[DEBUG] DEBUG_XPATH:   Current context node: Cmu_0 (type=container, path=/Mcu/GtmConfiguration/GtmConfiguration_0/Cmu/Cmu_0, children=['CmuConfigurableClock', 'CmuFixedClock', 'CmuExternalClock'])
[DEBUG] DEBUG_XPATH: Navigating segment 'CmuConfigurableClk7Div' (axis=child) from 1 nodes
[DEBUG] DEBUG_XPATH:   Current context node: CmuConfigurableClock (type=container, path=/Mcu/GtmConfiguration/GtmConfiguration_0/Cmu/Cmu_0/CmuConfigurableClock, children=['CmuEnableConfigurableClk0', 'CmuConfigurableClk0Div', 'CmuEnableConfigurableClk1', 'CmuConfigurableClk1Div', 'CmuEnableConfigurableClk2', 'CmuConfigurableClk2Div', 'CmuEnableConfigurableClk3', 'CmuConfigurableClk3Div', 'CmuEnableConfigurableClk4', 'CmuConfigurableClk4Div', 'CmuEnableConfigurableClk5', 'CmuConfigurableClk5Div', 'CmuEnableConfigurableClk6', 'CmuClk6SourceSelect', 'CmuConfigurableClk6Div', 'CmuEnableConfigurableClk7', 'CmuClk7SourceSelect', 'CmuConfigurableClk7Div'])
[DEBUG] DEBUG: Evaluating condition: CmuConfigurableClock/CmuEnableConfigurableClk7 = 'true'
[DEBUG] DEBUG_XPATH: _parse_path('CmuConfigurableClock/CmuEnableConfigurableClk7') -> parts=['CmuConfigurableClock', 'CmuEnableConfigurableClk7']
[DEBUG] DEBUG_XPATH: Navigating segment 'CmuConfigurableClock' (axis=child) from 1 nodes
[DEBUG] DEBUG_XPATH:   Current context node: Cmu_0 (type=container, path=/Mcu/GtmConfiguration/GtmConfiguration_0/Cmu/Cmu_0, children=['CmuConfigurableClock', 'CmuFixedClock', 'CmuExternalClock'])
[DEBUG] DEBUG_XPATH: Navigating segment 'CmuEnableConfigurableClk7' (axis=child) from 1 nodes
[DEBUG] DEBUG_XPATH:   Current context node: CmuConfigurableClock (type=container, path=/Mcu/GtmConfiguration/GtmConfiguration_0/Cmu/Cmu_0/CmuConfigurableClock, children=['CmuEnableConfigurableClk0', 'CmuConfigurableClk0Div', 'CmuEnableConfigurableClk1', 'CmuConfigurableClk1Div', 'CmuEnableConfigurableClk2', 'CmuConfigurableClk2Div', 'CmuEnableConfigurableClk3', 'CmuConfigurableClk3Div', 'CmuEnableConfigurableClk4', 'CmuConfigurableClk4Div', 'CmuEnableConfigurableClk5', 'CmuConfigurableClk5Div', 'CmuEnableConfigurableClk6', 'CmuClk6SourceSelect', 'CmuConfigurableClk6Div', 'CmuEnableConfigurableClk7', 'CmuClk7SourceSelect', 'CmuConfigurableClk7Div'])
[DEBUG] DEBUG: Comparison [CmuConfigurableClock/CmuEnableConfigurableClk7 = 'true'] => [False = True] Result: False
[DEBUG] DEBUG_XPATH: _parse_path('CmuFixedClock/CmuFxdClkSourceSelect') -> parts=['CmuFixedClock', 'CmuFxdClkSourceSelect']
[DEBUG] DEBUG_XPATH: Navigating segment 'CmuFixedClock' (axis=child) from 1 nodes
[DEBUG] DEBUG_XPATH:   Current context node: Cmu_0 (type=container, path=/Mcu/GtmConfiguration/GtmConfiguration_0/Cmu/Cmu_0, children=['CmuConfigurableClock', 'CmuFixedClock', 'CmuExternalClock'])
[DEBUG] DEBUG_XPATH: Navigating segment 'CmuFxdClkSourceSelect' (axis=child) from 1 nodes
[DEBUG] DEBUG_XPATH:   Current context node: CmuFixedClock (type=container, path=/Mcu/GtmConfiguration/GtmConfiguration_0/Cmu/Cmu_0/CmuFixedClock, children=['CmuEnableAllFixedClocks', 'CmuFxdClkSourceSelect', 'CmuFxdClkFrequency'])
[DEBUG] DEBUG: Evaluating condition: CmuFixedClock/CmuEnableAllFixedClocks = 'true'
[DEBUG] DEBUG_XPATH: _parse_path('CmuFixedClock/CmuEnableAllFixedClocks') -> parts=['CmuFixedClock', 'CmuEnableAllFixedClocks']
[DEBUG] DEBUG_XPATH: Navigating segment 'CmuFixedClock' (axis=child) from 1 nodes
[DEBUG] DEBUG_XPATH:   Current context node: Cmu_0 (type=container, path=/Mcu/GtmConfiguration/GtmConfiguration_0/Cmu/Cmu_0, children=['CmuConfigurableClock', 'CmuFixedClock', 'CmuExternalClock'])
[DEBUG] DEBUG_XPATH: Navigating segment 'CmuEnableAllFixedClocks' (axis=child) from 1 nodes
[DEBUG] DEBUG_XPATH:   Current context node: CmuFixedClock (type=container, path=/Mcu/GtmConfiguration/GtmConfiguration_0/Cmu/Cmu_0/CmuFixedClock, children=['CmuEnableAllFixedClocks', 'CmuFxdClkSourceSelect', 'CmuFxdClkFrequency'])
[DEBUG] DEBUG: Comparison [CmuFixedClock/CmuEnableAllFixedClocks = 'true'] => [False = True] Result: False
[DEBUG] DEBUG: Evaluating condition: GtmConfiguration/*[1]/GtmGeneral/GTM_TBU_Support = 'true'
[DEBUG] DEBUG_XPATH: _parse_path('GtmConfiguration/*[1]/GtmGeneral/GTM_TBU_Support') -> parts=['GtmConfiguration', '*[1]', 'GtmGeneral', 'GTM_TBU_Support']
[DEBUG] DEBUG_XPATH: Navigating segment 'GtmConfiguration' (axis=child) from 1 nodes
[DEBUG] DEBUG_XPATH:   Current context node: Mcu (type=module, path=/Mcu, children=['McuGeneralConfiguration', 'McuModuleConfiguration', 'McuPublishedInformation', 'GtmConfiguration', 'CommonPublishedInformation'])
[DEBUG] DEBUG_XPATH: Navigating segment '*' (axis=child) from 1 nodes
[DEBUG] DEBUG_XPATH:   Current context node: GtmConfiguration (type=container, path=/Mcu/GtmConfiguration, children=['GtmConfiguration_0', 'GtmConfiguration_1', 'GtmGeneral', 'Cmu', 'Tbu', 'Tom', 'Atom', 'Tim', 'GtmToPeripheral', 'GtmResourceAllocationConf'])
[DEBUG] DEBUG_XPATH: Navigating segment 'GtmGeneral' (axis=child) from 1 nodes
[DEBUG] DEBUG_XPATH:   Current context node: GtmConfiguration_0 (type=container, path=/Mcu/GtmConfiguration/GtmConfiguration_0, children=['GtmGeneral', 'Cmu', 'Tbu', 'Tom', 'Atom', 'Tim', 'GtmToPeripheral', 'GtmResourceAllocationConf'])
[DEBUG] DEBUG_XPATH: Navigating segment 'GTM_TBU_Support' (axis=child) from 1 nodes
[DEBUG] DEBUG_XPATH:   Current context node: GtmGeneral (type=container, path=/Mcu/GtmConfiguration/GtmConfiguration_0/GtmGeneral, children=['GtmGeneral'])Traceback (most recent call last):
  File "/Users/qlwang/Desktop/bsw图形配置工具/run_mcu_gen.py", line 67, in main
    content = eb_engine.render_file(full_template_path, context)
  File "/Users/qlwang/Desktop/bsw图形配置工具/autosar_configurator/generator/eb_template_engine.py", line 100, in render_file
    return self.render(template, context)
           ~~~~~~~~~~~^^^^^^^^^^^^^^^^^^^
  File "/Users/qlwang/Desktop/bsw图形配置工具/autosar_configurator/generator/eb_template_engine.py", line 94, in render
    return self.renderer.render(template, module_name=module_name, initial_variables=extra_vars)
           ~~~~~~~~~~~~~~~~~~~~^^^^^^^^^^^^^^^^^^^^^^^^^^^^^^^^^^^^^^^^^^^^^^^^^^^^^^^^^^^^^^^^^
  File "/Users/qlwang/Desktop/bsw图形配置工具/autosar_configurator/generator/eb/renderer.py", line 239, in render
    self._execute_tokens(tokens, 0, len(tokens))
    ~~~~~~~~~~~~~~~~~~~~^^^^^^^^^^^^^^^^^^^^^^^^
  File "/Users/qlwang/Desktop/bsw图形配置工具/autosar_configurator/generator/eb/renderer.py", line 370, in _execute_tokens
    i = self._handle_nocode(tokens, i, end)
  File "/Users/qlwang/Desktop/bsw图形配置工具/autosar_configurator/generator/eb/renderer.py", line 1598, in _handle_nocode
    self._execute_tokens(tokens, start + 1, nocode_end)
    ~~~~~~~~~~~~~~~~~~~~^^^^^^^^^^^^^^^^^^^^^^^^^^^^^^^
  File "/Users/qlwang/Desktop/bsw图形配置工具/autosar_configurator/generator/eb/renderer.py", line 379, in _execute_tokens
    self._handle_macro_call(token.content)
    ~~~~~~~~~~~~~~~~~~~~~~~^^^^^^^^^^^^^^^
  File "/Users/qlwang/Desktop/bsw图形配置工具/autosar_configurator/generator/eb/renderer.py", line 1797, in _handle_macro_call
    self._execute_tokens(macro_info['tokens'], macro_info['start'], macro_info['end'])
    ~~~~~~~~~~~~~~~~~~~~^^^^^^^^^^^^^^^^^^^^^^^^^^^^^^^^^^^^^^^^^^^^^^^^^^^^^^^^^^^^^^
  File "/Users/qlwang/Desktop/bsw图形配置工具/autosar_configurator/generator/eb/renderer.py", line 355, in _execute_tokens
    i = self._handle_select(tokens, i, end)
  File "/Users/qlwang/Desktop/bsw图形配置工具/autosar_configurator/generator/eb/renderer.py", line 752, in _handle_select
    self._execute_tokens(tokens, start + 1, select_end)
    ~~~~~~~~~~~~~~~~~~~~^^^^^^^^^^^^^^^^^^^^^^^^^^^^^^^
  File "/Users/qlwang/Desktop/bsw图形配置工具/autosar_configurator/generator/eb/renderer.py", line 362, in _execute_tokens
    i = self._handle_for(tokens, i, end)
  File "/Users/qlwang/Desktop/bsw图形配置工具/autosar_configurator/generator/eb/renderer.py", line 1568, in _handle_for
    self._execute_tokens(tokens, start + 1, for_end)
    ~~~~~~~~~~~~~~~~~~~~^^^^^^^^^^^^^^^^^^^^^^^^^^^^
  File "/Users/qlwang/Desktop/bsw图形配置工具/autosar_configurator/generator/eb/renderer.py", line 362, in _execute_tokens
    i = self._handle_for(tokens, i, end)
  File "/Users/qlwang/Desktop/bsw图形配置工具/autosar_configurator/generator/eb/renderer.py", line 1568, in _handle_for
    self._execute_tokens(tokens, start + 1, for_end)
    ~~~~~~~~~~~~~~~~~~~~^^^^^^^^^^^^^^^^^^^^^^^^^^^^
  File "/Users/qlwang/Desktop/bsw图形配置工具/autosar_configurator/generator/eb/renderer.py", line 349, in _execute_tokens
    i = self._handle_if(tokens, i, end)
  File "/Users/qlwang/Desktop/bsw图形配置工具/autosar_configurator/generator/eb/renderer.py", line 648, in _handle_if
    self._execute_tokens(tokens, block_start, block_end)
    ~~~~~~~~~~~~~~~~~~~~^^^^^^^^^^^^^^^^^^^^^^^^^^^^^^^^
  File "/Users/qlwang/Desktop/bsw图形配置工具/autosar_configurator/generator/eb/renderer.py", line 349, in _execute_tokens
    i = self._handle_if(tokens, i, end)
  File "/Users/qlwang/Desktop/bsw图形配置工具/autosar_configurator/generator/eb/renderer.py", line 648, in _handle_if
    self._execute_tokens(tokens, block_start, block_end)
    ~~~~~~~~~~~~~~~~~~~~^^^^^^^^^^^^^^^^^^^^^^^^^^^^^^^^
  File "/Users/qlwang/Desktop/bsw图形配置工具/autosar_configurator/generator/eb/renderer.py", line 386, in _execute_tokens
    i = self._handle_error(tokens, i, end)
  File "/Users/qlwang/Desktop/bsw图形配置工具/autosar_configurator/generator/eb/renderer.py", line 1892, in _handle_error
    raise TemplateParseError(f"Template Error: {message}")
autosar_configurator.generator.eb.errors.TemplateParseError: Parse error: Template Error: [101-00-04-ERROR]: "TIMXCHY and TimChannelPortPinSelect() is mismatching  in /Mcu/GtmConfiguration/GtmConfiguration_0/Tim. The Error node is TIMNone_CHNone"

[DEBUG] DEBUG: Comparison [GtmConfiguration/*[1]/GtmGeneral/GTM_TBU_Support = 'true'] => [False = True] Result: False
[DEBUG] DEBUG_XPATH: _parse_path('GtmConfiguration/*[1]/Tim') -> parts=['GtmConfiguration', '*[1]', 'Tim']
[DEBUG] DEBUG_XPATH: Navigating segment 'GtmConfiguration' (axis=child) from 1 nodes
[DEBUG] DEBUG_XPATH:   Current context node: Mcu (type=module, path=/Mcu, children=['McuGeneralConfiguration', 'McuModuleConfiguration', 'McuPublishedInformation', 'GtmConfiguration', 'CommonPublishedInformation'])
[DEBUG] DEBUG_XPATH: Navigating segment '*' (axis=child) from 1 nodes
[DEBUG] DEBUG_XPATH:   Current context node: GtmConfiguration (type=container, path=/Mcu/GtmConfiguration, children=['GtmConfiguration_0', 'GtmConfiguration_1', 'GtmGeneral', 'Cmu', 'Tbu', 'Tom', 'Atom', 'Tim', 'GtmToPeripheral', 'GtmResourceAllocationConf'])
[DEBUG] DEBUG_XPATH: Navigating segment 'Tim' (axis=child) from 1 nodes
[DEBUG] DEBUG_XPATH:   Current context node: GtmConfiguration_0 (type=container, path=/Mcu/GtmConfiguration/GtmConfiguration_0, children=['GtmGeneral', 'Cmu', 'Tbu', 'Tom', 'Atom', 'Tim', 'GtmToPeripheral', 'GtmResourceAllocationConf'])
[DEBUG] DEBUG_XPATH: _parse_path('*[num:i($Tim_index+1)]/TimChannel/*[num:i($Tim_Channel_index+1)]/TimChannelGeneral/ChannelId') -> parts=['*[num:i($Tim_index+1)]', 'TimChannel', '*[num:i($Tim_Channel_index+1)]', 'TimChannelGeneral', 'ChannelId']
[DEBUG] DEBUG_XPATH: Navigating segment '*' (axis=child) from 1 nodes
[DEBUG] DEBUG_XPATH:   Current context node: Tim (type=container, path=/Mcu/GtmConfiguration/GtmConfiguration_0/Tim, children=['Tim_0', 'Tim_1', 'Tim_2'])
[DEBUG] DEBUG_XPATH: _parse_path('*[num:i($Tim_index+1)]/TimChannel/*[num:i($Tim_Channel_index+1)]/TimChannelGeneral/TimId') -> parts=['*[num:i($Tim_index+1)]', 'TimChannel', '*[num:i($Tim_Channel_index+1)]', 'TimChannelGeneral', 'TimId']
[DEBUG] DEBUG_XPATH: Navigating segment '*' (axis=child) from 1 nodes
[DEBUG] DEBUG_XPATH:   Current context node: Tim (type=container, path=/Mcu/GtmConfiguration/GtmConfiguration_0/Tim, children=['Tim_0', 'Tim_1', 'Tim_2'])
[DEBUG] DEBUG_XPATH: _parse_path('*[num:i($Tim_index+1)]/TimChannel/*[num:i($Tim_Channel_index+1)]/TimChannelGeneral/TimChannelPortPinSelect') -> parts=['*[num:i($Tim_index+1)]', 'TimChannel', '*[num:i($Tim_Channel_index+1)]', 'TimChannelGeneral', 'TimChannelPortPinSelect']
[DEBUG] DEBUG_XPATH: Navigating segment '*' (axis=child) from 1 nodes
[DEBUG] DEBUG_XPATH:   Current context node: Tim (type=container, path=/Mcu/GtmConfiguration/GtmConfiguration_0/Tim, children=['Tim_0', 'Tim_1', 'Tim_2'])
[DEBUG] DEBUG_XPATH: _parse_path('*[num:i($Tim_index+1)]/TimChannel/*[num:i($Tim_Channel_index+1)]/TimChannelGeneral/TimChannelPortPinSelect') -> parts=['*[num:i($Tim_index+1)]', 'TimChannel', '*[num:i($Tim_Channel_index+1)]', 'TimChannelGeneral', 'TimChannelPortPinSelect']
[DEBUG] DEBUG_XPATH: Navigating segment '*' (axis=child) from 1 nodes
[DEBUG] DEBUG_XPATH:   Current context node: Tim (type=container, path=/Mcu/GtmConfiguration/GtmConfiguration_0/Tim, children=['Tim_0', 'Tim_1', 'Tim_2'])
[DEBUG] DEBUG: Evaluating condition: $Par1 != 'TIM_CHAN'
[DEBUG] DEBUG: Comparison [$Par1 != 'TIM_CHAN'] => [ != TIM_CHAN] Result: True
[DEBUG] DEBUG: Evaluating condition: $Par1 != $Par2
[DEBUG] DEBUG: Comparison [$Par1 != $Par2] => [ != TIMNone_CHNone] Result: True
[DEBUG] ERROR: [101-00-04-ERROR]: "TIMXCHY and TimChannelPortPinSelect() is mismatching  in /Mcu/GtmConfiguration/GtmConfiguration_0/Tim. The Error node is TIMNone_CHNone"
Generation failed: Parse error: Template Error: [101-00-04-ERROR]: "TIMXCHY and TimChannelPortPinSelect() is mismatching  in /Mcu/GtmConfiguration/GtmConfiguration_0/Tim. The Error node is TIMNone_CHNone"
